hr,min,sec,ax,ay,az,gx,gy,gz,temp
1,2,36,-0.507520,0.159088,0.873032,26.040001,22.959999,15.260000,26.34
1,2,36,-0.526064,0.182024,0.845216,13.090000,6.160000,13.720000,26.32
1,2,36,-0.515816,0.192272,0.833992,7.630000,5.040000,13.510000,26.36
1,2,36,-0.488488,0.189344,0.826184,6.020000,6.160000,13.580000,26.34
1,2,36,-0.466528,0.199104,0.835456,2.730000,5.740000,9.730000,26.34
1,2,36,-0.466040,0.198128,0.843752,1.750000,3.920000,6.930000,26.32
1,2,36,-0.487024,0.197640,0.852536,2.730000,-0.210000,5.250000,26.34
1,2,36,-0.512888,0.170312,0.857904,8.260000,-5.740000,7.490000,26.36
1,2,36,-0.508008,0.202032,0.851072,8.470000,-7.350000,8.330000,26.36
1,2,36,-0.513864,0.195688,0.849120,5.880000,-8.260000,8.050000,26.34
1,2,36,-0.488976,0.187880,0.835456,5.740000,-10.500000,4.200000,26.38
1,2,36,-0.483608,0.196176,0.838384,-2.030000,-13.370000,1.050000,26.38
1,2,36,-0.485072,0.180072,0.842288,-0.070000,-14.630000,-0.560000,26.35
1,2,36,-0.494832,0.190320,0.850584,1.540000,-13.650000,-1.470000,26.35
1,2,36,-0.514840,0.205448,0.852536,0.490000,-10.780000,-0.210000,26.35
1,2,36,-0.470920,0.214232,0.823744,1.400000,-12.040000,1.120000,26.32
1,2,36,-0.448472,0.180560,0.818864,2.870000,-4.480000,1.820000,26.33
1,2,36,-0.451400,0.199104,0.845216,2.240000,-1.260000,1.050000,26.34
1,2,36,-0.479216,0.201544,0.838872,-0.980000,0.420000,-0.420000,26.30
1,2,36,-0.486536,0.200568,0.847656,-1.960000,-1.120000,-1.470000,26.30
1,2,36,-0.498248,0.204960,0.861808,-4.760000,-3.430000,-1.190000,26.34
1,2,36,-0.495320,0.208864,0.876448,-3.080000,-4.200000,0.490000,26.33
1,2,36,-0.473360,0.206424,0.891576,11.060000,-3.920000,4.620000,26.32
1,2,36,-0.479216,0.205448,0.875472,14.070000,-6.160000,5.180000,26.32
1,2,36,-0.497272,0.212768,0.864248,13.370000,-8.680000,4.550000,26.33
1,2,36,-0.494344,0.221552,0.854488,5.460000,-11.480000,1.820000,26.32
1,2,36,-0.481656,0.202032,0.843264,1.540000,-11.900000,0.840000,26.32
1,2,36,-0.484096,0.198128,0.855464,0.490000,-8.750000,1.470000,26.35
1,2,36,-0.488976,0.196664,0.871080,3.360000,-6.790000,2.240000,26.35
1,2,36,-0.471408,0.217160,0.874496,12.670000,-11.270000,2.240000,26.28
1,2,36,-0.457744,0.226920,0.878888,14.350000,-10.430000,3.220000,26.30
1,2,37,-0.471408,0.223016,0.878888,12.740000,-7.420000,4.270000,26.30
1,2,37,-0.493368,0.221064,0.876448,13.790000,-6.090000,6.090000,26.34
1,2,37,-0.491416,0.233752,0.883768,15.610000,-8.260000,7.280000,26.31
1,2,37,-0.480192,0.264984,0.910608,15.190000,-13.720000,7.280000,26.31
1,2,37,-0.489952,0.269376,0.922808,13.300000,-21.629999,7.140000,26.30
1,2,37,-0.488488,0.250344,0.907192,19.809999,-46.200001,8.330000,26.34
1,2,37,-0.446520,0.218136,0.850584,20.580000,-51.869999,6.720000,26.36
1,2,37,-0.418216,0.228384,0.820328,20.440001,-51.799999,4.270000,26.30
1,2,37,-0.422120,0.264008,0.841312,3.710000,-42.840000,2.310000,26.30
1,2,37,-0.428464,0.269864,0.847656,-6.650000,-38.570000,4.060000,26.39
1,2,37,-0.444080,0.298168,0.852048,-17.010000,-34.020000,3.780000,26.34
1,2,37,-0.402112,0.191296,0.893040,-18.270000,-29.260000,3.710000,26.34
1,2,37,-0.339160,0.245464,0.835944,8.050000,-31.850000,1.540000,26.32
1,2,37,-0.307440,0.270840,0.824720,3.430000,-28.209999,0.840000,26.34
1,2,37,-0.304024,0.285480,0.817400,-8.190000,-14.910000,1.330000,26.32
1,2,37,-0.286456,0.264496,0.869128,-15.050000,-2.800000,2.730000,26.30
1,2,37,-0.297680,0.244000,0.904752,-17.639999,8.190000,3.640000,26.30
1,2,37,-0.296216,0.224480,0.914512,-9.100000,8.470000,4.200000,26.32
1,2,37,-0.316224,0.226432,0.905240,0.490000,5.810000,2.520000,26.33
1,2,37,-0.393328,0.202032,0.927688,-10.010000,10.360000,-0.420000,26.36
1,2,37,-0.382592,0.216672,0.913048,-10.150000,-1.120000,-0.840000,26.30
1,2,37,-0.376736,0.211792,0.907680,-15.540000,1.400000,-0.630000,26.30
1,2,37,-0.370880,0.208864,0.915488,-15.610000,5.250000,-0.630000,26.33
1,2,37,-0.372832,0.202520,0.925736,-10.220000,7.840000,-0.070000,26.35
1,2,37,-0.376736,0.207888,0.947208,-4.900000,6.440000,1.120000,26.35
1,2,37,-0.383080,0.201544,0.960384,-0.070000,2.310000,1.890000,26.33
1,2,37,-0.416752,0.198128,0.938424,3.360000,-5.390000,1.400000,26.32
1,2,37,-0.444568,0.190320,0.946720,-2.030000,-9.380000,2.660000,26.28
1,2,37,-0.406016,0.183000,0.954528,3.780000,-8.260000,2.940000,26.28
1,2,37,-0.380640,0.202032,0.965752,5.180000,-8.400000,5.880000,26.36
1,2,37,-0.376736,0.198128,0.959896,15.820000,-9.590000,6.860000,26.34
1,2,37,-0.363560,0.211304,0.941352,19.320000,-10.710000,9.310000,26.35
1,2,37,-0.373320,0.199104,0.896944,19.950001,-9.380000,7.840000,26.35
1,2,37,-0.363072,0.203496,0.847168,17.360001,-5.950000,6.160000,26.38
1,2,37,-0.317200,0.245464,0.866200,-0.700000,8.400000,6.790000,26.32
1,2,37,-0.341600,0.250344,0.883768,-1.750000,14.070000,5.390000,26.33
1,2,37,-0.371368,0.248392,0.861320,-5.810000,14.420000,4.830000,26.33
1,2,37,-0.312808,0.252784,0.900848,-7.560000,15.680000,4.690000,26.30
1,2,37,-0.292312,0.203008,0.880840,13.930000,14.840000,3.360000,26.33
1,2,37,-0.366488,0.222528,0.880840,22.260000,16.170000,3.290000,26.33
1,2,37,-0.361608,0.185928,0.912560,38.639999,22.469999,6.930000,26.33
1,2,37,-0.431392,0.329400,0.877424,46.830002,24.990000,9.590000,26.33
1,2,37,-0.394304,0.290848,0.863760,30.940001,24.010000,10.710000,26.30
1,2,37,-0.435784,0.301096,0.851072,28.280001,23.240000,9.590000,26.35
1,2,37,-0.453840,0.295240,0.808616,38.150002,26.809999,12.040000,26.35
1,2,37,-0.460672,0.355752,0.770552,37.799999,26.950001,17.150000,26.37
1,2,37,-0.500688,0.266936,0.885720,18.830000,36.119999,10.780000,26.32
1,2,37,-0.581208,0.299632,0.807640,5.460000,34.509998,2.940000,26.32
1,2,37,-0.397232,0.355264,0.874496,-8.190000,14.560000,3.990000,26.34
1,2,37,-0.411384,0.335744,0.842776,-16.590000,4.550000,-4.270000,26.39
1,2,37,-0.448960,0.333304,0.869616,-20.510000,-11.130000,-3.850000,26.32
1,2,37,-0.436760,0.325496,0.885720,-8.540000,-23.030001,-1.330000,26.32
1,2,37,-0.403576,0.372344,0.923784,-0.210000,-28.420000,4.340000,26.32
1,2,37,-0.423096,0.312320,0.885232,-9.940000,-24.430000,-2.310000,26.32
1,2,37,-0.465064,0.281088,0.846680,-3.850000,-15.820000,2.800000,26.34
1,2,38,-0.406016,0.302072,0.852048,-7.140000,-1.960000,8.050000,26.37
1,2,38,-0.400648,0.313784,0.878400,-17.010000,-13.440000,5.740000,26.31
1,2,38,-0.415288,0.286456,0.882304,-21.840000,-16.030001,2.170000,26.36
1,2,38,-0.430416,0.278160,0.858880,-24.150000,-15.960000,1.680000,26.36
1,2,38,-0.441640,0.277184,0.845704,-32.130001,-16.799999,1.400000,26.34
1,2,38,-0.450912,0.251320,0.826184,-34.369999,-21.910000,-2.590000,26.34
1,2,38,-0.460672,0.245952,0.834480,-19.600000,-30.240000,-6.790000,26.34
1,2,38,-0.498248,0.257176,0.942816,-29.330000,-29.959999,-10.570000,26.35
1,2,38,-0.494344,0.213744,0.939400,-35.630001,-25.340000,-8.330000,26.34
1,2,38,-0.463600,0.182512,0.925248,-14.910000,-26.600000,-0.070000,26.27
1,2,38,-0.350384,0.205448,0.936960,1.400000,-35.419998,-1.050000,26.32
1,2,38,-0.331840,0.199104,0.908168,7.420000,-46.340000,-9.310000,26.32
1,2,38,-0.325496,0.226920,0.867176,13.510000,-58.240002,-10.780000,26.36
1,2,38,-0.308416,0.274256,0.877424,4.900000,-61.459999,-9.170000,26.33
1,2,38,-0.131272,0.117120,0.841312,-4.830000,-142.520004,-62.580002,26.33
1,2,38,0.053680,0.276696,0.991616,68.389999,-90.230003,-10.850000,26.32
1,2,38,-0.017080,0.187880,1.040904,39.689999,-63.560001,-5.810000,26.36
1,2,38,-0.051240,0.174704,0.996984,2.660000,-38.220001,-9.660000,26.36
1,2,38,-0.124440,0.266448,0.985760,7.910000,-23.100000,-15.470000,26.38
1,2,38,-0.118584,0.246928,1.024800,13.860000,-18.200001,-20.510000,26.34
1,2,38,-0.066856,0.208864,1.052128,6.370000,-42.700001,-32.549999,26.34
1,2,38,-0.033184,0.293776,0.864736,-91.000000,-111.300003,-38.500000,26.32
1,2,38,0.026840,0.231312,0.916464,-94.989998,-101.849998,-30.660000,26.30
1,2,38,0.085888,0.203984,1.118008,-67.410004,-70.000000,-24.709999,26.33
1,2,38,0.110776,0.156160,1.170712,-12.530000,-24.709999,-26.389999,26.33
1,2,38,0.010248,0.154208,1.116544,-13.650000,-13.790000,-12.040000,26.33
1,2,38,0.023424,0.113704,1.046760,21.490000,10.780000,-10.430000,26.36
1,2,38,0.054168,0.182024,1.048712,56.000000,13.650000,-9.240000,26.33
1,2,38,0.061976,0.270840,1.037000,34.720001,-10.360000,1.190000,26.32
1,2,38,0.073200,0.236680,0.983808,15.050000,5.670000,1.890000,26.32
1,2,38,0.037088,0.323056,1.002840,-8.050000,24.500000,9.730000,26.37
1,2,38,0.054168,0.282552,0.942328,-25.620001,66.290001,19.320000,26.34
1,2,38,-0.022448,0.182024,0.921344,-34.720001,106.540001,21.770000,26.34
1,2,38,-0.054656,0.183976,0.945744,-29.889999,127.680000,31.639999,26.37
1,2,38,0.111264,0.135176,1.015040,25.969999,73.849998,31.219999,26.34
1,2,38,-0.467016,0.143960,0.882792,-42.630001,-49.349998,-18.129999,26.29
1,2,38,-0.269864,0.365512,0.811056,-86.660004,-21.280001,16.730000,26.29
1,2,38,0.106384,0.325008,0.940864,-103.040001,47.320000,34.090000,26.37
1,2,38,0.097112,0.216672,1.021872,-115.500000,86.940002,34.439999,26.33
1,2,38,-0.093696,0.123464,1.035536,-105.910004,100.800003,26.530001,26.33
1,2,38,-0.174704,0.078568,1.042856,-49.630001,90.019997,19.459999,26.33
1,2,38,-0.252784,0.126392,0.991616,-3.640000,58.730000,23.520000,26.33
1,2,38,-0.077592,-0.030256,1.063840,-57.259998,-18.410000,2.660000,26.31
1,2,38,-0.080520,-0.067832,1.077504,-41.299999,-0.420000,-2.100000,26.41
1,2,38,-0.102968,0.005368,1.039928,-18.059999,-6.440000,3.010000,26.41
1,2,38,-0.131272,0.076128,1.045784,-22.820000,10.360000,9.660000,26.37
1,2,38,-0.146400,0.070272,0.984296,-34.860001,13.510000,8.610000,26.36
1,2,38,-0.218136,0.049776,1.190232,17.080000,-3.080000,4.340000,26.32
1,2,38,-0.175680,0.133712,0.925736,-36.259998,-14.490000,-0.140000,26.32
1,2,38,-0.184952,0.071248,0.854976,-122.849998,8.890000,5.600000,26.34
1,2,38,-0.145912,0.016592,0.871080,-132.929993,18.760000,5.390000,26.34
1,2,39,-0.146888,-0.028304,0.880840,-123.129997,21.139999,4.060000,26.33
1,2,39,-0.186904,-0.074176,0.880840,-93.309998,8.820000,-4.970000,26.31
1,2,39,-0.204960,-0.175680,0.894992,5.390000,-16.940001,-18.129999,26.31
1,2,39,-0.135664,-0.250832,1.024800,47.529999,-43.540001,-34.369999,26.31
1,2,39,-0.056608,-0.044408,1.146800,50.540001,-58.939999,-33.529999,26.32
1,2,39,0.041968,-0.022448,1.174128,-38.990002,-11.760000,-7.210000,26.32
1,2,39,0.042944,-0.119072,1.065792,-31.780001,9.870000,7.560000,26.32
1,2,39,0.015128,-0.132736,0.974536,19.879999,20.930000,13.370000,26.34
1,2,39,-0.021960,-0.082472,0.960872,48.720001,18.690001,15.050000,26.34
1,2,39,-0.094672,-0.003904,0.976488,45.639999,9.870000,11.270000,26.34
1,2,39,-0.178120,0.048312,0.940864,19.320000,-9.940000,5.180000,26.34
1,2,39,-0.178120,0.035136,0.929640,-7.070000,-14.000000,-3.290000,26.31
1,2,39,-0.126392,-0.075152,0.881328,-39.480000,3.500000,6.090000,26.34
1,2,39,-0.285968,-0.206424,1.095072,30.100000,21.770000,8.680000,26.34
1,2,39,-0.141520,-0.047336,1.146800,-26.670000,-18.340000,-8.120000,26.33
1,2,39,-0.094184,-0.062464,1.099952,-45.570000,-21.280001,-8.540000,26.34
1,2,39,-0.051728,-0.101992,1.025288,-48.790001,-15.960000,-6.090000,26.35
1,2,39,-0.029280,-0.135664,0.982344,-47.459999,2.660000,0.980000,26.35
1,2,39,-0.052216,-0.160064,0.920856,-37.380001,16.520000,4.970000,26.34
1,2,39,-0.232776,-0.149328,1.010648,60.340000,9.030000,6.090000,26.32
1,2,39,-0.162016,-0.031720,1.046272,51.939999,-9.940000,-3.990000,26.33
1,2,39,-0.135176,0.058560,1.075552,5.810000,-31.290001,-13.370000,26.35
1,2,39,-0.111264,0.014152,1.053104,-30.170000,-31.570000,-12.460000,26.35
1,2,39,-0.085400,-0.068320,0.979904,-51.240002,-18.340000,-8.680000,26.38
1,2,39,-0.036600,-0.136152,0.882304,-53.900002,-2.310000,-4.690000,26.36
1,2,39,-0.045384,-0.195688,0.880352,-41.020000,17.010000,0.210000,26.30
1,2,39,-0.089304,-0.107360,0.882304,-17.990000,25.200001,-13.090000,26.34
1,2,39,-0.026352,0.015616,0.852048,-48.650002,8.750000,-31.709999,26.34
1,2,39,-0.018544,0.021472,0.865712,-90.790001,7.070000,-43.610001,26.34
1,2,39,-0.050752,-0.044408,0.843264,-133.000000,12.810000,-51.590000,26.34
1,2,39,-0.093696,-0.168360,0.809104,-154.490005,22.750000,-48.790001,26.34
1,2,39,-0.162504,-0.259128,0.874008,-182.350006,36.189999,-55.860001,26.38
1,2,39,-0.044896,-0.283528,0.849608,-191.869995,41.790001,-55.299999,26.37
1,2,39,0.028304,-0.553880,0.835456,-150.149994,47.459999,-54.040001,26.32
1,2,39,-0.151280,-0.747616,0.968680,-157.850006,58.310001,-41.509998,26.32
1,2,39,-0.187880,-0.752008,0.951600,-145.600006,70.910004,-20.930000,26.37
1,2,39,-0.157136,-0.718336,0.877912,-133.630005,92.470001,-3.920000,26.35
1,2,39,-0.176168,-0.545584,0.770064,-148.119995,107.730003,20.790001,26.35
1,2,39,-0.235704,-0.471896,0.662216,-179.339996,124.599998,28.910000,26.35
1,2,39,-0.336232,-0.514840,0.651968,-183.259995,135.660004,35.139999,26.37
1,2,39,-0.320616,-0.398208,0.750056,84.910004,-28.910000,-146.649994,26.33
1,2,39,-0.111752,-0.129320,0.548512,-50.750000,-66.919998,-167.089996,26.32
1,2,39,0.026352,-0.269864,0.868640,-134.399994,-45.849998,-132.789993,26.32
1,2,39,-0.040992,-0.633424,1.006744,-168.419998,18.129999,-40.950001,26.36
1,2,39,0.046848,-0.833992,0.975024,-172.479996,35.139999,6.930000,26.36
1,2,39,0.069784,-0.997960,0.998936,-207.339996,48.299999,73.430000,26.36
1,2,39,-0.156648,-0.854488,0.872056,-260.609985,88.900002,137.690002,26.34
1,2,39,-0.301584,-0.399672,0.169824,-5.460000,25.620001,83.440002,26.38
1,2,39,-0.437248,-0.586576,0.302072,51.799999,-7.840000,-17.709999,26.38
1,2,39,-1.094096,-0.820816,0.433344,51.730000,-88.059998,-189.490005,26.37
1,2,39,-1.152168,-0.871568,0.496784,-79.309998,-153.649994,-216.720001,26.36
1,2,39,-0.621712,-0.393328,0.424072,-98.279999,-167.089996,-236.809998,26.36
1,2,39,-0.374296,-0.414312,0.379664,-114.660004,-201.600006,-277.829987,26.40
1,2,40,0.636352,-0.944280,0.528992,-296.869995,-58.939999,-73.849998,26.35
1,2,40,0.454328,-0.835456,-0.137128,-227.009995,-30.940001,50.119999,26.39
1,2,40,0.436272,-0.750544,-0.152744,-107.519997,-61.880001,139.020004,26.33
1,2,40,0.358192,-1.190720,0.752496,-158.690002,-4.550000,96.739998,26.33
1,2,40,-0.250832,-1.093608,0.447008,-190.050003,-13.090000,35.490002,26.37
1,2,40,-0.280112,-0.736880,-0.004392,-174.160004,-52.220001,-7.560000,26.35
1,2,40,-0.001464,-0.870104,0.176656,-175.770004,-54.880001,-21.000000,26.35
1,2,40,0.149328,-1.113128,-0.074176,-76.720001,-34.930000,-41.230000,26.34
1,2,40,0.209352,-1.111664,-0.093696,-34.650002,-26.670000,-6.440000,26.37
1,2,40,0.245464,-1.002352,-0.008784,7.700000,-16.940001,21.559999,26.32
1,2,40,0.086376,-0.986736,0.108824,-23.520000,-6.300000,-5.180000,26.35
1,2,40,0.085400,-1.037488,0.015616,-3.360000,-1.890000,3.010000,26.38
1,2,40,0.081984,-1.034072,0.022448,4.760000,0.000000,1.610000,26.33
1,2,40,0.077104,-1.020408,0.065880,10.990000,0.910000,-0.280000,26.31
1,2,40,0.082960,-0.994544,0.101016,-7.140000,-2.730000,0.630000,26.35
1,2,40,0.081984,-1.011136,0.078568,-9.590000,-3.290000,1.400000,26.37
1,2,40,0.081008,-1.016016,0.055144,-8.120000,-3.360000,0.560000,26.37
1,2,40,0.082960,-1.039440,0.051728,-2.800000,-1.470000,0.210000,26.37
1,2,40,0.066368,-0.990640,0.040016,2.170000,-1.050000,-2.240000,26.40
1,2,40,0.097112,-1.038952,0.081984,5.110000,-0.700000,0.000000,26.40
1,2,40,0.075640,-0.979416,0.083448,3.010000,-1.050000,-0.070000,26.35
1,2,40,0.072712,-1.012112,0.057096,-5.600000,-2.520000,1.190000,26.31
1,2,40,0.076616,-1.020896,0.048312,-1.960000,-1.960000,-0.490000,26.34
1,2,40,0.081008,-1.018456,0.051240,1.190000,-1.470000,-1.050000,26.34
1,2,40,0.079544,-1.002352,0.061976,2.100000,-0.700000,0.630000,26.39
1,2,40,0.084912,-1.018456,0.075640,2.170000,-1.680000,0.140000,26.35
1,2,40,0.090768,-0.997472,0.077592,-0.630000,-1.610000,0.910000,26.37
1,2,40,0.086376,-1.009184,0.067832,-2.590000,-2.170000,0.490000,26.37
1,2,40,0.087840,-1.000888,0.061488,-3.080000,-2.240000,-0.280000,26.36
1,2,40,0.145424,-1.037488,0.115168,1.960000,-0.350000,-15.260000,26.36
1,2,40,0.162016,-0.975024,0.102480,-8.470000,-5.880000,10.780000,26.33
1,2,40,0.142984,-0.999424,0.096136,-14.770000,17.709999,20.790001,26.33
1,2,40,0.070272,-1.029192,0.025864,-11.270000,-5.250000,20.930000,26.38
1,2,40,0.060512,-1.022848,0.038552,-1.960000,-2.940000,14.560000,26.34
1,2,40,0.037088,-0.993080,0.034648,2.450000,-1.610000,2.380000,26.34
1,2,40,0.040016,-0.993080,0.047824,4.620000,-3.360000,-11.200000,26.32
1,2,40,0.085888,-1.015040,0.078080,-6.720000,-4.340000,8.120000,26.34
1,2,40,0.098088,-0.996008,0.041968,-11.620000,-3.360000,9.590000,26.31
1,2,40,0.043432,-1.023824,0.025376,-7.840000,-3.920000,1.190000,26.34
1,2,40,0.071248,-1.022848,0.033184,-0.490000,-2.940000,-2.450000,26.34
1,2,40,0.060512,-1.000400,0.046360,1.890000,-1.330000,-5.810000,26.36
1,2,40,0.088816,-1.020408,0.072712,0.700000,-1.260000,-1.960000,26.35
1,2,40,0.106384,-0.997472,0.075640,-3.990000,-1.470000,3.640000,26.35
1,2,40,0.072712,-0.999912,0.060024,-24.570000,-5.740000,11.340000,26.37
1,2,40,0.067344,-1.007720,0.049288,-28.559999,-9.030000,10.570000,26.34
1,2,40,0.040016,-0.997472,0.034648,-27.160000,-6.860000,3.500000,26.37
1,2,40,0.046848,-1.018944,0.017568,-24.500000,-6.860000,-0.840000,26.37
1,2,40,0.066368,-1.019432,-0.000488,-20.860001,-4.270000,-2.240000,26.32
1,2,40,0.050752,-1.020896,-0.003904,-14.070000,-2.870000,-3.780000,26.32
1,2,40,0.075640,-1.024312,-0.019032,-7.070000,-1.050000,-6.650000,26.36
1,2,40,0.082472,-1.013576,0.011224,-0.910000,-1.400000,-2.310000,26.36
1,2,40,0.084912,-1.012600,0.012688,-2.170000,-3.010000,-0.560000,26.36
1,2,40,0.084912,-1.008208,0.011224,-3.010000,-2.660000,-0.070000,26.36
1,2,41,0.081496,-1.005280,0.009760,-3.920000,-2.590000,0.700000,26.34
1,2,41,0.078568,-1.017480,-0.002440,-2.170000,-2.940000,1.540000,26.34
1,2,41,0.080520,-1.017480,-0.000488,0.700000,-1.960000,3.920000,26.38
1,2,41,0.061000,-1.016504,-0.000488,4.550000,-2.450000,1.400000,26.37
1,2,41,0.086864,-1.009672,0.016592,-0.910000,-3.220000,-0.210000,26.36
1,2,41,0.100528,-1.012600,0.015128,-3.010000,-3.080000,3.570000,26.38
1,2,41,0.095160,-1.008696,0.016104,-5.530000,-3.080000,10.570000,26.38
1,2,41,0.038064,-1.011624,-0.013176,-14.630000,-3.150000,2.310000,26.36
1,2,41,0.060512,-1.005768,-0.023912,-4.130000,-0.840000,-3.150000,26.30
1,2,41,0.063928,-1.027728,-0.037088,-3.360000,-1.470000,-3.500000,26.30
1,2,41,0.079056,-1.027240,-0.042944,17.709999,-1.330000,-0.350000,26.37
1,2,41,0.042456,-1.004792,-0.007808,5.320000,-1.120000,-2.660000,26.34
1,2,41,0.050264,-1.002352,-0.007320,3.640000,-0.700000,-4.410000,26.37
1,2,41,0.038552,-1.005768,-0.008296,1.750000,-0.490000,-9.240000,26.37
1,2,41,0.054168,-1.009672,-0.015128,0.700000,0.070000,-10.360000,26.36
1,2,41,0.067344,-1.019432,-0.021472,2.450000,-0.420000,-10.010000,26.38
1,2,41,0.101504,-1.029192,-0.009760,3.430000,-1.470000,-1.540000,26.38
1,2,41,0.121024,-1.007720,0.006344,3.850000,-1.260000,5.180000,26.34
1,2,41,0.067832,-1.011136,0.001952,-6.860000,-3.990000,8.610000,26.36
1,2,41,0.056608,-0.995032,-0.017568,-11.480000,-3.780000,7.770000,26.37
1,2,41,0.043920,-1.014064,-0.040504,-7.840000,-7.210000,7.840000,26.29
1,2,41,0.072712,-1.029192,-0.031232,-7.490000,-7.140000,9.310000,26.29
1,2,41,0.065880,-1.016504,-0.027816,-6.230000,-7.210000,13.580000,26.39
1,2,41,0.061488,-1.009184,-0.010248,-3.780000,-3.640000,9.870000,26.36
1,2,41,0.024888,-1.001864,-0.032208,-2.380000,-1.960000,-0.980000,26.36
1,2,41,0.065392,-1.014064,-0.025864,7.280000,-1.120000,-11.340000,26.39
1,2,41,0.092232,-1.020896,-0.014152,8.190000,-2.520000,-4.760000,26.35
1,2,41,0.078080,-0.997960,-0.008296,5.180000,1.330000,-0.560000,26.37
1,2,41,0.055144,-1.018944,0.000000,2.450000,-1.120000,-1.680000,26.37
1,2,41,0.061488,-0.990640,-0.005856,-0.420000,17.570000,-6.300000,26.39
1,2,41,0.053192,-1.007720,-0.020984,-0.910000,0.280000,-13.020000,26.38
1,2,41,0.057096,-1.019432,-0.017568,-0.840000,1.330000,-14.070000,26.35
1,2,41,0.076128,-1.012112,-0.056608,9.100000,0.770000,-18.900000,26.37
1,2,41,0.119072,-1.012600,-0.014640,9.870000,1.190000,-14.140000,26.37
1,2,41,0.098088,-1.001376,0.014152,7.840000,-0.210000,-8.750000,26.38
1,2,41,0.100528,-1.012112,0.019032,3.640000,-0.560000,-4.130000,26.38
1,2,41,0.095648,-1.006744,0.011712,-2.100000,-0.910000,-0.630000,26.38
1,2,41,0.095160,-1.003816,-0.002440,-7.630000,0.280000,-1.260000,26.37
1,2,41,0.091256,-1.018944,-0.014640,-4.760000,-0.910000,-1.680000,26.32
1,2,41,0.101016,-1.018456,-0.017080,-1.960000,-1.120000,0.770000,26.37
1,2,41,0.075640,-1.016016,-0.013664,6.440000,0.070000,-4.340000,26.32
1,2,41,0.086864,-1.006256,0.000488,4.550000,-0.840000,-0.910000,26.32
1,2,41,0.101504,-1.002840,-0.008296,3.990000,-2.660000,2.870000,26.38
1,2,41,0.092232,-1.014064,-0.011224,3.920000,-3.080000,2.240000,26.33
1,2,41,0.083936,-1.017480,-0.009272,5.390000,-3.570000,-0.140000,26.33
1,2,41,0.093208,-1.006256,-0.000976,5.530000,-4.900000,-0.280000,26.42
1,2,41,0.105896,-0.997960,0.015128,0.630000,-3.920000,1.190000,26.37
1,2,41,0.095160,-1.017968,-0.009272,-7.490000,-3.430000,7.840000,26.34
1,2,41,0.081496,-1.013576,-0.009760,-6.160000,-2.870000,4.970000,26.37
1,2,41,0.056608,-1.008696,-0.035136,-3.780000,-1.400000,-0.420000,26.37
1,2,41,0.070272,-1.017968,-0.037576,-2.030000,-1.400000,-4.130000,26.36
1,2,41,0.081496,-1.007720,-0.026352,3.290000,-0.910000,-4.760000,26.38
1,2,41,0.116144,-1.014064,-0.002928,4.690000,-0.910000,-0.560000,26.38
1,2,41,0.109800,-1.005280,0.002440,3.500000,-1.330000,4.830000,26.39
1,2,42,0.076616,-1.014552,-0.013664,-0.210000,-5.600000,-0.420000,26.34
1,2,42,0.086376,-1.012600,-0.012688,2.030000,-5.600000,0.700000,26.33
1,2,42,0.103944,-1.014064,0.003904,3.430000,-1.400000,2.450000,26.33
1,2,42,0.084424,-1.002352,-0.003416,-1.470000,-1.610000,5.530000,26.34
1,2,42,0.070272,-1.019920,-0.014640,0.490000,-1.540000,-2.380000,26.35
1,2,42,0.082960,-1.009672,-0.012200,2.730000,-1.330000,-1.260000,26.36
1,2,42,0.101992,-1.004304,0.001952,-0.280000,-1.610000,2.380000,26.36
1,2,42,0.095160,-1.013088,-0.026352,-3.430000,-2.870000,2.590000,26.40
1,2,42,0.099064,-1.016504,-0.017080,-1.400000,-1.960000,5.250000,26.41
1,2,42,0.104920,-1.008696,-0.018544,-0.420000,-2.170000,6.930000,26.35
1,2,42,0.081984,-1.015040,-0.014640,-0.350000,-2.590000,7.770000,26.35
1,2,42,0.062464,-1.008696,-0.007320,-1.890000,-1.260000,7.490000,26.37
1,2,42,0.063928,-1.008696,-0.012688,-4.900000,-3.010000,6.440000,26.39
1,2,42,0.081984,-1.020408,-0.015616,-6.090000,-1.260000,5.320000,26.42
1,2,42,0.082960,-0.995032,-0.006344,3.220000,-1.960000,2.800000,26.38
1,2,42,0.121024,-1.008696,0.001952,-6.230000,-2.730000,12.390000,26.38
1,2,42,0.072712,-1.005280,-0.006832,-11.620000,-3.220000,16.170000,26.39
1,2,42,0.060024,-1.008696,-0.021472,-16.450001,-3.570000,12.460000,26.34
1,2,42,0.034648,-0.996496,-0.045384,-19.600000,-4.830000,4.970000,26.34
1,2,42,0.044896,-1.012600,-0.050264,-13.580000,-4.690000,-1.330000,26.34
1,2,42,0.062464,-1.032608,-0.057584,0.070000,-0.980000,-3.570000,26.40
1,2,42,0.075152,-1.016016,-0.017568,-3.080000,-1.960000,9.520000,26.38
1,2,42,0.054656,-0.991128,-0.024888,-6.090000,-2.450000,10.290000,26.38
1,2,42,0.060512,-1.018456,-0.026840,-7.000000,-2.660000,6.300000,26.41
1,2,42,0.027816,-1.008696,-0.056608,-7.350000,-2.800000,-1.330000,26.41
1,2,42,0.035136,-1.023336,-0.070760,-2.450000,-2.450000,-8.540000,26.36
1,2,42,0.088816,-1.023824,-0.055144,3.360000,-2.380000,-3.290000,26.43
1,2,42,0.107360,-1.016504,-0.034160,2.170000,-1.400000,7.000000,26.43
1,2,42,0.014640,-0.996496,-0.039040,-0.280000,-1.750000,-4.550000,26.38
1,2,42,0.036112,-1.013576,-0.046360,-3.220000,-2.170000,-11.480000,26.40
1,2,42,0.086376,-1.018944,-0.027816,-3.640000,-1.610000,-5.810000,26.39
1,2,42,0.114192,-1.023336,-0.032208,-5.110000,-2.240000,10.780000,26.38
1,2,42,0.083936,-1.027728,-0.028304,-9.310000,-2.800000,18.480000,26.38
1,2,42,0.047824,-1.001376,-0.030256,-15.050000,-3.990000,17.780001,26.42
1,2,42,0.029768,-0.992592,-0.043920,-18.059999,-3.920000,5.320000,26.39
1,2,42,0.076128,-1.034072,-0.096624,-3.360000,-1.050000,-9.380000,26.40
1,2,42,0.080520,-1.034072,-0.072224,6.440000,-0.350000,-3.220000,26.40
1,2,42,0.084424,-1.016504,-0.057584,6.650000,-0.980000,3.430000,26.45
1,2,42,0.056608,-1.008696,-0.045872,2.170000,-2.170000,5.110000,26.37
1,2,42,0.044896,-1.007232,-0.055144,-0.630000,-3.150000,3.850000,26.37
1,2,42,0.049776,-1.006744,-0.062952,-1.190000,-3.780000,2.170000,26.42
1,2,42,0.051728,-1.007232,-0.065880,2.660000,-2.940000,-0.280000,26.38
1,2,42,0.059536,-1.006256,-0.055632,5.110000,-3.430000,-0.770000,26.34
1,2,42,0.039528,-1.009672,-0.058560,6.020000,-2.870000,-4.550000,26.41
1,2,42,0.043432,-1.010648,-0.052216,7.910000,-2.170000,-8.400000,26.41
1,2,42,0.049776,-1.009184,-0.050264,8.470000,-2.380000,-10.080000,26.40
1,2,42,0.063440,-1.020408,-0.043432,9.590000,-3.850000,-9.730000,26.39
1,2,42,0.089792,-0.996008,-0.024888,7.490000,-3.360000,-6.720000,26.39
1,2,42,0.075152,-1.003328,-0.035136,2.870000,-3.220000,-3.990000,26.39
1,2,42,0.068808,-0.996984,-0.046848,1.470000,-1.190000,-14.700000,26.41
1,2,42,0.062464,-1.010160,-0.042456,2.170000,-0.560000,-16.730000,26.37
1,2,43,0.081496,-1.016992,-0.040992,0.910000,-0.070000,-16.730000,26.41
1,2,43,0.088816,-1.016992,-0.045384,0.280000,-0.840000,-12.880000,26.41
1,2,43,0.135664,-1.024800,-0.040016,-2.800000,6.300000,14.630000,26.37
1,2,43,0.035624,-1.043832,-0.074664,-4.060000,-2.660000,-14.560000,26.35
1,2,43,0.079056,-1.005768,-0.025864,3.780000,-6.020000,-5.110000,26.39
1,2,43,0.071736,-1.016016,-0.038064,10.570000,-1.610000,-0.770000,26.36
1,2,43,0.079544,-0.977952,-0.028304,11.550000,-1.400000,-6.370000,26.36
1,2,43,0.071736,-1.006256,-0.032696,13.160000,-2.030000,-9.730000,26.39
1,2,43,0.082472,-0.999912,-0.051728,15.400000,-1.330000,-11.550000,26.42
1,2,43,0.095160,-1.040416,-0.047336,18.059999,-4.690000,-2.380000,26.42
1,2,43,0.142984,-0.988200,-0.000488,12.530000,-3.640000,6.860000,26.41
1,2,43,0.065392,-1.017480,-0.003416,4.620000,-4.690000,4.060000,26.38
1,2,43,0.061976,-1.000400,0.003904,1.820000,-1.680000,-1.820000,26.40
1,2,43,0.117608,-1.026752,-0.040992,2.940000,0.070000,-0.770000,26.39
1,2,43,0.112240,-1.013576,-0.027328,4.550000,1.120000,1.330000,26.42
1,2,43,0.097112,-1.003328,-0.013664,5.180000,0.210000,2.520000,26.40
1,2,43,0.082472,-1.003328,0.002928,0.840000,-1.330000,1.960000,26.40
1,2,43,0.074176,-0.992592,-0.009272,-1.820000,-1.820000,1.120000,26.43
1,2,43,0.086376,-1.002352,-0.034648,-4.130000,-1.400000,2.730000,26.38
1,2,43,0.088328,-1.043344,-0.052704,-0.210000,-0.420000,0.700000,26.44
1,2,43,0.093696,-0.985272,0.005368,6.720000,-0.560000,0.910000,26.38
1,2,43,0.092720,-1.017480,0.002440,3.150000,-1.890000,0.630000,26.38
1,2,43,0.090768,-1.009184,-0.004392,-3.500000,-2.660000,0.140000,26.42
1,2,43,0.086864,-1.006744,-0.013176,-5.460000,-3.010000,0.630000,26.36
1,2,43,0.088816,-1.011624,-0.029768,-6.300000,-2.660000,0.350000,26.39
1,2,43,0.092232,-1.024312,-0.041480,-1.050000,-1.680000,0.490000,26.39
1,2,43,0.087840,-1.011136,-0.030744,4.060000,-0.840000,0.070000,26.42
1,2,43,0.090280,-1.012600,-0.020008,-2.730000,-2.380000,0.490000,26.39
1,2,43,0.090768,-1.014552,-0.020008,-2.660000,-4.270000,1.960000,26.42
1,2,43,0.090768,-1.000888,-0.024888,-3.220000,-3.990000,1.540000,26.42
1,2,43,0.078080,-1.014552,-0.036112,1.400000,-5.110000,1.120000,26.41
1,2,43,0.084424,-1.012112,-0.033672,4.270000,-4.760000,-0.140000,26.42
1,2,43,0.090768,-1.024800,-0.030256,6.230000,-5.320000,0.070000,26.39
1,2,43,0.084424,-1.012600,-0.019520,6.160000,-5.670000,-0.420000,26.39
1,2,43,0.088328,-1.008696,-0.007808,2.590000,-4.690000,0.280000,26.36
1,2,43,0.095160,-1.015040,-0.016104,1.470000,-3.150000,0.980000,26.43
1,2,43,0.094184,-1.014064,-0.020984,2.240000,-1.610000,0.910000,26.41
1,2,43,0.092720,-1.013576,-0.009272,1.680000,-1.190000,0.630000,26.41
1,2,43,0.086376,-1.002352,-0.008296,0.210000,-1.400000,0.070000,26.38
1,2,43,0.081984,-1.005280,-0.003416,-1.750000,-1.190000,-0.280000,26.38
1,2,43,0.091256,-1.003816,-0.012688,-4.480000,-1.820000,0.560000,26.38
1,2,43,0.090280,-1.016504,-0.015616,2.100000,-0.140000,-0.140000,26.41
1,2,43,0.091256,-1.012112,-0.019520,1.400000,-0.840000,-0.280000,26.41
1,2,43,0.081496,-1.025776,-0.020496,2.170000,-0.070000,-0.070000,26.40
1,2,43,0.086376,-1.016504,-0.025376,3.710000,-1.260000,-1.050000,26.39
1,2,43,0.101504,-1.014552,-0.029280,5.320000,-1.820000,-0.350000,26.39
1,2,43,0.092232,-1.007720,-0.014640,4.690000,-1.540000,0.140000,26.40
1,2,43,0.081008,-1.018944,-0.011224,5.390000,-1.890000,-0.210000,26.35
1,2,43,0.097600,-1.008208,-0.010248,-1.050000,-1.400000,0.630000,26.38
1,2,43,0.089304,-1.018456,-0.008296,-1.540000,-1.400000,-0.280000,26.38
1,2,43,0.093696,-1.004792,-0.005368,-1.400000,-1.260000,-0.770000,26.37
1,2,43,0.095648,-0.999424,-0.121024,-4.830000,-1.330000,1.050000,26.41
1,2,44,0.077104,-1.825608,0.510936,-79.239998,-91.209999,186.130005,26.44
1,2,44,-0.466040,-0.653920,-0.071248,35.070000,42.000000,-94.709999,26.42
1,2,44,0.135664,-1.438136,0.311344,-36.750000,-36.889999,-30.520000,26.37
1,2,44,0.145912,-1.096048,-0.173240,-7.350000,2.800000,-5.740000,26.41
1,2,44,0.100528,-1.003816,-0.246440,34.930000,12.880000,-4.620000,26.41
1,2,44,0.094184,-1.057984,-0.158600,61.180000,15.820000,0.210000,26.41
1,2,44,0.115168,-1.000888,0.049288,50.119999,-0.980000,11.970000,26.42
1,2,44,0.046360,-0.932080,0.084912,-1.820000,-0.770000,5.950000,26.40
1,2,44,0.048312,-1.003328,-0.007320,-24.010000,-6.790000,-1.050000,26.37
1,2,44,0.056608,-1.003816,-0.153720,-22.049999,-3.430000,-4.270000,26.37
1,2,44,0.087352,-0.999912,-0.061000,3.990000,-0.560000,3.850000,26.43
1,2,44,0.062952,-1.001864,-0.078080,-0.560000,-1.050000,4.200000,26.44
1,2,44,0.043432,-1.016016,-0.095648,-1.400000,-1.190000,-0.490000,26.41
1,2,44,0.040992,-1.015528,-0.079544,1.540000,-1.400000,-2.800000,26.41
1,2,44,0.069296,-1.002840,-0.064416,1.050000,-1.260000,-2.030000,26.42
1,2,44,0.077104,-1.012600,-0.062952,1.540000,-1.190000,0.490000,26.45
1,2,44,0.069296,-1.002352,-0.069296,0.700000,-1.050000,1.260000,26.45
1,2,44,0.073200,-1.015528,-0.091256,-1.120000,-1.120000,-3.010000,26.42
1,2,44,0.064416,-1.007232,-0.090768,0.070000,-0.560000,-2.100000,26.43
1,2,44,0.064904,-1.007720,-0.080520,2.660000,0.210000,-1.120000,26.40
1,2,44,0.070760,-1.015528,-0.063440,2.870000,-0.420000,1.540000,26.39
1,2,44,0.046848,-1.006256,-0.057584,-3.010000,-1.960000,7.210000,26.39
1,2,44,0.087840,-0.988200,-0.072712,-8.890000,-2.730000,8.680000,26.41
1,2,44,0.047336,-1.014552,-0.087840,-7.770000,-3.080000,2.940000,26.41
1,2,44,0.034648,-1.018456,-0.101992,1.190000,-0.560000,-3.220000,26.41
1,2,44,0.070760,-1.009184,-0.075640,3.220000,-0.910000,-0.910000,26.41
1,2,44,0.081008,-1.008696,-0.066856,2.730000,-1.470000,1.400000,26.43
1,2,44,0.093208,-1.001864,-0.059048,-0.630000,-2.030000,1.750000,26.41
1,2,44,0.061000,-0.996984,-0.074664,-2.240000,-1.890000,0.420000,26.41
1,2,44,0.059048,-1.018456,-0.088328,-2.310000,-0.910000,-0.140000,26.43
1,2,44,0.074176,-0.985760,-0.088328,-1.680000,1.260000,0.700000,26.37
1,2,44,0.039040,-1.031632,-0.111752,-1.050000,-0.280000,-2.660000,26.40
1,2,44,0.064416,-0.984784,-0.041968,1.120000,-0.980000,3.010000,26.44
1,2,44,0.057584,-1.013576,-0.072712,-6.580000,-3.430000,1.540000,26.44
1,2,44,0.055632,-1.008208,-0.095648,-4.200000,-2.380000,1.050000,26.43
1,2,44,0.055632,-1.017480,-0.094672,0.280000,-1.400000,-0.350000,26.42
1,2,44,0.103944,-0.993080,-0.102480,1.750000,-0.700000,0.840000,26.42
1,2,44,0.037088,-0.971120,-0.107360,7.770000,7.350000,-18.340000,26.41
1,2,44,-0.042456,-1.043832,-0.080032,13.510000,3.430000,-22.959999,26.43
1,2,44,0.121512,-1.020896,-0.016592,-30.240000,-0.350000,27.719999,26.37
1,2,44,0.067344,-1.008208,-0.095648,-34.930000,-4.340000,30.450001,26.38
1,2,44,-0.002440,-1.003328,-0.140056,-23.799999,-7.630000,17.990000,26.38
1,2,44,-0.045872,-1.017480,-0.183000,-8.190000,-2.310000,-6.720000,26.41
1,2,44,0.029768,-1.024312,-0.157136,11.270000,3.360000,-23.730000,26.41
1,2,44,0.068808,-1.016992,-0.109312,24.920000,6.930000,-22.049999,26.41
1,2,44,0.099552,-1.021384,-0.054656,23.170000,4.480000,-14.840000,26.41
1,2,44,0.038064,-1.022848,-0.081496,-19.809999,-5.320000,17.290001,26.40
1,2,44,0.024400,-1.009672,-0.120048,-12.600000,-3.850000,2.520000,26.38
1,2,44,0.030256,-1.009184,-0.147376,-0.070000,-0.210000,-10.080000,26.38
1,2,44,0.020496,-1.030656,-0.151280,12.600000,4.410000,-17.290001,26.45
1,2,45,-0.113216,-1.008696,-0.187392,-5.600000,-2.590000,-25.900000,26.39
1,2,45,0.093208,-0.997960,-0.090768,10.640000,-1.050000,3.850000,26.43
1,2,45,0.064904,-1.020408,-0.092232,7.700000,-2.310000,8.890000,26.43
1,2,45,0.045384,-0.994056,-0.098088,5.740000,2.870000,-13.510000,26.39
1,2,45,0.086864,-1.008696,-0.094672,6.300000,-0.280000,-6.930000,26.43
1,2,45,0.112728,-1.006744,-0.067344,-1.890000,-2.870000,6.930000,26.37
1,2,45,0.082472,-1.001864,-0.083936,-7.630000,-4.340000,16.240000,26.37
1,2,45,0.048312,-1.016992,-0.106872,-7.280000,-3.710000,10.500000,26.41
1,2,45,-0.007320,-0.996984,-0.119072,-1.540000,-1.190000,-4.130000,26.38
1,2,45,0.030744,-1.007232,-0.106384,3.080000,4.690000,-12.250000,26.38
1,2,45,0.096136,-1.006744,-0.075640,7.210000,-0.700000,0.420000,26.38
1,2,45,0.107848,-1.001864,-0.061976,-5.950000,-4.270000,11.340000,26.38
1,2,45,0.085400,-1.001864,-0.070760,-11.900000,-5.250000,16.450001,26.42
1,2,45,0.047336,-1.005768,-0.099064,-12.040000,-4.550000,10.080000,26.42
1,2,45,0.008296,-1.007232,-0.137616,-5.670000,-2.660000,-1.260000,26.41
1,2,45,0.027328,-1.025288,-0.123464,5.180000,-1.610000,-9.450000,26.42
1,2,45,0.014152,-1.017968,-0.092232,12.460000,-0.350000,-3.710000,26.42
1,2,45,0.099064,-0.985272,-0.060024,2.520000,-1.820000,4.830000,26.37
1,2,45,0.050752,-1.001864,-0.074176,-4.970000,-2.380000,1.680000,26.37
1,2,45,0.058072,-1.022848,-0.094672,-7.630000,-3.220000,2.310000,26.45
1,2,45,0.059536,-1.005768,-0.101016,-5.180000,-3.010000,6.720000,26.43
1,2,45,0.051240,-1.018944,-0.094672,-3.150000,-2.800000,6.580000,26.43
1,2,45,0.048800,-0.997960,-0.095648,-2.940000,-3.080000,5.530000,26.43
1,2,45,0.044896,-1.007232,-0.107360,-2.730000,-3.780000,2.940000,26.39
1,2,45,0.080520,-1.008208,-0.095648,-1.820000,-2.590000,3.780000,26.37
1,2,45,0.072224,-1.007720,-0.103456,-4.340000,-3.220000,9.730000,26.37
1,2,45,0.055632,-1.002840,-0.109312,-5.600000,-3.080000,8.120000,26.45
1,2,45,-0.000976,-1.008208,-0.132736,-3.220000,-2.380000,5.180000,26.40
1,2,45,0.042456,-0.999912,-0.102480,-3.850000,-2.100000,2.660000,26.40
1,2,45,0.027328,-0.996008,-0.113216,-2.730000,-0.840000,-1.960000,26.45
1,2,45,0.066856,-1.006256,-0.111264,-2.170000,-0.490000,-3.360000,26.43
1,2,45,0.085400,-1.005280,-0.126880,-3.710000,-0.280000,4.830000,26.37
1,2,45,0.033184,-1.015040,-0.118096,-3.290000,-2.310000,5.600000,26.43
1,2,45,0.047824,-1.006744,-0.088328,-4.060000,-1.680000,5.390000,26.43
1,2,45,0.068320,-0.999424,-0.086864,-10.570000,-1.820000,7.560000,26.40
1,2,45,0.050752,-1.005280,-0.108336,-13.300000,-3.500000,9.800000,26.38
1,2,45,0.026352,-0.995520,-0.132248,-11.200000,-2.240000,1.890000,26.42
1,2,45,-0.006344,-1.014552,-0.178608,-3.710000,-1.400000,-9.240000,26.42
1,2,45,0.054168,-1.006256,-0.094184,5.320000,-2.450000,11.340000,26.39
1,2,45,0.020984,-0.956968,-0.126880,1.260000,-1.120000,0.280000,26.43
1,2,45,-0.017568,-1.013088,-0.100528,-1.190000,-1.330000,-7.070000,26.46
1,2,45,0.086864,-1.006744,-0.106872,-3.640000,-1.750000,-3.220000,26.43
1,2,45,0.071248,-1.006744,-0.108336,-6.090000,-2.800000,7.210000,26.43
1,2,45,0.045872,-1.008696,-0.117608,-6.300000,-2.240000,9.450000,26.41
1,2,45,0.028792,-0.999912,-0.118096,-6.580000,-2.240000,5.600000,26.39
1,2,45,0.035136,-1.006744,-0.163968,5.390000,0.000000,-10.220000,26.45
1,2,45,0.051240,-1.015528,-0.131272,16.799999,2.380000,-8.960000,26.45
1,2,45,0.060512,-1.004304,-0.108824,17.920000,3.570000,-8.120000,26.43
1,2,45,0.043920,-1.000400,-0.089304,13.020000,1.470000,-7.840000,26.42
1,2,45,0.078568,-1.007232,-0.069296,2.310000,-1.190000,-3.080000,26.42
1,2,46,0.067344,-1.002840,-0.101992,5.460000,-0.350000,-1.890000,26.40
1,2,46,0.041968,-1.005768,-0.116144,-2.450000,-1.260000,-3.290000,26.39
1,2,46,0.047336,-0.993080,-0.104920,3.360000,0.280000,-2.030000,26.43
1,2,46,0.074664,-1.004304,-0.101016,3.850000,-1.120000,1.400000,26.46
1,2,46,0.056120,-0.999424,-0.099064,1.050000,-2.310000,3.570000,26.46
1,2,46,0.041968,-1.009184,-0.111264,-0.350000,-2.590000,4.130000,26.41
1,2,46,0.025864,-1.019920,-0.116144,0.280000,-1.960000,-0.980000,26.40
1,2,46,0.042944,-1.008208,-0.119072,1.610000,-1.540000,-2.730000,26.40
1,2,46,0.052704,-1.000400,-0.115656,2.590000,-1.190000,-3.920000,26.42
1,2,46,0.060512,-1.001864,-0.099552,0.700000,-2.380000,3.080000,26.42
1,2,46,0.050752,-1.005280,-0.112240,-1.890000,-2.730000,2.940000,26.43
1,2,46,0.047336,-1.006744,-0.114680,-1.960000,-2.380000,2.100000,26.39
1,2,46,0.040504,-1.008208,-0.116144,0.140000,-0.490000,-1.050000,26.39
1,2,46,0.020496,-0.983808,-0.113704,4.690000,-1.260000,-7.560000,26.45
1,2,46,0.084424,-1.021872,-0.116632,3.570000,-0.910000,-3.500000,26.40
1,2,46,0.073688,-0.987224,-0.114192,3.570000,-1.330000,-1.330000,26.40
1,2,46,0.050752,-1.011136,-0.106872,4.060000,-1.610000,-1.960000,26.45
1,2,46,0.042944,-1.009672,-0.135664,1.470000,-2.590000,-0.700000,26.40
1,2,46,0.010248,-1.004304,-0.113216,2.380000,2.380000,-6.580000,26.45
1,2,46,0.076128,-1.007232,-0.128344,7.280000,-0.560000,-4.690000,26.45
1,2,46,-0.006832,-0.996984,-0.122000,11.200000,2.940000,-18.059999,26.44
1,2,46,0.061976,-1.027728,-0.108336,15.470000,3.290000,-18.340000,26.42
1,2,46,0.063928,-0.980392,-0.082472,14.420000,4.340000,-19.530001,26.45
1,2,46,0.110776,-1.029192,-0.059536,4.130000,-1.610000,-2.940000,26.45
1,2,46,0.048800,-1.017968,-0.112240,-4.900000,-3.500000,6.230000,26.45
1,2,46,0.037576,-0.996496,-0.117120,-0.420000,-1.750000,-0.350000,26.42
1,2,46,0.050264,-1.017968,-0.111264,3.360000,0.070000,-7.000000,26.42
1,2,46,0.069784,-1.002352,-0.096624,4.690000,-0.140000,-4.830000,26.42
1,2,46,0.085400,-1.007720,-0.089304,2.520000,-0.840000,0.280000,26.38
1,2,46,0.075640,-1.007232,-0.083448,-1.610000,-2.380000,4.130000,26.41
1,2,46,0.063928,-1.005280,-0.097112,-2.310000,-2.380000,3.360000,26.41
1,2,46,0.071248,-1.006744,-0.093696,2.730000,-0.840000,-1.750000,26.43
1,2,46,0.073688,-1.006256,-0.086864,1.050000,-1.540000,1.120000,26.44
1,2,46,0.077104,-1.002840,-0.094672,-1.260000,-2.170000,2.520000,26.44
1,2,46,0.069296,-1.008696,-0.099064,-1.330000,-2.100000,2.170000,26.43
1,2,46,0.061000,-1.008696,-0.104920,0.490000,-1.540000,0.210000,26.43
1,2,46,0.064416,-1.007720,-0.101016,1.400000,-1.120000,-0.910000,26.41
1,2,46,0.068808,-1.007232,-0.097112,1.540000,-1.330000,-0.770000,26.42
1,2,46,0.078080,-1.006744,-0.098088,-0.140000,-1.750000,1.050000,26.41
1,2,46,0.064416,-1.004304,-0.103944,0.280000,-1.540000,-0.140000,26.41
1,2,46,0.063928,-1.011624,-0.099552,0.910000,-1.540000,0.000000,26.43
1,2,46,0.067832,-1.007720,-0.100040,0.420000,-1.680000,0.770000,26.41
1,2,46,0.062952,-1.010160,-0.100528,0.420000,-1.540000,0.210000,26.41
1,2,46,0.061488,-1.006256,-0.098576,0.700000,-1.610000,0.070000,26.41
1,2,46,0.069784,-1.007232,-0.095160,0.560000,-1.610000,-0.140000,26.41
1,2,46,0.068808,-1.006256,-0.097112,0.630000,-1.470000,0.350000,26.39
1,2,46,0.068808,-1.005768,-0.098088,0.070000,-1.610000,0.770000,26.41
1,2,46,0.068320,-1.007720,-0.101504,0.280000,-1.680000,0.140000,26.41
1,2,46,0.066856,-1.004304,-0.100040,0.770000,-1.470000,-0.070000,26.46
1,2,46,0.066368,-1.005768,-0.098576,0.770000,-1.400000,-0.210000,26.46
1,2,46,0.066368,-1.008696,-0.100528,0.350000,-1.470000,0.210000,26.42
1,2,47,0.068320,-1.005768,-0.094672,0.210000,-1.540000,-0.070000,26.44
1,2,47,0.069784,-1.006744,-0.097112,0.700000,-1.400000,0.070000,26.45
1,2,47,0.071736,-1.009184,-0.096624,0.490000,-1.540000,0.210000,26.41
1,2,47,0.069784,-1.007232,-0.097112,0.140000,-1.680000,0.350000,26.41
1,2,47,0.069296,-1.007232,-0.098576,-0.280000,-1.680000,0.560000,26.41
1,2,47,0.067832,-1.007720,-0.103456,0.350000,-1.680000,0.700000,26.43
1,2,47,0.066856,-1.005768,-0.099552,0.700000,-1.470000,17.780001,26.39
1,2,47,0.069296,-1.005768,-0.097112,0.770000,-1.400000,-0.420000,26.39
1,2,47,0.070760,-1.005768,-0.100040,0.210000,-1.610000,0.840000,26.41
1,2,47,0.066856,-1.008208,-0.100528,0.420000,-1.540000,0.630000,26.42
1,2,47,0.066368,-1.008208,-0.096624,0.770000,-1.470000,-0.070000,26.41
1,2,47,0.068808,-1.007720,-0.094672,0.630000,-1.400000,-0.280000,26.41
1,2,47,0.069296,-1.007232,-0.100040,0.070000,-1.540000,0.210000,26.47
1,2,47,0.069784,-1.006256,-0.097112,0.490000,-1.470000,0.490000,26.46
1,2,47,0.071736,-1.005768,-0.098088,0.490000,-1.540000,0.490000,26.46
1,2,47,0.070272,-1.007720,-0.096624,0.420000,-1.680000,0.420000,26.43
1,2,47,0.061488,-1.007232,-0.102480,0.140000,-1.610000,0.560000,26.39
1,2,47,0.069784,-1.003328,-0.097112,0.910000,-1.470000,0.210000,26.43
1,2,47,0.068320,-1.007720,-0.094184,0.840000,-1.610000,0.280000,26.44
1,2,47,0.068320,-1.006256,-0.096136,0.210000,-1.400000,0.140000,26.44
1,2,47,0.072224,-1.006256,-0.102480,-0.140000,-1.540000,0.630000,26.45
1,2,47,0.064416,-1.010160,-0.101504,0.000000,-1.610000,0.280000,26.42
1,2,47,0.069784,-1.013576,-0.095648,0.000000,-1.680000,1.050000,26.39
1,2,47,0.072712,-1.002352,-0.094672,-1.190000,-2.310000,2.730000,26.43
1,2,47,0.068320,-1.008208,-0.095160,-1.680000,-2.310000,3.220000,26.43
1,2,47,0.071736,-1.008208,-0.097112,-2.590000,-2.940000,4.830000,26.41
1,2,47,0.060512,-0.996984,-0.104432,-2.450000,-2.310000,4.200000,26.45
1,2,47,0.061976,-1.014064,-0.110776,-0.420000,-1.960000,-0.070000,26.43
1,2,47,0.047336,-1.000400,-0.109312,2.590000,-0.840000,-3.500000,26.43
1,2,47,0.074176,-1.007720,-0.094184,1.680000,-0.630000,-2.730000,26.42
1,2,47,0.071248,-1.005280,-0.097600,-2.240000,-2.800000,4.760000,26.39
1,2,47,0.072712,-1.008208,-0.096624,-3.360000,-3.220000,5.250000,26.45
1,2,47,0.054168,-1.012112,-0.103456,-4.270000,-2.520000,4.340000,26.45
1,2,47,0.038064,-1.002352,-0.109800,-2.030000,-1.820000,0.000000,26.46
1,2,47,0.041480,-1.015528,-0.111264,2.520000,-0.980000,-5.180000,26.41
1,2,47,0.099064,-1.003328,-0.104432,3.640000,-1.750000,-1.750000,26.41
1,2,47,0.051728,-0.983320,-0.110288,2.940000,-0.630000,-4.620000,26.44
1,2,47,0.071736,-1.004792,-0.096624,-3.850000,-3.640000,5.880000,26.39
1,2,47,0.069296,-1.004304,-0.110288,-4.060000,-2.590000,3.780000,26.44
1,2,47,0.054656,-0.997960,-0.114192,-2.240000,-2.030000,0.840000,26.42
1,2,47,0.066368,-1.016016,-0.108336,-0.490000,-1.400000,-0.420000,26.42
1,2,47,0.061488,-1.005768,-0.108824,1.470000,-0.980000,-1.960000,26.46
1,2,47,0.069296,-1.004792,-0.097600,1.610000,-1.400000,0.770000,26.43
1,2,47,0.065880,-1.003816,-0.098088,-0.140000,-1.820000,1.470000,26.43
1,2,47,0.061488,-1.009184,-0.102480,2.030000,-1.050000,-1.890000,26.44
1,2,47,0.075640,-1.007232,-0.095160,0.280000,-1.680000,1.890000,26.46
1,2,47,0.069784,-1.002840,-0.094184,-2.030000,-2.240000,4.340000,26.42
1,2,47,0.046848,-1.010648,-0.109800,-1.540000,-2.310000,2.310000,26.42
1,2,47,0.045384,-1.004304,-0.114192,-0.070000,-1.050000,-1.960000,26.44
1,2,47,0.072224,-1.000888,-0.105408,0.980000,-1.540000,0.420000,26.37
1,2,47,0.059048,-1.004792,-0.104432,1.890000,-0.210000,-3.710000,26.42
1,2,47,0.069784,-1.009672,-0.094672,3.710000,-0.070000,-1.190000,26.45
1,2,48,0.092232,-1.007232,-0.078080,-2.660000,-3.290000,6.020000,26.45
1,2,48,0.082960,-1.002840,-0.086376,-8.890000,-5.670000,12.530000,26.45
1,2,48,0.075152,-1.016504,-0.097600,-13.020000,-7.630000,18.830000,26.46
1,2,48,0.048800,-0.987712,-0.112240,-13.930000,-4.550000,17.639999,26.46
1,2,48,-0.037088,-1.004792,-0.145912,-8.190000,-2.660000,-4.060000,26.43
1,2,48,0.011712,-1.025776,-0.137128,5.110000,0.140000,-10.290000,26.43
1,2,48,0.080520,-1.001864,-0.082472,0.070000,-2.940000,5.530000,26.41
1,2,48,0.077104,-1.001864,-0.093208,-5.180000,-4.480000,9.730000,26.45
1,2,48,0.048800,-1.010160,-0.110288,-7.350000,-3.360000,7.070000,26.45
1,2,48,0.012688,-0.997472,-0.131272,-2.170000,-1.400000,-2.590000,26.46
1,2,48,0.049776,-1.018456,-0.131760,3.780000,-0.140000,-5.880000,26.46
1,2,48,0.070760,-1.003328,-0.103944,4.550000,-0.490000,-0.840000,26.46
1,2,48,0.073688,-1.007232,-0.094672,1.050000,-1.540000,2.380000,26.45
1,2,48,0.046848,-1.007720,-0.118096,-3.290000,-2.660000,2.380000,26.39
1,2,48,0.061488,-1.009184,-0.119072,-1.400000,-2.030000,2.730000,26.41
1,2,48,0.044408,-1.000888,-0.118096,0.280000,-1.330000,1.960000,26.41
1,2,48,0.029280,-1.004792,-0.115656,2.310000,-0.910000,-3.640000,26.43
1,2,48,0.045384,-1.008208,-0.109800,2.450000,-1.260000,-4.060000,26.45
1,2,48,0.077592,-1.005768,-0.104432,1.120000,-2.030000,2.380000,26.45
1,2,48,0.083448,-1.011136,-0.108824,-3.080000,-3.360000,6.650000,26.45
1,2,48,0.062464,-1.010648,-0.107848,-4.480000,-6.930000,11.200000,26.40
1,2,48,-0.008296,-1.001864,-0.148352,-6.300000,-3.360000,-2.870000,26.41
1,2,48,0.022448,-1.005768,-0.148840,5.390000,0.070000,-10.290000,26.47
1,2,48,0.055144,-1.013576,-0.136152,10.990000,0.490000,-9.240000,26.47
1,2,48,0.072712,-1.012112,-0.116144,11.060000,0.560000,-5.320000,26.42
1,2,48,0.074176,-1.007720,-0.102968,5.740000,-1.680000,0.210000,26.43
1,2,48,0.061000,-0.995520,-0.080520,0.000000,-1.820000,5.810000,26.43
1,2,48,0.047824,-1.000400,-0.090280,-6.020000,-2.870000,5.810000,26.38
1,2,48,0.048800,-1.010160,-0.134200,0.910000,-1.960000,2.870000,26.44
1,2,48,0.040504,-0.996984,-0.121024,2.800000,-1.400000,-0.070000,26.50
1,2,48,0.045384,-1.012112,-0.117120,2.940000,-1.820000,-0.910000,26.44
1,2,48,0.046848,-0.999424,-0.116144,3.360000,-0.770000,-2.940000,26.44
1,2,48,0.041968,-1.016504,-0.114680,2.380000,-1.610000,-3.990000,26.45
1,2,48,0.063928,-1.000888,-0.114192,0.980000,-2.660000,1.610000,26.45
1,2,48,0.060512,-1.012600,-0.115168,0.000000,-4.130000,4.130000,26.45
1,2,48,0.024400,-0.997960,-0.129320,-1.960000,-1.890000,-3.080000,26.47
1,2,48,0.055632,-1.022360,-0.122976,1.890000,-1.120000,-4.620000,26.38
1,2,48,0.073200,-1.002840,-0.107848,0.980000,-1.260000,4.060000,26.45
1,2,48,0.049776,-1.009672,-0.110776,-2.310000,-2.590000,4.690000,26.46
1,2,48,0.038552,-1.004792,-0.129320,-3.500000,-3.990000,2.870000,26.46
1,2,48,0.023912,-1.002352,-0.142496,0.700000,-1.610000,-2.870000,26.45
1,2,48,0.026352,-1.013576,-0.142496,7.280000,-2.030000,-8.190000,26.43
1,2,48,0.074176,-1.011624,-0.087352,4.200000,-3.220000,5.950000,26.46
1,2,48,0.071248,-1.000400,-0.089304,-3.360000,-3.780000,7.490000,26.42
1,2,48,0.013176,-1.001376,-0.118096,-5.250000,-3.080000,1.120000,26.42
1,2,48,0.034648,-1.006256,-0.146400,-1.050000,0.210000,-6.650000,26.46
1,2,48,0.031232,-1.007720,-0.141520,6.300000,-0.630000,-11.830000,26.43
1,2,48,0.039528,-1.013576,-0.159576,-0.910000,-1.820000,-5.950000,26.41
1,2,48,0.074664,-0.998448,-0.076128,13.300000,0.420000,-1.330000,26.43
1,2,48,0.044896,-1.008208,-0.123464,-6.930000,-3.500000,1.540000,26.41
1,2,48,0.029768,-1.006744,-0.142008,1.120000,-0.140000,-6.860000,26.42
1,2,48,0.038552,-1.008696,-0.119072,10.010000,2.380000,-9.870000,26.42
1,2,48,0.061976,-1.005768,-0.102968,10.080000,1.470000,-9.030000,26.46
1,2,49,0.087840,-1.017480,-0.085888,2.870000,-2.450000,2.170000,26.43
1,2,49,0.086376,-0.999424,-0.087352,-1.820000,-4.900000,9.590000,26.43
1,2,49,0.041968,-1.007232,-0.104920,-4.830000,-4.060000,7.210000,26.43
1,2,49,0.061000,-1.016992,-0.087352,6.510000,1.820000,-7.700000,26.42
1,2,49,0.088816,-0.993080,-0.085888,-1.190000,0.210000,-0.910000,26.45
1,2,49,0.062952,-1.014064,-0.113216,-3.850000,-3.150000,1.890000,26.45
1,2,49,0.087352,-1.022848,-0.111752,-2.450000,-2.870000,7.630000,26.45
1,2,49,0.058560,-0.993568,-0.085888,-4.130000,-2.450000,10.850000,26.43
1,2,49,0.045384,-1.004304,-0.070272,-9.520000,2.870000,10.010000,26.47
1,2,49,0.058072,-0.997960,-0.096624,-18.059999,3.080000,8.540000,26.44
1,2,49,0.055632,-1.016992,-0.177144,8.610000,-1.750000,-8.050000,26.41
1,2,49,0.070272,-1.027728,-0.130784,16.940001,-0.560000,-2.590000,26.45
1,2,49,0.109800,-1.013088,-0.061000,10.640000,-1.050000,7.490000,26.45
1,2,49,0.057096,-0.987224,-0.054656,-0.700000,-2.870000,11.760000,26.49
1,2,49,0.043432,-0.998448,-0.067832,-10.780000,-4.060000,6.440000,26.43
1,2,49,0.022448,-0.995520,-0.126392,-14.350000,-2.660000,-1.050000,26.43
1,2,49,0.033672,-1.016016,-0.152256,-7.840000,-2.240000,-3.430000,26.49
1,2,49,0.061000,-1.002352,-0.102480,2.870000,-1.890000,6.370000,26.43
1,2,49,0.010248,-0.983808,-0.119560,0.000000,-2.310000,-1.050000,26.42
1,2,49,0.030744,-1.027728,-0.130296,0.490000,-2.520000,-7.700000,26.42
1,2,49,0.072224,-1.000888,-0.117608,3.430000,-0.700000,-0.210000,26.44
1,2,49,0.063928,-1.007720,-0.113704,5.180000,-2.030000,1.400000,26.41
1,2,49,0.076128,-1.000400,-0.101504,2.380000,-1.680000,3.780000,26.42
1,2,49,0.055144,-0.990640,-0.103456,-2.030000,-2.380000,3.220000,26.42
1,2,49,0.045384,-1.009184,-0.125904,6.790000,-1.750000,-1.960000,26.43
1,2,49,0.056608,-1.008208,-0.111264,9.030000,-1.750000,0.210000,26.48
1,2,49,0.054168,-0.993080,-0.085888,6.720000,-0.910000,0.210000,26.42
1,2,49,0.068808,-0.999912,-0.085400,-3.080000,-1.890000,1.750000,26.42
1,2,49,0.048800,-0.999424,-0.108824,-6.370000,-2.660000,1.890000,26.46
1,2,49,0.055144,-1.012600,-0.126880,-4.550000,-2.730000,2.310000,26.41
1,2,49,0.040504,-1.007232,-0.131272,-1.540000,-1.330000,1.190000,26.41
1,2,49,0.038064,-1.014064,-0.127856,3.150000,-0.420000,-1.050000,26.46
1,2,49,0.063440,-0.999912,-0.103456,0.980000,-1.120000,-3.500000,26.41
1,2,49,0.074664,-1.015040,-0.104432,-0.280000,-1.540000,1.540000,26.43
1,2,49,0.060512,-1.001376,-0.109312,-0.420000,-1.540000,2.660000,26.48
1,2,49,0.042456,-1.009184,-0.113216,-0.560000,-1.190000,0.350000,26.48
1,2,49,0.034160,-0.998448,-0.117120,0.280000,0.560000,-3.010000,26.45
1,2,49,0.044896,-1.006744,-0.122488,1.890000,1.750000,-7.210000,26.41
1,2,49,0.055144,-1.011136,-0.127856,3.850000,1.260000,-8.260000,26.41
1,2,49,0.080520,-1.000888,-0.081984,2.730000,-1.050000,1.890000,26.45
1,2,49,0.068808,-1.000400,-0.094184,-2.660000,-2.730000,5.040000,26.47
1,2,49,0.043432,-1.005768,-0.117120,-4.130000,-2.450000,2.590000,26.47
1,2,49,0.045872,-1.006744,-0.121024,-2.030000,-1.400000,0.000000,26.47
1,2,49,0.041968,-1.007720,-0.123464,1.820000,-0.350000,-4.620000,26.43
1,2,49,0.059536,-1.003816,-0.112728,-1.890000,-2.380000,3.780000,26.46
1,2,49,0.052216,-1.005280,-0.111264,1.820000,-0.910000,-3.220000,26.43
1,2,49,0.071248,-1.007720,-0.101992,0.140000,-1.820000,1.260000,26.41
1,2,49,0.072224,-1.004792,-0.104920,-1.400000,-2.170000,3.080000,26.41
1,2,49,0.064416,-1.007720,-0.106872,-1.610000,-2.170000,3.080000,26.41
1,2,49,0.053192,-1.005280,-0.112728,0.000000,-1.680000,1.120000,26.41
1,2,49,0.053680,-1.005280,-0.113704,0.700000,-1.470000,-0.700000,26.44
1,2,49,0.060024,-1.006744,-0.111752,0.910000,-1.120000,-1.610000,26.44
1,2,49,0.061488,-1.008208,-0.105896,1.190000,-1.260000,-1.050000,26.43
1,2,50,0.062464,-1.006256,-0.109800,-0.420000,-1.750000,0.980000,26.45
1,2,50,0.058560,-1.003816,-0.111264,0.070000,-1.610000,0.140000,26.45
1,2,50,0.060024,-1.007720,-0.110288,0.490000,-1.400000,0.070000,26.45
1,2,50,0.056120,-1.001376,-0.110288,0.980000,-1.050000,-0.910000,26.43
1,2,50,0.060024,-1.009184,-0.109800,1.610000,-1.120000,-1.610000,26.43
1,2,50,0.065880,-0.997960,-0.110288,2.030000,-0.350000,-2.590000,26.42
1,2,50,0.065392,-1.007720,-0.113216,3.010000,-0.700000,-5.110000,26.42
1,2,50,0.075640,-1.000400,-0.097600,4.340000,0.490000,-3.640000,26.44
1,2,50,0.078568,-1.007720,-0.091256,1.890000,-0.700000,-2.030000,26.44
1,2,50,0.095648,-1.008696,-0.091256,-1.190000,-1.960000,2.660000,26.45
1,2,50,0.079056,-0.998448,-0.101504,-2.940000,-2.520000,5.530000,26.44
1,2,50,0.055144,-1.014552,-0.109800,-1.890000,-2.310000,3.290000,26.44
1,2,50,0.059536,-1.005280,-0.109800,-0.350000,-1.820000,0.630000,26.46
1,2,50,0.065880,-1.007232,-0.107360,0.280000,-1.610000,0.350000,26.47
1,2,50,0.077104,-1.002352,-0.105408,-0.490000,-1.820000,1.890000,26.45
1,2,50,0.053192,-1.014552,-0.111752,0.420000,-1.400000,-0.910000,26.45
1,2,50,0.054168,-0.999424,-0.110776,1.890000,-0.770000,-4.130000,26.45
1,2,50,0.081008,-1.010648,-0.100528,1.190000,-0.490000,-3.080000,26.48
1,2,50,0.094184,-1.006256,-0.087352,-0.140000,-1.260000,3.920000,26.48
1,2,50,0.067832,-0.995032,-0.101016,-1.400000,-2.310000,4.760000,26.44
1,2,50,0.069296,-1.010648,-0.107360,-1.260000,-2.240000,5.040000,26.46
1,2,50,0.071248,-1.008208,-0.104432,0.840000,-1.260000,-0.770000,26.41
1,2,50,0.076128,-1.008208,-0.101992,-0.140000,-1.750000,1.820000,26.48
1,2,50,0.059536,-1.006256,-0.105896,0.210000,-1.610000,1.260000,26.48
1,2,50,0.059536,-1.010160,-0.107848,0.490000,-1.330000,-0.980000,26.50
1,2,50,0.065392,-1.005280,-0.107360,0.980000,-1.120000,-1.400000,26.46
1,2,50,0.068808,-1.006744,-0.108824,1.260000,-0.910000,-1.400000,26.45
1,2,50,0.067344,-1.008696,-0.104432,1.540000,-1.190000,-1.050000,26.45
1,2,50,0.065880,-1.006256,-0.108824,0.420000,-1.540000,-0.280000,26.42
1,2,50,0.066856,-1.008696,-0.105896,0.980000,-1.330000,-0.140000,26.45
1,2,50,0.060512,-1.001376,-0.106384,1.470000,-1.190000,-1.050000,26.45
1,2,50,0.075640,-1.005280,-0.101016,0.840000,-1.330000,0.070000,26.45
1,2,50,0.067344,-1.009672,-0.104920,0.840000,-1.330000,-0.840000,26.48
1,2,50,0.071736,-1.007720,-0.105408,0.770000,-1.470000,0.070000,26.44
1,2,50,0.065392,-0.997960,-0.105896,1.820000,-0.560000,-1.890000,26.44
1,2,50,0.074176,-1.015528,-0.109312,2.730000,-0.140000,-3.220000,26.43
1,2,50,0.080520,-1.003328,-0.091256,2.450000,-0.420000,0.140000,26.46
1,2,50,0.083448,-1.003816,-0.092720,-0.210000,-1.610000,2.240000,26.45
1,2,50,0.068808,-1.011624,-0.099552,-1.330000,-1.960000,1.750000,26.46
1,2,50,0.061976,-1.004304,-0.113216,-0.420000,-1.330000,-0.560000,26.46
1,2,50,0.065392,-1.012600,-0.112240,2.240000,-0.700000,-2.940000,26.46
1,2,50,0.067344,-1.002352,-0.093696,-3.220000,-1.190000,2.170000,26.46
1,2,50,0.093208,-1.006744,-0.080032,2.520000,-0.140000,-1.120000,26.42
1,2,50,0.085400,-0.999424,-0.098576,-2.660000,-2.310000,5.250000,26.45
1,2,50,0.062952,-1.002840,-0.097600,-3.710000,-1.890000,4.690000,26.47
1,2,50,0.083936,-1.017968,-0.084424,-8.120000,-1.960000,9.030000,26.43
1,2,50,0.090280,-0.992104,-0.091256,-11.200000,-4.060000,15.120000,26.46
1,2,50,0.061488,-1.005768,-0.119560,-13.230000,-4.270000,13.650000,26.46
1,2,50,0.027328,-0.999424,-0.129320,-7.840000,-3.570000,6.860000,26.49
1,2,50,0.027816,-1.010648,-0.148352,-1.680000,-1.680000,-2.450000,26.49
1,2,50,0.089304,-1.019432,-0.091744,2.590000,-2.660000,5.530000,26.44
1,2,50,0.092232,-0.991128,-0.093696,-5.180000,-3.710000,11.480000,26.43
1,2,51,0.049776,-0.996984,-0.105408,-8.680000,-4.830000,11.480000,26.46
1,2,51,0.036600,-0.992592,-0.120536,-7.910000,-5.180000,6.440000,26.50
1,2,51,0.026840,-1.003816,-0.128832,-4.620000,-3.990000,2.100000,26.50
1,2,51,0.047336,-1.004792,-0.136640,-1.750000,-0.840000,-2.870000,26.44
1,2,51,0.041968,-1.006256,-0.131272,5.180000,-0.350000,-5.670000,26.44
1,2,51,0.063440,-1.008696,-0.103944,2.660000,-0.770000,-2.310000,26.41
1,2,51,0.065880,-1.001376,-0.104432,0.420000,-1.470000,0.140000,26.41
1,2,51,0.057584,-1.006256,-0.115168,-0.280000,-1.610000,-0.140000,26.45
1,2,51,0.062952,-1.006744,-0.113704,0.210000,-1.680000,0.350000,26.46
1,2,51,0.064416,-1.005768,-0.112240,0.140000,-1.680000,1.400000,26.46
1,2,51,0.052704,-1.007232,-0.114680,0.280000,-1.610000,0.770000,26.47
1,2,51,0.056120,-1.002840,-0.113704,0.560000,-1.610000,0.000000,26.45
1,2,51,0.058560,-1.003816,-0.116144,1.960000,-0.840000,-2.100000,26.41
1,2,51,0.060512,-1.008696,-0.113216,3.080000,-0.630000,-2.030000,26.41
1,2,51,0.066856,-1.005768,-0.105896,2.450000,-0.840000,-1.120000,26.41
1,2,51,0.066368,-1.002840,-0.102480,0.630000,-1.610000,0.980000,26.47
1,2,51,0.064416,-1.005768,-0.109312,-1.120000,-1.820000,1.680000,26.44
1,2,51,0.053192,-1.006256,-0.118096,-0.140000,-1.540000,-0.210000,26.44
1,2,51,0.049288,-1.006744,-0.116144,1.610000,-1.190000,-1.680000,26.50
1,2,51,0.064416,-1.005768,-0.110776,0.700000,-1.260000,-0.070000,26.46
1,2,51,0.061000,-1.002840,-0.112240,0.630000,-1.260000,-0.490000,26.47
1,2,51,0.061000,-1.007720,-0.108336,0.420000,-1.540000,0.140000,26.44
1,2,51,0.064416,-1.003328,-0.111752,0.350000,-1.540000,0.630000,26.44
1,2,51,0.063928,-1.004304,-0.111752,0.140000,-1.750000,0.910000,26.43
1,2,51,0.056120,-1.006256,-0.110288,0.490000,-1.470000,0.140000,26.44
1,2,51,0.062464,-1.005768,-0.110776,0.490000,-1.470000,-0.140000,26.44
1,2,51,0.066856,-1.005768,-0.108336,0.700000,-1.400000,0.490000,26.47
1,2,51,0.063928,-1.006744,-0.110776,0.350000,-1.610000,0.700000,26.48
1,2,51,0.058560,-1.005768,-0.112240,0.070000,-1.540000,-0.070000,26.49
1,2,51,0.058072,-1.005768,-0.116144,0.770000,-1.330000,-0.840000,26.45
1,2,51,0.060024,-1.005280,-0.112728,1.750000,-0.910000,-2.030000,26.45
1,2,51,0.066856,-1.007232,-0.108824,1.890000,-1.050000,-1.120000,26.45
1,2,51,0.063928,-1.003816,-0.109312,1.400000,-1.120000,-0.700000,26.44
1,2,51,0.063928,-1.005768,-0.108336,-0.420000,-1.890000,1.050000,26.44
1,2,51,0.061488,-1.006744,-0.114680,0.420000,-1.470000,0.070000,26.44
1,2,51,0.060512,-1.007232,-0.114680,0.910000,-1.330000,-0.280000,26.43
1,2,51,0.062464,-1.007232,-0.108824,0.980000,-1.330000,-0.420000,26.48
1,2,51,0.065392,-1.004304,-0.108824,0.560000,-1.470000,0.140000,26.41
1,2,51,0.065392,-1.008208,-0.108336,0.210000,-1.680000,0.630000,26.41
1,2,51,0.067344,-1.002352,-0.110288,0.350000,-1.680000,0.840000,26.43
1,2,51,0.062464,-1.006256,-0.108824,0.910000,-1.470000,0.280000,26.44
1,2,51,0.062952,-1.006256,-0.109312,0.770000,-1.400000,-0.350000,26.47
1,2,51,0.065392,-1.004304,-0.107848,0.490000,-1.400000,-0.140000,26.47
1,2,51,0.062464,-1.006744,-0.107848,0.210000,-1.680000,0.630000,26.46
1,2,51,0.067344,-1.009672,-0.108336,-0.420000,-1.750000,1.750000,26.45
1,2,51,0.056120,-1.003816,-0.112728,0.910000,-1.260000,-0.140000,26.46
1,2,51,0.051728,-1.006744,-0.108336,1.820000,-0.700000,-3.360000,26.46
1,2,51,0.065392,-1.008696,-0.107848,1.470000,-0.770000,-2.660000,26.42
1,2,51,0.061000,-1.009184,-0.109800,0.560000,-1.540000,0.700000,26.43
1,2,51,0.058560,-1.007232,-0.109800,0.840000,-1.260000,-0.490000,26.45
1,2,51,0.065392,-1.005768,-0.107848,0.420000,-1.330000,-0.700000,26.45
1,2,51,0.069296,-1.005280,-0.108336,0.420000,-1.470000,0.560000,26.44
1,2,51,0.067344,-1.006256,-0.108336,0.490000,-1.610000,0.700000,26.47
1,2,51,0.061976,-1.007720,-0.109800,0.350000,-1.540000,0.350000,26.47
1,2,52,0.060024,-1.006256,-0.110288,0.210000,-1.540000,0.000000,26.47
1,2,52,0.067832,-1.004792,-0.108336,1.330000,-1.260000,-0.070000,26.45
1,2,52,0.065880,-1.003816,-0.105408,0.630000,-1.540000,17.850000,26.50
1,2,52,0.066368,-1.005768,-0.110776,0.000000,-1.610000,0.280000,26.45
1,2,52,0.064904,-1.004792,-0.110776,0.490000,-1.470000,0.420000,26.45
1,2,52,0.065392,-1.006256,-0.107848,1.050000,-1.400000,-0.280000,26.46
1,2,52,0.064416,-1.005768,-0.110776,1.120000,-1.330000,-0.350000,26.46
1,2,52,0.061488,-1.008696,-0.107360,1.050000,-1.120000,-1.190000,26.45
1,2,52,0.065392,-1.008208,-0.107848,1.470000,-1.190000,-0.420000,26.43
1,2,52,0.066856,-1.006256,-0.107848,1.680000,-1.190000,-0.280000,26.43
1,2,52,0.066856,-1.005768,-0.104432,1.470000,-1.190000,-0.700000,26.51
1,2,52,0.066856,-1.006744,-0.107848,0.980000,-1.260000,-0.700000,26.48
1,2,52,0.069296,-1.008696,-0.103944,0.910000,-1.400000,0.000000,26.48
1,2,52,0.069296,-1.006744,-0.104432,0.630000,-1.610000,0.490000,26.47
1,2,52,0.069296,-1.005768,-0.106872,0.630000,-1.540000,0.210000,26.46
1,2,52,0.069296,-1.005280,-0.106384,0.700000,-1.470000,0.070000,26.45
1,2,52,0.067832,-1.004304,-0.106384,0.560000,-1.540000,0.490000,26.45
1,2,52,0.074176,-1.003816,-0.107360,0.140000,-1.680000,0.770000,26.45
1,2,52,0.068320,-1.010160,-0.109800,0.070000,-1.610000,0.490000,26.52
1,2,52,0.067344,-1.006744,-0.106872,0.630000,-1.470000,0.070000,26.50
1,2,52,0.065880,-1.006744,-0.106872,0.770000,-1.400000,-0.280000,26.50
1,2,52,0.066368,-1.006744,-0.105408,0.350000,-1.400000,0.070000,26.48
1,2,52,0.061976,-1.005768,-0.108336,0.280000,-1.540000,0.420000,26.49
1,2,52,0.068320,-1.007720,-0.106384,0.350000,-1.610000,0.490000,26.46
1,2,52,0.074664,-1.004304,-0.105408,-0.070000,-1.610000,1.050000,26.46
1,2,52,0.068320,-1.003816,-0.105896,-0.280000,-1.820000,0.980000,26.45
1,2,52,0.069784,-1.008208,-0.105896,-0.350000,-1.680000,1.540000,26.45
1,2,52,0.065392,-1.007232,-0.106872,-0.420000,-2.380000,2.310000,26.46
1,2,52,0.046848,-1.000400,-0.102480,-0.420000,-1.960000,1.400000,26.46
1,2,52,0.064416,-0.998936,-0.111752,0.350000,-1.820000,0.910000,26.51
1,2,52,0.077592,-1.006256,-0.102480,-0.980000,-2.100000,2.030000,26.46
1,2,52,0.079056,-1.011136,-0.106384,-2.590000,-3.360000,7.210000,26.48
1,2,52,0.045384,-1.005280,-0.104920,-3.990000,-4.480000,8.190000,26.48
1,2,52,0.090768,-1.012112,-0.106872,-5.740000,-4.970000,11.900000,26.55
1,2,52,0.053192,-0.999424,-0.121024,-5.950000,-3.850000,10.290000,26.51
1,2,52,0.054168,-1.003328,-0.109800,-3.990000,-3.640000,7.770000,26.48
1,2,52,0.039040,-1.006744,-0.125416,2.170000,-0.840000,-3.570000,26.54
1,2,52,0.072712,-1.005280,-0.107360,-0.280000,-1.960000,1.540000,26.45
1,2,52,0.065392,-1.011136,-0.108824,-1.470000,-2.310000,4.760000,26.45
1,2,52,0.060512,-1.006744,-0.115168,-2.100000,-2.520000,4.830000,26.49
1,2,52,0.045384,-1.004304,-0.116632,-1.470000,-2.100000,2.660000,26.49
1,2,52,0.045872,-1.004792,-0.118584,-0.140000,-1.680000,-0.560000,26.49
1,2,52,0.053680,-1.003816,-0.114192,1.400000,-1.260000,-2.030000,26.43
1,2,52,0.056608,-1.007232,-0.113704,1.330000,-1.260000,-2.030000,26.43
1,2,52,0.055632,-1.004304,-0.111752,0.700000,-1.470000,-0.070000,26.49
1,2,52,0.056608,-1.006744,-0.112240,0.070000,-1.540000,0.490000,26.50
1,2,52,0.055632,-1.004792,-0.115656,0.490000,-1.400000,0.070000,26.46
1,2,52,0.054168,-1.006744,-0.114192,0.840000,-1.400000,-0.560000,26.46
1,2,52,0.056120,-1.004792,-0.113216,1.190000,-1.190000,-1.050000,26.51
1,2,52,0.056120,-1.007720,-0.110776,1.190000,-1.190000,-1.470000,26.46
1,2,52,0.059048,-1.003816,-0.110776,1.120000,-1.400000,-1.120000,26.46
1,2,52,0.062952,-1.004304,-0.115168,-0.700000,-2.030000,2.870000,26.48
1,2,53,0.048800,-1.008696,-0.117120,0.280000,-1.680000,1.330000,26.50
1,2,53,0.051728,-1.002352,-0.115656,0.560000,-1.470000,-0.630000,26.44
1,2,53,0.054656,-1.007720,-0.113704,0.700000,-1.330000,-1.190000,26.44
1,2,53,0.063928,-1.004792,-0.112240,0.630000,-1.610000,0.000000,26.48
1,2,53,0.058072,-1.006744,-0.115656,0.560000,-1.470000,0.560000,26.53
1,2,53,0.056608,-1.006256,-0.113216,0.770000,-1.330000,-0.070000,26.46
1,2,53,0.059048,-1.005768,-0.115656,-0.070000,-1.680000,0.700000,26.47
1,2,53,0.058072,-1.008696,-0.117608,0.560000,-1.680000,0.350000,26.47
1,2,53,0.054656,-1.006256,-0.113216,1.190000,-1.330000,-0.490000,26.48
1,2,53,0.058560,-1.003328,-0.112728,1.120000,-1.120000,-1.400000,26.48
1,2,53,0.056608,-1.006744,-0.110776,1.050000,-1.190000,-1.470000,26.48
1,2,53,0.062464,-1.006256,-0.112728,1.120000,-1.190000,-0.700000,26.51
1,2,53,0.063440,-1.004792,-0.111264,0.700000,-1.540000,0.420000,26.50
1,2,53,0.056120,-1.004304,-0.114680,0.630000,-1.400000,-0.980000,26.49
1,2,53,0.057096,-1.008208,-0.113704,0.910000,-1.190000,-0.980000,26.45
1,2,53,0.061976,-1.004304,-0.114680,1.190000,-1.260000,-0.700000,26.45
1,2,53,0.060512,-1.007232,-0.111264,0.910000,-1.330000,0.280000,26.48
1,2,53,0.061976,-1.005280,-0.110288,0.420000,-1.610000,0.770000,26.46
1,2,53,0.066856,-1.007232,-0.108824,-0.070000,-1.610000,1.260000,26.46
1,2,53,0.061000,-1.004792,-0.111752,-0.210000,-1.680000,0.910000,26.49
1,2,53,0.059536,-1.004792,-0.110776,0.700000,-1.470000,0.210000,26.47
1,2,53,0.058072,-1.006256,-0.109800,0.630000,-1.470000,0.070000,26.50
1,2,53,0.062952,-1.004304,-0.112728,0.420000,-1.610000,-0.280000,26.44
1,2,53,0.064416,-1.007232,-0.111752,0.350000,-1.540000,0.000000,26.44
1,2,53,0.065392,-1.006744,-0.111264,0.000000,-1.680000,1.260000,26.49
1,2,53,0.056120,-1.006256,-0.115168,0.350000,-1.610000,1.050000,26.44
1,2,53,0.058560,-1.006256,-0.111752,0.490000,-1.400000,0.140000,26.44
1,2,53,0.061488,-1.005768,-0.113704,0.490000,-1.470000,0.840000,26.46
1,2,53,0.058560,-1.004304,-0.112728,1.120000,-1.400000,0.070000,26.51
1,2,53,0.060024,-1.004792,-0.108336,0.630000,-1.470000,-0.350000,26.48
1,2,53,0.061976,-1.006744,-0.110288,0.140000,-1.610000,0.140000,26.51
1,2,53,0.060512,-1.007232,-0.112240,0.350000,-1.610000,0.070000,26.51
1,2,53,0.062464,-1.006256,-0.114192,0.700000,-1.470000,0.210000,26.48
1,2,53,0.061000,-1.004792,-0.111264,0.700000,-1.610000,0.210000,26.48
1,2,53,0.061976,-1.008696,-0.111264,0.210000,-1.750000,0.420000,26.47
1,2,53,0.060024,-1.004792,-0.113704,0.350000,-1.540000,0.700000,26.48
1,2,53,0.056608,-1.005280,-0.112240,0.770000,-1.400000,-0.280000,26.41
1,2,53,0.062464,-1.006744,-0.110288,0.560000,-1.400000,-0.210000,26.45
1,2,53,0.061000,-1.003328,-0.109800,0.350000,-1.540000,0.210000,26.47
1,2,53,0.063440,-1.007232,-0.109312,-0.210000,-1.680000,1.400000,26.47
1,2,53,0.061488,-1.004304,-0.110776,-0.210000,-1.680000,1.470000,26.50
1,2,53,0.061000,-1.006744,-0.111752,0.350000,-1.610000,0.910000,26.44
1,2,53,0.059048,-1.005280,-0.113704,0.700000,-1.470000,0.070000,26.45
1,2,53,0.055632,-1.004304,-0.110288,0.910000,-1.330000,-0.700000,26.45
1,2,53,0.063928,-1.003816,-0.111264,0.420000,-1.470000,-0.840000,26.49
1,2,53,0.063440,-1.006256,-0.111264,0.350000,-1.470000,-0.210000,26.50
1,2,53,0.065392,-1.006256,-0.114192,0.420000,-1.540000,0.420000,26.50
1,2,53,0.062952,-1.005280,-0.112240,0.350000,-1.540000,0.770000,26.46
1,2,53,0.058072,-1.006256,-0.112240,0.490000,-1.610000,0.490000,26.45
1,2,54,0.061000,-1.005280,-0.113704,0.490000,-1.540000,0.420000,26.50
1,2,54,0.061000,-1.006744,-0.111264,0.490000,-1.400000,0.350000,26.50
1,2,54,0.063928,-1.006256,-0.110288,0.210000,-1.610000,1.050000,26.50
1,2,54,0.062464,-1.004792,-0.114192,-0.070000,-1.610000,0.840000,26.48
1,2,54,0.059048,-1.006256,-0.114192,0.280000,-1.680000,0.350000,26.47
1,2,54,0.061000,-1.002840,-0.113216,0.350000,-1.610000,0.560000,26.47
1,2,54,0.058072,-1.004304,-0.113216,0.420000,-1.470000,-0.140000,26.51
1,2,54,0.063440,-1.006744,-0.111264,0.070000,-1.610000,0.840000,26.50
1,2,54,0.063440,-1.005280,-0.114680,0.140000,-1.680000,0.840000,26.49
1,2,54,0.056120,-1.006256,-0.115168,0.420000,-1.540000,0.490000,26.49
1,2,54,0.058072,-1.005768,-0.113704,0.560000,-1.470000,-0.070000,26.46
1,2,54,0.063440,-1.004792,-0.110288,0.560000,-1.610000,0.280000,26.49
1,2,54,0.061000,-1.003816,-0.110288,0.210000,-1.540000,0.630000,26.52
1,2,54,0.058560,-1.004304,-0.111752,0.210000,-1.680000,0.210000,26.52
1,2,54,0.060512,-1.005280,-0.112728,0.490000,-1.540000,-0.070000,26.49
1,2,54,0.064416,-1.004304,-0.113216,0.490000,-1.400000,0.070000,26.50
1,2,54,0.061976,-1.006256,-0.110776,0.700000,-1.470000,-0.140000,26.46
1,2,54,0.061976,-1.003328,-0.109800,0.560000,-1.540000,-0.070000,26.46
1,2,54,0.060024,-1.005768,-0.112240,0.140000,-1.540000,0.210000,26.50
1,2,54,0.060024,-1.009184,-0.115168,0.630000,-1.610000,-0.140000,26.48
1,2,54,0.062952,-1.008696,-0.112728,0.910000,-1.400000,-0.210000,26.48
1,2,54,0.062464,-1.006256,-0.111264,0.560000,-1.540000,-0.350000,26.52
1,2,54,0.060024,-1.005280,-0.111264,0.630000,-1.540000,0.070000,26.44
1,2,54,0.058072,-1.009184,-0.111752,0.630000,-1.540000,-0.350000,26.48
1,2,54,0.065880,-1.006256,-0.110776,0.420000,-1.750000,0.700000,26.48
1,2,54,0.061000,-1.005768,-0.111752,0.140000,-1.680000,0.700000,26.48
1,2,54,0.063440,-1.005768,-0.112240,0.210000,-1.610000,0.560000,26.46
1,2,54,0.060512,-1.003328,-0.112728,0.630000,-1.470000,-0.140000,26.49
1,2,54,0.059536,-1.007720,-0.114192,0.700000,-1.470000,-0.490000,26.49
1,2,54,0.066856,-1.004792,-0.109800,0.210000,-1.610000,0.840000,26.49
1,2,54,0.058072,-1.007720,-0.112240,0.140000,-1.610000,0.840000,26.50
1,2,54,0.058072,-1.006744,-0.113216,0.420000,-1.540000,0.280000,26.50
1,2,54,0.058072,-1.006256,-0.114192,0.770000,-1.330000,-0.910000,26.50
1,2,54,0.063440,-1.005280,-0.110776,0.840000,-1.400000,-0.420000,26.45
1,2,54,0.055632,-1.009672,-0.116632,1.750000,-0.840000,-2.100000,26.48
1,2,54,0.070760,-1.010648,-0.106384,1.820000,-0.980000,-0.910000,26.43
1,2,54,0.069784,-1.003816,-0.106384,0.980000,-1.540000,-0.560000,26.46
1,2,54,0.066856,-1.005280,-0.107848,0.070000,-1.610000,-0.140000,26.46
1,2,54,0.065880,-1.007720,-0.111264,0.770000,-1.540000,-0.280000,26.50
1,2,54,0.067832,-1.003816,-0.109312,1.260000,-1.260000,-0.490000,26.45
1,2,54,0.063928,-1.007720,-0.107848,1.050000,-1.400000,-0.630000,26.45
1,2,54,0.064416,-1.008696,-0.109312,0.420000,-1.680000,-0.840000,26.53
1,2,54,0.068320,-1.008208,-0.107360,0.980000,-1.540000,0.490000,26.48
1,2,54,0.068320,-1.002840,-0.109312,0.350000,-1.610000,0.210000,26.45
1,2,54,0.065880,-1.007232,-0.109800,0.420000,-1.610000,-0.070000,26.52
1,2,54,0.065392,-1.003816,-0.111264,0.770000,-1.470000,0.070000,26.52
1,2,54,0.064904,-1.005768,-0.109800,0.630000,-1.260000,-0.350000,26.52
1,2,54,0.067832,-1.005280,-0.108824,0.630000,-1.540000,-0.350000,26.51
1,2,54,0.068808,-1.005280,-0.110288,0.700000,-1.540000,-0.140000,26.51
1,2,54,0.066368,-1.006256,-0.108336,0.910000,-1.540000,-0.770000,26.52
1,2,54,0.072712,-1.004792,-0.106384,-0.070000,-1.540000,0.070000,26.45
1,2,54,0.070760,-1.007232,-0.111752,-0.070000,-1.750000,0.700000,26.50
1,2,54,0.067832,-1.006744,-0.108336,0.490000,-1.680000,0.770000,26.50
1,2,55,0.061488,-1.005768,-0.110776,0.210000,-1.470000,0.070000,26.50
1,2,55,0.063928,-1.005280,-0.107848,0.980000,-1.330000,-0.700000,26.46
1,2,55,0.069296,-1.006744,-0.110776,1.190000,-1.190000,-0.910000,26.51
1,2,55,0.062464,-1.007232,-0.107848,1.680000,-1.050000,-1.260000,26.51
1,2,55,0.065880,-1.006744,-0.106384,-0.140000,-1.750000,0.000000,26.50
1,2,55,0.071736,-1.003328,-0.109312,-0.140000,-1.680000,0.140000,26.51
1,2,55,0.072712,-1.005280,-0.107848,0.420000,-2.100000,0.630000,26.51
1,2,55,0.076616,-1.012112,-0.106384,-0.420000,-2.660000,3.010000,26.51
1,2,55,0.065880,-1.000888,-0.108824,-0.210000,-2.310000,3.080000,26.46
1,2,55,0.062464,-1.010160,-0.107848,0.910000,-1.820000,0.490000,26.51
1,2,55,0.066368,-1.001864,-0.105896,0.770000,-1.750000,-1.260000,26.51
1,2,55,0.072712,-1.005280,-0.110288,0.420000,-1.750000,1.400000,26.49
1,2,55,0.065880,-1.006744,-0.105896,0.560000,-1.820000,1.190000,26.49
1,2,55,0.062952,-1.004792,-0.107360,0.420000,-1.540000,0.070000,26.53
1,2,55,0.061976,-1.006256,-0.107848,1.050000,-1.190000,-1.750000,26.48
1,2,55,0.068808,-1.005768,-0.103944,1.190000,-1.120000,-1.610000,26.48
1,2,55,0.070760,-1.005768,-0.102968,0.840000,-1.190000,-0.560000,26.48
1,2,55,0.066856,-1.008696,-0.104920,0.280000,-1.540000,0.490000,26.50
1,2,55,0.064904,-1.007232,-0.106384,-0.070000,-1.610000,0.280000,26.53
1,2,55,0.077104,-1.006744,-0.105896,0.420000,-1.680000,0.560000,26.52
1,2,55,0.072712,-1.005280,-0.104920,0.140000,-1.890000,1.890000,26.52
1,2,55,0.069296,-1.007232,-0.108824,-0.140000,-1.960000,1.470000,26.48
1,2,55,0.067832,-1.002840,-0.109800,0.210000,-1.680000,0.770000,26.45
1,2,55,0.065880,-1.007232,-0.109800,0.280000,-1.470000,-0.210000,26.50
1,2,55,0.067344,-1.006744,-0.112728,0.700000,-1.330000,-0.210000,26.50
1,2,55,0.066856,-1.008208,-0.108824,1.120000,-1.330000,0.140000,26.48
1,2,55,0.071248,-1.004792,-0.106872,0.770000,-1.400000,-1.050000,26.50
1,2,55,0.074664,-1.006256,-0.103944,0.630000,-1.470000,-0.140000,26.52
1,2,55,0.079056,-1.006744,-0.107848,0.350000,-1.610000,0.770000,26.52
1,2,55,0.079056,-1.002840,-0.106384,0.350000,-1.820000,1.820000,26.48
1,2,55,0.072712,-1.006256,-0.110288,-0.280000,-1.820000,1.750000,26.48
1,2,55,0.069296,-1.005280,-0.110288,0.630000,-1.260000,-0.140000,26.51
1,2,55,0.071248,-1.003328,-0.101016,0.910000,-1.330000,-0.210000,26.50
1,2,55,0.069784,-1.005768,-0.110288,0.070000,-1.820000,1.120000,26.50
1,2,55,0.067832,-1.006744,-0.109312,0.420000,-1.680000,1.120000,26.50
1,2,55,0.064416,-1.005768,-0.110288,0.910000,-1.470000,0.420000,26.48
1,2,55,0.061000,-1.007720,-0.105896,0.770000,-1.400000,-0.420000,26.48
1,2,55,0.065880,-1.005768,-0.104432,0.700000,-1.400000,-0.630000,26.52
1,2,55,0.067832,-1.007232,-0.103456,0.490000,-1.260000,-0.770000,26.54
1,2,55,0.068320,-1.006256,-0.104432,0.700000,-1.330000,-0.420000,26.50
1,2,55,0.076616,-1.005280,-0.106384,0.910000,-1.400000,-0.630000,26.51
1,2,55,0.078568,-1.007232,-0.104920,1.050000,-1.540000,0.000000,26.51
1,2,55,0.075640,-1.004792,-0.102968,0.840000,-1.540000,0.700000,26.51
1,2,55,0.072224,-1.003816,-0.104432,0.140000,-1.890000,1.120000,26.49
1,2,55,0.069296,-1.005280,-0.106872,0.350000,-1.820000,0.770000,26.49
1,2,55,0.065880,-1.006744,-0.106384,0.420000,-1.610000,0.140000,26.52
1,2,55,0.065880,-1.007232,-0.109312,0.280000,-1.540000,0.070000,26.46
1,2,55,0.068808,-1.002840,-0.101992,1.330000,-1.260000,-0.350000,26.46
1,2,55,0.072712,-1.002840,-0.102480,0.630000,-1.400000,-0.280000,26.48
1,2,55,0.070272,-1.008208,-0.109312,0.070000,-1.540000,-0.280000,26.48
1,2,55,0.071248,-1.008208,-0.106384,0.840000,-1.540000,-0.280000,26.50
1,2,55,0.071736,-1.006744,-0.106384,1.610000,-1.470000,-0.350000,26.50
1,2,55,0.076616,-1.007720,-0.099552,1.890000,-1.400000,-0.140000,26.50
1,2,56,0.072712,-1.004792,-0.096624,1.470000,-1.400000,-0.140000,26.54
1,2,56,0.068320,-1.009672,-0.109312,-0.280000,-2.100000,-0.140000,26.49
1,2,56,0.069784,-1.006744,-0.108824,1.540000,-1.610000,-0.560000,26.53
1,2,56,0.073688,-1.007232,-0.107848,1.540000,-1.400000,-0.700000,26.53
1,2,56,0.072224,-1.004792,-0.106384,0.910000,-1.470000,-0.980000,26.55
1,2,56,0.073688,-1.004792,-0.103944,1.540000,-1.400000,-0.700000,26.48
1,2,56,0.073688,-1.005280,-0.101992,1.470000,-1.470000,-0.070000,26.47
1,2,56,0.075152,-1.005768,-0.101504,1.190000,-1.820000,0.210000,26.47
1,2,56,0.076616,-1.005768,-0.102968,-0.630000,-1.890000,0.630000,26.49
1,2,56,0.075152,-1.005768,-0.107848,-0.910000,-1.750000,0.840000,26.51
1,2,56,0.074664,-1.008208,-0.108824,0.140000,-1.610000,0.840000,26.48
1,2,56,0.071248,-1.006256,-0.106872,1.120000,-1.330000,0.210000,26.48
1,2,56,0.071736,-1.006256,-0.102480,1.820000,-1.190000,-0.210000,26.50
1,2,56,0.074664,-1.005768,-0.097112,1.400000,-1.260000,-0.070000,26.49
1,2,56,0.074176,-1.004792,-0.099064,0.210000,-1.470000,0.000000,26.49
1,2,56,0.073200,-1.006256,-0.101992,-0.210000,-1.540000,0.350000,26.46
1,2,56,0.070760,-1.006256,-0.104432,1.330000,-1.330000,-0.840000,26.54
1,2,56,0.080520,-1.003816,-0.102480,1.400000,-1.330000,-0.700000,26.55
1,2,56,0.076616,-1.004792,-0.099064,1.190000,-1.470000,0.210000,26.48
1,2,56,0.077592,-1.004792,-0.097112,0.210000,-1.820000,0.910000,26.48
1,2,56,0.073688,-1.005768,-0.099064,-0.490000,-2.030000,0.700000,26.51
1,2,56,0.075640,-1.002840,-0.103944,-0.350000,-1.890000,-0.210000,26.48
1,2,56,0.079544,-1.003328,-0.107848,-0.210000,-1.540000,-0.700000,26.48
1,2,56,0.066368,-1.005768,-0.101016,0.210000,-1.890000,1.470000,26.52
1,2,56,0.062952,-1.008696,-0.102968,-0.420000,-1.890000,0.000000,26.50
1,2,56,0.068808,-1.004792,-0.108824,-0.560000,-1.820000,-0.910000,26.52
1,2,56,0.079056,-1.007720,-0.110776,0.140000,-1.540000,-1.120000,26.46
1,2,56,0.079056,-1.006256,-0.106384,2.030000,-1.750000,0.350000,26.46
1,2,56,0.076616,-1.007720,-0.095648,1.400000,-1.540000,0.070000,26.49
1,2,56,0.074176,-1.009184,-0.104432,-0.420000,-1.680000,0.210000,26.48
1,2,56,0.073200,-1.001376,-0.104920,0.210000,-1.820000,0.210000,26.48
1,2,56,0.071248,-1.005280,-0.100528,-0.420000,-1.960000,0.210000,26.52
1,2,56,0.067344,-1.005280,-0.103456,-1.050000,-1.890000,-0.560000,26.50
1,2,56,0.075640,-1.010648,-0.107848,-0.560000,-1.750000,-0.560000,26.50
1,2,56,0.075640,-1.010160,-0.105408,1.470000,-1.330000,-0.980000,26.51
1,2,56,0.078568,-1.005768,-0.100528,1.610000,-1.330000,-0.560000,26.50
1,2,56,0.078568,-1.001864,-0.097112,0.560000,-1.540000,0.000000,26.50
1,2,56,0.068320,-1.006744,-0.105408,-0.070000,-1.890000,0.350000,26.48
1,2,56,0.070760,-1.007232,-0.105896,0.280000,-1.820000,-0.280000,26.48
1,2,56,0.076616,-1.005280,-0.105408,0.560000,-1.610000,-0.700000,26.50
1,2,56,0.081984,-1.005768,-0.106872,0.350000,-1.540000,0.140000,26.50
1,2,56,0.080520,-1.007232,-0.101992,1.400000,-1.400000,0.560000,26.50
1,2,56,0.072224,-1.003328,-0.097112,1.540000,-1.260000,0.420000,26.52
1,2,56,0.068320,-1.006256,-0.095648,0.630000,-1.470000,-0.770000,26.50
1,2,56,0.083936,-1.013088,-0.107360,0.140000,-1.820000,-0.630000,26.47
1,2,56,0.082960,-1.002840,-0.105408,1.120000,-1.610000,-0.280000,26.47
1,2,56,0.081984,-1.005768,-0.103456,1.400000,-1.330000,0.350000,26.55
1,2,56,0.077104,-1.005280,-0.101504,0.910000,-1.540000,0.140000,26.52
1,2,56,0.076128,-1.005280,-0.101016,0.490000,-1.610000,0.140000,26.52
1,2,56,0.073688,-1.005280,-0.100528,0.560000,-1.470000,0.000000,26.47
1,2,56,0.075640,-1.006744,-0.101504,1.050000,-1.680000,-0.210000,26.52
1,2,56,0.081496,-1.010160,-0.103944,0.560000,-1.680000,0.000000,26.50
1,2,57,0.084424,-0.998448,-0.107360,0.280000,-1.540000,-0.770000,26.50
1,2,57,0.082960,-1.005280,-0.111752,2.170000,-1.330000,0.700000,26.50
1,2,57,0.080032,-1.000888,-0.095648,2.100000,-1.190000,0.280000,26.51
1,2,57,0.079056,-1.005280,-0.092232,0.630000,-1.820000,0.840000,26.51
1,2,57,0.076616,-1.010648,-0.101992,-0.350000,-1.820000,0.350000,26.50
1,2,57,0.079544,-1.004792,-0.104432,0.210000,-1.540000,0.280000,26.56
1,2,57,0.079056,-1.003328,-0.099552,0.980000,-1.260000,0.420000,26.55
1,2,57,0.076128,-1.004304,-0.096624,0.560000,-1.470000,0.700000,26.52
1,2,57,0.080032,-1.009184,-0.095648,-0.630000,-1.750000,0.280000,26.52
1,2,57,0.080032,-1.009184,-0.107848,-0.350000,-1.680000,0.910000,26.55
1,2,57,0.075640,-1.008208,-0.107360,1.680000,-1.470000,0.420000,26.51
1,2,57,0.077104,-1.006256,-0.097600,1.890000,-1.400000,0.630000,26.51
1,2,57,0.077592,-1.003816,-0.094672,0.840000,-1.540000,0.560000,26.50
1,2,57,0.076616,-1.004304,-0.098576,-0.070000,-1.680000,0.770000,26.51
1,2,57,0.081008,-1.009184,-0.108824,1.260000,-1.680000,0.490000,26.50
1,2,57,0.076616,-1.008208,-0.101992,2.380000,-1.750000,0.560000,26.50
1,2,57,0.083448,-1.005768,-0.094184,1.680000,-1.190000,0.350000,26.51
1,2,57,0.081496,-0.998936,-0.094184,0.560000,-1.540000,0.980000,26.52
1,2,57,0.078080,-1.005768,-0.097112,-0.910000,-1.890000,0.980000,26.52
1,2,57,0.079056,-1.005280,-0.100040,-0.840000,-1.890000,1.190000,26.52
1,2,57,0.076616,-1.006744,-0.100040,0.070000,-2.030000,1.050000,26.48
1,2,57,0.072224,-1.009184,-0.100528,-0.420000,-1.750000,0.980000,26.52
1,2,57,0.075640,-1.008208,-0.104432,-0.350000,-1.610000,0.700000,26.52
1,2,57,0.074664,-1.007232,-0.106384,0.350000,-1.610000,0.490000,26.52
1,2,57,0.074664,-1.007720,-0.103944,1.400000,-1.400000,0.420000,26.51
1,2,57,0.077104,-1.005280,-0.097112,0.770000,-1.400000,0.350000,26.50
1,2,57,0.075640,-1.005280,-0.100040,0.560000,-1.540000,0.280000,26.48
1,2,57,0.077592,-1.005768,-0.106384,0.420000,-1.610000,0.000000,26.49
1,2,57,0.079056,-1.004304,-0.099552,0.560000,-1.610000,0.210000,26.52
1,2,57,0.077592,-1.004792,-0.098088,0.070000,-1.610000,0.350000,26.54
1,2,57,0.076616,-1.004792,-0.098088,-0.070000,-1.750000,0.840000,26.57
1,2,57,0.076128,-1.005768,-0.099552,0.070000,-1.680000,1.050000,26.57
1,2,57,0.072224,-1.009184,-0.104920,0.280000,-1.610000,0.560000,26.54
1,2,57,0.073200,-1.008696,-0.103944,0.140000,-1.610000,0.420000,26.52
1,2,57,0.072224,-1.007720,-0.103456,0.420000,-1.470000,-0.140000,26.50
1,2,57,0.082472,-1.004792,-0.101504,0.560000,-1.400000,0.000000,26.47
1,2,57,0.078080,-1.008208,-0.099064,0.630000,-1.540000,0.350000,26.47
1,2,57,0.077592,-1.006744,-0.099552,0.700000,-1.540000,0.420000,26.51
1,2,57,0.078568,-1.006256,-0.097600,0.630000,-1.470000,0.420000,26.51
1,2,57,0.079056,-1.002840,-0.094672,-0.070000,-1.750000,0.700000,26.51
1,2,57,0.074176,-1.004304,-0.102480,-0.630000,-1.750000,1.050000,26.55
1,2,57,0.074176,-1.005768,-0.104920,-0.070000,-1.820000,0.700000,26.48
1,2,57,0.079056,-1.003328,-0.103944,0.700000,-1.540000,-0.070000,26.51
1,2,57,0.077592,-1.005280,-0.100528,0.350000,-1.610000,0.420000,26.51
1,2,57,0.076616,-1.007232,-0.101504,0.420000,-1.750000,0.210000,26.54
1,2,57,0.078080,-1.004304,-0.100040,0.770000,-1.470000,-0.070000,26.51
1,2,57,0.077592,-1.004304,-0.095648,0.980000,-1.470000,0.350000,26.51
1,2,57,0.070272,-1.007720,-0.098576,-0.210000,-1.750000,0.490000,26.55
1,2,57,0.077592,-1.007232,-0.103944,-0.840000,-1.750000,0.420000,26.50
1,2,57,0.081984,-1.003816,-0.100040,0.840000,-1.470000,0.280000,26.50
1,2,57,0.079544,-1.005768,-0.099064,0.210000,-1.680000,0.840000,26.49
1,2,57,0.078080,-1.006744,-0.100040,0.000000,-1.680000,0.700000,26.49
1,2,57,0.075640,-1.003816,-0.102968,0.280000,-1.540000,0.350000,26.54
1,2,57,0.074176,-1.005280,-0.101992,-0.070000,-1.750000,0.560000,26.54
1,2,58,0.075640,-1.008208,-0.099552,-0.070000,-1.680000,-0.070000,26.48
1,2,58,0.077592,-1.007720,-0.101992,0.420000,-1.750000,0.000000,26.47
1,2,58,0.079056,-1.006256,-0.099064,0.140000,-1.680000,0.210000,26.50
1,2,58,0.076616,-1.007720,-0.100040,0.140000,-1.750000,0.560000,26.52
1,2,58,0.077592,-1.003328,-0.101504,-0.210000,-1.820000,0.140000,26.52
1,2,58,0.076128,-1.005280,-0.100040,0.070000,-1.750000,0.280000,26.52
1,2,58,0.079544,-1.004304,-0.102480,0.280000,-1.540000,0.210000,26.52
1,2,58,0.080032,-1.005768,-0.102968,0.140000,-1.750000,0.490000,26.54
1,2,58,0.077104,-1.006256,-0.101992,0.070000,-1.610000,0.420000,26.54
1,2,58,0.079544,-1.006256,-0.105896,0.070000,-1.680000,0.630000,26.47
1,2,58,0.073688,-1.005768,-0.104432,0.490000,-1.610000,0.560000,26.51
1,2,58,0.074664,-1.005768,-0.101504,0.420000,-1.610000,0.350000,26.51
1,2,58,0.075640,-1.004792,-0.100528,0.210000,-1.680000,0.210000,26.52
1,2,58,0.075640,-1.006256,-0.103456,0.140000,-1.610000,0.560000,26.54
1,2,58,0.076128,-1.004304,-0.104432,0.140000,-1.540000,0.350000,26.51
1,2,58,0.078568,-1.003816,-0.102968,0.070000,-1.610000,0.560000,26.51
1,2,58,0.074176,-1.007720,-0.103456,0.350000,-1.470000,0.770000,26.55
1,2,58,0.076616,-1.005768,-0.102480,0.140000,-1.540000,0.280000,26.54
1,2,58,0.076128,-1.005280,-0.102480,0.210000,-1.540000,0.630000,26.49
1,2,58,0.077104,-1.005280,-0.104432,0.280000,-1.540000,0.490000,26.53
1,2,58,0.074664,-1.006256,-0.101992,0.350000,-1.610000,0.630000,26.53
1,2,58,0.078080,-1.005280,-0.103456,0.350000,-1.680000,0.350000,26.51
1,2,58,0.075152,-1.006744,-0.103456,0.420000,-1.540000,0.350000,26.46
1,2,58,0.075640,-1.005768,-0.102480,0.490000,-1.540000,0.280000,26.49
1,2,58,0.077104,-1.007232,-0.102480,0.350000,-1.610000,0.210000,26.49
1,2,58,0.076616,-1.006744,-0.104432,0.280000,-1.540000,0.350000,26.49
1,2,58,0.075640,-1.006256,-0.101504,0.420000,-1.540000,0.560000,26.50
1,2,58,0.074664,-1.006744,-0.102968,0.420000,-1.540000,0.420000,26.49
1,2,58,0.075640,-1.007232,-0.104432,0.280000,-1.470000,0.350000,26.49
1,2,58,0.077592,-1.006256,-0.102480,0.350000,-1.540000,0.140000,26.53
1,2,58,0.074664,-1.007720,-0.102968,0.420000,-1.540000,0.490000,26.55
1,2,58,0.075640,-1.006256,-0.102968,0.280000,-1.540000,0.210000,26.52
1,2,58,0.073688,-1.007720,-0.104920,0.280000,-1.540000,0.700000,26.50
1,2,58,0.077592,-1.005280,-0.102968,0.280000,-1.680000,0.490000,26.48
1,2,58,0.074176,-1.006744,-0.105896,0.350000,-1.540000,0.420000,26.48
1,2,58,0.075640,-1.006744,-0.103456,0.350000,-1.610000,0.560000,26.55
1,2,58,0.075640,-1.005280,-0.101504,0.420000,-1.540000,0.420000,26.49
1,2,58,0.075640,-1.003816,-0.104432,0.280000,-1.610000,0.490000,26.49
1,2,58,0.074664,-1.005768,-0.103944,0.420000,-1.540000,0.210000,26.54
1,2,58,0.074664,-1.005280,-0.102968,0.280000,-1.400000,0.210000,26.52
1,2,58,0.075152,-1.007720,-0.103456,0.350000,-1.540000,0.630000,26.48
1,2,58,0.074664,-1.005280,-0.101504,0.420000,-1.400000,0.280000,26.51
1,2,58,0.077592,-1.006744,-0.103944,0.420000,-1.540000,0.140000,26.51
1,2,58,0.075640,-1.004792,-0.101992,0.420000,-1.610000,0.490000,26.50
1,2,58,0.076128,-1.005768,-0.103456,0.280000,-1.610000,0.210000,26.61
1,2,58,0.076616,-1.004304,-0.104920,0.210000,-1.610000,0.490000,26.61
1,2,58,0.076616,-1.006256,-0.101992,0.350000,-1.540000,0.280000,26.52
1,2,58,0.075640,-1.004792,-0.101992,0.070000,-1.610000,0.630000,26.50
1,2,58,0.075640,-1.007720,-0.103944,0.210000,-1.540000,0.280000,26.52
1,2,58,0.075640,-1.006744,-0.103944,0.490000,-1.540000,0.350000,26.52
1,2,58,0.074664,-1.006256,-0.103456,0.350000,-1.540000,0.280000,26.55
1,2,58,0.076128,-1.006744,-0.101992,0.490000,-1.470000,0.070000,26.51
1,2,58,0.074664,-1.007232,-0.104432,0.420000,-1.470000,0.140000,26.52
1,2,59,0.075152,-1.004304,-0.102480,0.280000,-1.610000,0.420000,26.49
1,2,59,0.074664,-1.006744,-0.103944,0.280000,-1.680000,0.210000,26.49
1,2,59,0.076128,-1.004304,-0.103944,0.210000,-1.540000,0.000000,26.54
1,2,59,0.077104,-1.006256,-0.104432,0.350000,-1.540000,0.280000,26.54
1,2,59,0.078568,-1.007232,-0.101992,0.350000,-1.680000,0.560000,26.54
1,2,59,0.074176,-1.005768,-0.104432,0.420000,-1.610000,0.560000,26.58
1,2,59,0.074664,-1.007232,-0.101992,0.420000,-1.540000,0.420000,26.52
1,2,59,0.076128,-1.005768,-0.101992,0.560000,-1.680000,0.420000,26.52
1,2,59,0.077592,-1.003328,-0.101504,0.280000,-1.540000,0.420000,26.52
1,2,59,0.076128,-1.005280,-0.106384,0.070000,-1.610000,0.210000,26.51
1,2,59,0.075152,-1.004304,-0.105896,0.490000,-1.470000,0.350000,26.51
1,2,59,0.075640,-1.005768,-0.103456,0.840000,-1.400000,0.210000,26.51
1,2,59,0.075152,-1.006256,-0.102968,0.630000,-1.470000,0.350000,26.54
1,2,59,0.075152,-1.005280,-0.103456,0.420000,-1.470000,0.210000,26.51
1,2,59,0.075152,-1.006256,-0.102968,0.560000,-1.470000,0.280000,26.49
1,2,59,0.078568,-1.005280,-0.104920,0.560000,-1.400000,0.210000,26.48
1,2,59,0.077104,-1.007232,-0.101504,0.420000,-1.610000,0.070000,26.48
1,2,59,0.075152,-1.003816,-0.103944,0.350000,-1.610000,0.560000,26.48
1,2,59,0.077592,-1.006744,-0.104920,0.420000,-1.680000,0.350000,26.50
1,2,59,0.074664,-1.006256,-0.100528,0.490000,-1.540000,0.210000,26.51
1,2,59,0.076616,-1.006256,-0.104432,0.140000,-1.540000,0.210000,26.53
1,2,59,0.076616,-1.006744,-0.103456,0.490000,-1.400000,0.350000,26.52
1,2,59,0.073200,-1.005768,-0.101504,0.490000,-1.610000,0.350000,26.50
1,2,59,0.073200,-1.006256,-0.103944,0.210000,-1.610000,0.210000,26.50
1,2,59,0.079544,-1.007232,-0.103456,0.490000,-1.540000,0.140000,26.54
1,2,59,0.077592,-1.006744,-0.101504,0.630000,-1.610000,0.350000,26.50
1,2,59,0.077592,-1.004792,-0.101016,0.560000,-1.610000,0.630000,26.51
1,2,59,0.073688,-1.005768,-0.101992,0.210000,-1.680000,0.560000,26.51
1,2,59,0.075640,-1.005280,-0.103456,0.000000,-1.680000,0.280000,26.50
1,2,59,0.076128,-1.005280,-0.106872,0.490000,-1.610000,-0.070000,26.48
1,2,59,0.078080,-1.000400,-0.100528,0.210000,-0.490000,-0.070000,26.52
1,2,59,0.089304,-0.994056,-0.113704,-1.680000,-1.960000,-1.610000,26.52
1,2,59,0.091256,-0.925248,-0.095160,7.910000,1.330000,5.040000,26.52
1,2,59,0.047824,-1.131184,-0.120536,-10.710000,-2.660000,2.100000,26.49
1,2,59,0.054168,-0.984296,-0.072224,-8.400000,1.400000,2.450000,26.48
1,2,59,0.105408,-0.993568,-0.080032,-11.830000,0.910000,1.540000,26.48
1,2,59,0.096624,-0.949648,-0.109312,-23.309999,-32.200001,3.150000,26.52
1,2,59,0.075640,-1.023824,-0.233264,-37.869999,-21.910000,11.410000,26.53
1,2,59,0.091256,-1.050664,-0.314760,20.299999,-1.610000,13.580000,26.50
1,2,59,0.116632,-1.067744,-0.145424,47.740002,3.080000,24.290001,26.50
1,2,59,0.092232,-0.961848,-0.031720,39.200001,1.960000,27.090000,26.50
1,2,59,0.023912,-0.981368,0.050752,-16.940001,-4.830000,18.900000,26.50
1,2,59,-0.020496,-0.960872,-0.025864,-25.129999,-8.680000,4.060000,26.49
1,2,59,0.077592,-0.998936,-0.196176,-7.910000,-1.120000,-10.920000,26.54
1,2,59,0.487024,-0.620736,-0.300120,12.320000,98.980003,131.110001,26.54
1,2,59,-0.192272,-1.748016,-0.115168,173.320007,-2.800000,63.349998,26.54
1,2,59,-0.114680,-0.801296,0.187392,111.370003,26.320000,22.540001,26.48
1,2,59,-0.081496,-0.820816,0.045872,106.820000,14.630000,9.590000,26.48
1,2,59,-0.028304,-1.124352,0.156648,83.580002,16.170000,-9.310000,26.52
1,2,59,-0.042456,-1.053104,-0.049776,70.769997,13.790000,-22.959999,26.50
1,2,59,0.015616,-1.076528,0.010248,81.550003,3.640000,8.610000,26.52
1,2,59,-0.024400,-1.103856,-0.020496,102.970001,5.600000,-0.140000,26.52
1,3,0,-0.021472,-1.124840,0.073688,119.559998,19.110001,-14.560000,26.54
1,3,0,-0.018056,-1.118984,0.079544,159.039993,35.000000,-23.450001,26.53
1,3,0,0.045384,-1.123376,0.152744,200.619995,52.500000,-16.379999,26.46
1,3,0,0.011712,-1.109224,0.294752,274.750000,71.330002,-1.400000,26.46
1,3,0,-0.016104,-0.977464,0.406016,306.250000,80.570000,18.410000,26.50
1,3,0,-0.032208,-0.690032,0.432368,373.100006,29.610001,63.349998,26.53
1,3,0,-0.043432,-0.658800,0.748104,301.559998,52.570000,72.169998,26.50
1,3,0,-0.118096,-0.454816,0.844240,153.160004,36.400002,63.279999,26.50
1,3,0,-0.221064,-0.665632,0.828136,112.980003,3.570000,39.970001,26.55
1,3,0,-0.149816,-0.724680,0.842288,116.830002,-13.930000,67.269997,26.49
1,3,0,-0.091744,-0.807640,0.805688,135.100006,6.300000,85.470001,26.49
1,3,0,0.037088,-1.126304,0.683200,139.440002,66.360001,117.459999,26.53
1,3,0,-0.128344,-0.494344,0.612440,90.089996,46.759998,63.000000,26.52
1,3,0,-0.225944,-0.505568,0.639280,18.200001,4.480000,-1.190000,26.52
1,3,0,-0.441640,-0.542168,0.760792,0.070000,-29.190001,-22.959999,26.50
1,3,0,-0.340136,-0.608048,0.862296,-19.250000,-39.130001,-31.920000,26.49
1,3,0,-0.194712,-0.837896,0.901336,5.390000,-19.110001,-11.970000,26.49
1,3,0,-0.152256,-0.488976,0.787144,-5.390000,-32.410000,-20.370001,26.52
1,3,0,-0.161528,-0.512888,0.864248,29.049999,-10.360000,-15.540000,26.50
1,3,0,-0.315736,-0.574376,0.993080,93.029999,52.990002,59.639999,26.52
1,3,0,-0.439200,-0.551928,0.953064,101.500000,30.450001,69.650002,26.48
1,3,0,-0.406992,-0.612440,0.936960,102.410004,16.309999,68.529999,26.48
1,3,0,-0.313296,-0.634888,0.869128,132.789993,2.310000,66.010002,26.54
1,3,0,-0.247416,-0.542656,0.804224,145.250000,16.940001,58.099998,26.50
1,3,0,-0.240096,-0.384056,0.729560,146.649994,22.680000,54.740002,26.50
1,3,0,-0.260592,-0.299632,0.803736,124.389999,29.820000,49.279999,26.55
1,3,0,-0.348920,-0.284504,0.869616,76.440002,10.850000,31.290001,26.50
1,3,0,-0.349896,-0.252784,0.862784,52.570000,-12.530000,12.180000,26.54
1,3,0,-0.273768,-0.234240,0.869128,37.380001,-29.469999,-10.780000,26.56
1,3,0,-0.230336,-0.278160,0.845704,37.240002,-43.540001,-32.830002,26.56
1,3,0,-0.233264,-0.196176,0.900848,21.490000,-41.090000,-35.070000,26.52
1,3,0,-0.237656,-0.202520,0.922320,11.270000,-31.290001,-29.469999,26.51
1,3,0,-0.244000,-0.234240,0.930128,11.200000,-21.910000,-19.809999,26.51
1,3,0,-0.266448,-0.193248,0.964288,20.510000,0.700000,4.060000,26.48
1,3,0,-0.244976,-0.240096,0.936472,22.469999,2.800000,6.510000,26.48
1,3,0,-0.255712,-0.226432,0.940864,1.750000,-0.420000,8.260000,26.51
1,3,0,-0.288896,-0.193736,0.938424,10.080000,-6.790000,5.810000,26.52
1,3,0,-0.289384,-0.207400,0.941352,13.580000,-11.690000,1.610000,26.52
1,3,0,-0.284992,-0.212768,0.955016,13.580000,-6.160000,-0.350000,26.53
1,3,0,-0.250344,-0.200568,0.900360,15.330000,2.590000,12.110000,26.55
1,3,0,-0.210328,-0.215208,0.895480,11.620000,37.029999,17.430000,26.54
1,3,0,-0.289872,-0.215208,0.911096,3.920000,27.020000,12.880000,26.51
1,3,0,-0.370880,-0.196176,0.932080,0.140000,13.370000,6.580000,26.51
1,3,0,-0.369904,-0.186904,0.930128,-7.560000,-5.530000,-2.380000,26.54
1,3,0,-0.346480,-0.194224,0.940864,-19.180000,-17.080000,-9.800000,26.49
1,3,0,-0.282552,-0.248880,0.935984,-17.570000,-19.040001,-12.810000,26.55
1,3,0,-0.270352,-0.243512,0.935496,-7.000000,-9.240000,-9.800000,26.55
1,3,0,-0.281576,-0.196664,1.031144,35.770000,38.709999,15.050000,26.47
1,3,0,-0.358192,-0.190320,1.023824,50.330002,27.510000,19.670000,26.56
1,3,0,-0.368928,-0.156648,0.997472,52.709999,4.550000,18.480000,26.54
1,3,0,-0.370392,-0.111752,0.939400,39.060001,-12.880000,14.280000,26.54
1,3,0,-0.355752,-0.075152,0.923784,17.780001,-26.879999,0.840000,26.52
1,3,0,-0.328424,-0.180560,0.898896,9.590000,-31.709999,-1.400000,26.52
1,3,1,-0.305000,-0.143472,0.927688,9.170000,-24.430000,-1.680000,26.52
1,3,1,-0.319152,-0.154696,0.910608,8.470000,-6.090000,7.770000,26.53
1,3,1,-0.321592,-0.161528,0.896456,3.220000,-15.540000,2.870000,26.50
1,3,1,-0.327936,-0.129808,0.900848,-12.740000,-23.240000,-4.970000,26.54
1,3,1,-0.313784,-0.164944,0.891088,-22.959999,-28.840000,-9.170000,26.54
1,3,1,-0.257176,-0.238144,0.912072,-11.970000,-16.100000,-9.310000,26.54
1,3,1,-0.247416,-0.173728,0.935008,-14.630000,-7.350000,-7.700000,26.55
1,3,1,-0.247416,-0.218136,0.957944,-8.190000,7.070000,-1.470000,26.51
1,3,1,-0.304024,-0.188368,0.961360,0.840000,7.840000,-0.980000,26.48
1,3,1,-0.288896,-0.147864,0.982832,-0.140000,-2.450000,-0.210000,26.51
1,3,1,-0.272792,-0.144448,0.965264,-2.730000,-4.900000,-1.330000,26.52
1,3,1,-0.255712,-0.156648,0.954040,-3.010000,-6.370000,-2.660000,26.52
1,3,1,-0.260592,-0.179096,0.944768,-0.630000,-4.550000,-2.660000,26.52
1,3,1,-0.271816,-0.181048,0.955504,3.150000,1.820000,-0.490000,26.52
1,3,1,-0.294752,-0.189344,0.941840,-8.610000,-9.520000,-4.900000,26.53
1,3,1,-0.276208,-0.179096,0.947696,13.020000,9.940000,4.340000,26.50
1,3,1,-0.287920,-0.115168,0.972584,0.490000,5.320000,0.490000,26.55
1,3,1,-0.281576,-0.135176,0.962336,-4.410000,-0.560000,-0.280000,26.53
1,3,1,-0.289384,-0.165920,0.960872,-2.170000,-2.940000,-1.470000,26.49
1,3,1,-0.313784,-0.170312,0.963800,-0.140000,-4.270000,-0.070000,26.49
1,3,1,-0.316712,-0.184952,0.951112,6.090000,-2.940000,1.890000,26.55
1,3,1,-0.305976,-0.167384,0.946720,6.580000,1.540000,3.150000,26.51
1,3,1,-0.299632,-0.189832,0.939888,7.770000,5.740000,5.040000,26.51
1,3,1,-0.307928,-0.149328,0.953064,0.140000,-1.260000,0.560000,26.51
1,3,1,-0.318176,-0.145912,0.957456,-4.200000,-6.510000,-1.120000,26.51
1,3,1,-0.311832,-0.164944,0.956968,-4.550000,-9.170000,-1.540000,26.52
1,3,1,-0.312808,-0.169824,0.945256,-4.550000,-9.380000,-1.330000,26.54
1,3,1,-0.308904,-0.171776,0.946720,-5.950000,-8.330000,-0.910000,26.54
1,3,1,-0.289872,-0.184464,0.937936,-3.290000,-3.990000,0.140000,26.53
1,3,1,-0.270352,-0.184952,0.949160,-0.210000,0.210000,0.490000,26.46
1,3,1,-0.310856,-0.158600,0.961360,-2.310000,-4.550000,-2.730000,26.46
1,3,1,-0.315736,-0.158600,0.961848,-3.220000,-9.520000,-3.780000,26.51
1,3,1,-0.307928,-0.160552,0.961360,-5.250000,-12.180000,-3.360000,26.51
1,3,1,-0.299632,-0.168848,0.952576,-5.810000,-11.620000,-2.870000,26.54
1,3,1,-0.298168,-0.182024,0.946720,-2.100000,-8.330000,-0.630000,26.54
1,3,1,-0.272304,-0.196176,0.946232,3.570000,-3.430000,1.120000,26.54
1,3,1,-0.259128,-0.184952,0.942816,5.810000,1.610000,1.820000,26.56
1,3,1,-0.313296,-0.164944,0.952576,0.140000,-2.520000,-1.750000,26.57
1,3,1,-0.313784,-0.164944,0.950624,-1.680000,-7.140000,-2.100000,26.58
1,3,1,-0.299144,-0.183976,0.948184,0.490000,-6.370000,-1.470000,26.55
1,3,1,-0.295728,-0.162016,0.966240,0.000000,-0.630000,0.770000,26.55
1,3,1,-0.281088,-0.184952,0.957944,1.960000,2.100000,4.340000,26.50
1,3,1,-0.267424,-0.196664,0.947696,7.770000,5.670000,3.990000,26.51
1,3,1,-0.257176,-0.178120,0.956968,13.300000,10.570000,3.780000,26.51
1,3,1,-0.279136,-0.145912,0.956968,10.710000,10.850000,3.990000,26.52
1,3,1,-0.330376,-0.140056,0.953064,0.420000,-4.340000,0.000000,26.49
1,3,1,-0.314272,-0.140544,0.949160,-4.970000,-8.470000,-1.470000,26.53
1,3,1,-0.295240,-0.155184,0.958432,-8.400000,-8.260000,-1.120000,26.52
1,3,1,-0.292800,-0.166896,0.958432,-6.720000,-7.280000,-0.350000,26.52
1,3,1,-0.276696,-0.192760,0.957456,-0.140000,-3.150000,0.980000,26.52
1,3,1,-0.276208,-0.167872,0.956968,-1.540000,-0.350000,-0.490000,26.53
1,3,1,-0.281576,-0.202032,0.949648,3.710000,1.960000,1.610000,26.53
1,3,2,-0.326472,-0.159576,0.941352,1.820000,-2.450000,0.350000,26.51
1,3,2,-0.308904,-0.167872,0.946232,-1.960000,-2.310000,0.630000,26.51
1,3,2,-0.304512,-0.167872,0.953064,-2.660000,-2.450000,0.000000,26.50
1,3,2,-0.292312,-0.165920,0.958920,-3.080000,-3.150000,0.000000,26.50
1,3,2,-0.281088,-0.150792,0.961848,-3.640000,-4.060000,-0.210000,26.50
1,3,2,-0.271816,-0.161040,0.954040,-1.400000,-3.570000,-0.350000,26.51
1,3,2,-0.273768,-0.155672,0.954040,-1.120000,-3.080000,-0.280000,26.56
1,3,2,-0.309392,-0.163480,0.953552,-4.550000,-5.250000,0.490000,26.48
1,3,2,-0.298168,-0.164456,0.948184,-5.180000,-7.000000,0.210000,26.55
1,3,2,-0.289384,-0.162504,0.941840,-7.350000,-8.260000,-0.490000,26.55
1,3,2,-0.275720,-0.182512,0.943304,-5.600000,-7.210000,-0.840000,26.55
1,3,2,-0.266936,-0.206424,0.943304,-0.980000,-2.380000,-0.490000,26.55
1,3,2,-0.288408,-0.159576,0.960384,-1.260000,-3.780000,-0.210000,26.51
1,3,2,-0.273280,-0.196176,0.924760,3.920000,-0.490000,0.840000,26.52
1,3,2,-0.308416,-0.161040,0.961848,3.710000,2.870000,1.610000,26.49
1,3,2,-0.299632,-0.164456,0.960384,2.380000,-0.140000,1.680000,26.53
1,3,2,-0.294752,-0.153232,0.958432,0.420000,-2.030000,-0.070000,26.50
1,3,2,-0.286944,-0.159088,0.963312,-3.430000,-4.970000,-1.120000,26.50
1,3,2,-0.289384,-0.163968,0.960384,-3.780000,-5.740000,-1.330000,26.53
1,3,2,-0.294264,-0.171288,0.963312,-3.990000,-6.440000,-1.190000,26.51
1,3,2,-0.296704,-0.171776,0.948672,-2.310000,-6.020000,0.280000,26.52
1,3,2,-0.279624,-0.174704,0.952576,-1.820000,-0.560000,-0.210000,26.53
1,3,2,-0.293288,-0.172264,0.960384,-2.450000,-0.840000,0.070000,26.53
1,3,2,-0.296216,-0.175680,0.955504,-1.330000,-2.660000,0.210000,26.53
1,3,2,-0.293288,-0.168848,0.952576,-3.290000,-4.270000,-1.050000,26.52
1,3,2,-0.296216,-0.175192,0.953552,-4.480000,-5.950000,-1.470000,26.52
1,3,2,-0.297680,-0.178608,0.954528,-4.620000,-6.650000,-0.840000,26.52
1,3,2,-0.287432,-0.196664,0.938912,0.350000,-4.200000,0.910000,26.50
1,3,2,-0.272792,-0.173728,0.955016,3.290000,0.070000,3.570000,26.48
1,3,2,-0.271328,-0.182512,0.952576,0.210000,-0.980000,1.190000,26.52
1,3,2,-0.271328,-0.167384,0.954040,-0.280000,-1.960000,0.560000,26.49
1,3,2,-0.267424,-0.169824,0.960872,-0.280000,-1.960000,0.210000,26.49
1,3,2,-0.279136,-0.185440,0.954528,0.840000,-1.890000,-0.070000,26.49
1,3,2,-0.296704,-0.180560,0.955992,0.840000,-2.310000,0.140000,26.49
1,3,2,-0.305976,-0.183488,0.955016,0.560000,-3.150000,0.630000,26.49
1,3,2,-0.298168,-0.180072,0.954040,-0.350000,-3.360000,0.630000,26.52
1,3,2,-0.264984,-0.174216,0.948184,3.850000,1.680000,0.910000,26.53
1,3,2,-0.258640,-0.178120,0.962824,4.480000,4.410000,1.960000,26.53
1,3,2,-0.286456,-0.174216,0.956480,4.480000,3.990000,1.470000,26.55
1,3,2,-0.306952,-0.174216,0.952576,2.030000,-1.050000,0.210000,26.48
1,3,2,-0.300608,-0.168360,0.953064,-1.400000,-4.550000,-0.910000,26.48
1,3,2,-0.289872,-0.167384,0.960384,-3.500000,-5.320000,-1.260000,26.50
1,3,2,-0.287920,-0.178120,0.963800,-2.520000,-3.850000,0.420000,26.48
1,3,2,-0.270840,-0.165432,0.949160,1.820000,-0.560000,0.630000,26.55
1,3,2,-0.280112,-0.171776,0.949648,-0.350000,-1.540000,0.140000,26.52
1,3,2,-0.288896,-0.171288,0.955992,-2.030000,-3.150000,-0.700000,26.52
1,3,2,-0.293776,-0.179096,0.963312,-2.450000,-4.130000,-0.280000,26.54
1,3,3,-0.298168,-0.182024,0.959896,-2.030000,-5.390000,0.140000,26.54
1,3,3,-0.287432,-0.185928,0.951112,-1.960000,-5.180000,0.420000,26.49
1,3,3,-0.278160,-0.191784,0.953064,-0.490000,-3.570000,0.560000,26.49
1,3,3,-0.278648,-0.174704,0.948672,-0.560000,0.000000,-0.140000,26.50
1,3,3,-0.284016,-0.180560,0.951600,0.140000,-0.910000,0.000000,26.52
1,3,3,-0.291824,-0.172264,0.954040,-0.700000,-2.450000,-0.280000,26.50
1,3,3,-0.285480,-0.178120,0.959896,-0.980000,-2.660000,-0.070000,26.50
1,3,3,-0.282064,-0.183488,0.961360,-0.420000,-2.590000,0.280000,26.54
1,3,3,-0.281576,-0.183976,0.961848,-0.630000,-2.380000,0.700000,26.50
1,3,3,-0.283528,-0.192272,0.943304,1.890000,-2.030000,0.490000,26.54
1,3,3,-0.280112,-0.183488,0.957456,1.890000,-0.140000,1.330000,26.53
1,3,3,-0.278160,-0.168360,0.958432,0.770000,-0.910000,1.400000,26.51
1,3,3,-0.272792,-0.176168,0.953552,0.910000,-1.820000,0.980000,26.54
1,3,3,-0.270352,-0.179584,0.946720,-0.140000,-2.730000,-0.630000,26.51
1,3,3,-0.271816,-0.181536,0.946720,-0.420000,-2.870000,-1.190000,26.51
1,3,3,-0.290848,-0.176168,0.960872,-0.910000,-2.870000,0.560000,26.50
1,3,3,-0.279624,-0.185928,0.950624,-3.850000,-3.010000,-0.140000,26.47
1,3,3,-0.285968,-0.189344,0.943792,-2.730000,-3.010000,-0.350000,26.52
1,3,3,-0.279624,-0.184464,0.961360,4.830000,2.660000,2.800000,26.52
1,3,3,-0.287432,-0.176656,0.956480,2.870000,1.330000,2.030000,26.52
1,3,3,-0.289384,-0.181048,0.954040,1.400000,-1.750000,0.840000,26.54
1,3,3,-0.288408,-0.175680,0.955992,-0.980000,-3.850000,-0.280000,26.50
1,3,3,-0.279136,-0.177144,0.958432,-1.680000,-4.550000,0.000000,26.50
1,3,3,-0.274744,-0.173728,0.956968,-2.660000,-3.570000,0.490000,26.51
1,3,3,-0.271328,-0.180072,0.956968,-2.520000,-2.870000,0.630000,26.45
1,3,3,-0.295240,-0.195688,0.950136,3.080000,-1.610000,1.260000,26.47
1,3,3,-0.291824,-0.185440,0.954528,2.100000,-1.470000,1.610000,26.53
1,3,3,-0.271816,-0.185928,0.947208,1.540000,-0.770000,1.750000,26.53
1,3,3,-0.273768,-0.177144,0.948672,0.000000,-1.190000,-0.210000,26.48
1,3,3,-0.286456,-0.183488,0.958432,-1.820000,-2.660000,-0.490000,26.48
1,3,3,-0.293288,-0.184464,0.960384,-1.400000,-4.060000,-0.350000,26.48
1,3,3,-0.284504,-0.179096,0.962824,-2.100000,-3.850000,0.140000,26.49
1,3,3,-0.266448,-0.199592,0.945256,2.660000,-1.120000,1.050000,26.48
1,3,3,-0.270352,-0.176656,0.958920,1.050000,-0.280000,0.630000,26.51
1,3,3,-0.294264,-0.192760,0.964776,2.240000,-0.910000,1.470000,26.51
1,3,3,-0.307440,-0.186904,0.964288,3.010000,-2.730000,2.170000,26.52
1,3,3,-0.284016,-0.186904,0.956480,2.940000,-2.520000,2.940000,26.51
1,3,3,-0.261568,-0.183000,0.952088,2.940000,-1.120000,2.660000,26.51
1,3,3,-0.254736,-0.166408,0.949160,0.280000,-0.840000,1.960000,26.54
1,3,3,-0.276208,-0.184464,0.953552,-2.030000,-6.720000,-1.330000,26.53
1,3,3,-0.276208,-0.196176,0.944768,1.330000,-4.970000,-0.490000,26.52
1,3,3,-0.276696,-0.190808,0.956968,2.800000,-0.350000,1.540000,26.51
1,3,3,-0.284016,-0.194224,0.949160,2.030000,1.050000,2.450000,26.51
1,3,3,-0.290360,-0.184464,0.948672,1.120000,-0.140000,0.980000,26.54
1,3,3,-0.292312,-0.185928,0.952088,-1.190000,-2.380000,0.140000,26.56
1,3,3,-0.284016,-0.182024,0.956480,-1.190000,-2.730000,0.490000,26.56
1,3,3,-0.271328,-0.175680,0.961848,-2.100000,-1.960000,0.210000,26.55
1,3,3,-0.284992,-0.193248,0.950624,-2.520000,-3.780000,0.770000,26.48
1,3,3,-0.295240,-0.177144,0.953064,-4.690000,-6.300000,-0.490000,26.47
1,3,3,-0.290360,-0.174704,0.956968,-9.380000,-8.260000,-1.470000,26.47
1,3,3,-0.275232,-0.188856,0.952576,-9.870000,-8.680000,-1.330000,26.53
1,3,3,-0.263032,-0.173728,0.952576,-10.710000,-9.170000,-0.770000,26.50
1,3,3,-0.248392,-0.190808,0.942816,-9.170000,-9.240000,-1.960000,26.50
1,3,4,-0.240584,-0.195688,0.955016,-9.100000,-8.050000,-2.240000,26.50
1,3,4,-0.294752,-0.204960,0.963312,-13.370000,-10.920000,-1.820000,26.51
1,3,4,-0.285480,-0.205936,0.963800,-15.960000,-14.280000,-2.170000,26.54
1,3,4,-0.272304,-0.214232,0.948184,-19.740000,-16.450001,-3.290000,26.50
1,3,4,-0.230824,-0.228872,0.942816,-13.510000,-15.330000,-3.990000,26.50
1,3,4,-0.223016,-0.219600,0.940376,-7.490000,-11.410000,-3.920000,26.54
1,3,4,-0.226432,-0.224968,0.940376,-5.530000,-7.350000,-2.520000,26.47
1,3,4,-0.248392,-0.224968,0.946232,-4.900000,-3.920000,-0.840000,26.47
1,3,4,-0.260104,-0.234240,0.955016,-2.870000,-5.250000,-0.210000,26.48
1,3,4,-0.242536,-0.223992,0.953064,-2.450000,-4.900000,-0.070000,26.50
1,3,4,-0.232776,-0.220088,0.958432,-4.130000,-5.110000,-0.420000,26.46
1,3,4,-0.236680,-0.232288,0.955016,-3.360000,-5.460000,-1.610000,26.50
1,3,4,-0.241560,-0.229848,0.951600,1.680000,-1.890000,1.400000,26.49
1,3,4,-0.246440,-0.236192,0.955504,-2.380000,-2.380000,-1.050000,26.52
1,3,4,-0.259616,-0.238144,0.957456,0.000000,-2.870000,0.000000,26.49
1,3,4,-0.225456,-0.220088,0.952576,0.630000,0.980000,0.700000,26.53
1,3,4,-0.238632,-0.233264,0.956480,-0.140000,0.140000,0.140000,26.52
1,3,4,-0.257664,-0.236192,0.951600,0.350000,-2.310000,-0.910000,26.52
1,3,4,-0.258640,-0.231800,0.956968,-0.210000,-3.430000,-1.260000,26.52
1,3,4,-0.247416,-0.231312,0.964776,0.140000,-2.030000,-0.070000,26.50
1,3,4,-0.238144,-0.231312,0.971120,1.610000,-0.210000,1.540000,26.50
1,3,4,-0.237656,-0.224480,0.961360,1.750000,-0.140000,2.800000,26.49
1,3,4,-0.231312,-0.223016,0.950136,-0.980000,-3.920000,-2.240000,26.50
1,3,4,-0.247416,-0.240584,0.947208,0.630000,-3.500000,-0.770000,26.51
1,3,4,-0.260104,-0.236192,0.947208,-0.280000,-2.450000,-0.280000,26.51
1,3,4,-0.257664,-0.239120,0.951112,-0.630000,-1.050000,0.840000,26.50
1,3,4,-0.249856,-0.229848,0.959896,-0.840000,-0.490000,1.400000,26.49
1,3,4,-0.241560,-0.232288,0.963312,-1.050000,-1.050000,1.050000,26.50
1,3,4,-0.230824,-0.232288,0.969656,0.490000,-1.750000,0.980000,26.50
1,3,4,-0.239120,-0.229848,0.947696,-0.490000,-2.310000,0.490000,26.49
1,3,4,-0.239120,-0.232776,0.950136,-0.490000,-2.520000,0.560000,26.53
1,3,4,-0.238144,-0.228872,0.954040,-4.830000,-2.730000,-0.140000,26.52
1,3,4,-0.249368,-0.242536,0.941352,-2.870000,-3.150000,-0.560000,26.52
1,3,4,-0.252296,-0.227896,0.957456,-4.480000,-3.360000,-0.630000,26.54
1,3,4,-0.246440,-0.236192,0.956968,-4.760000,-4.060000,0.700000,26.53
1,3,4,-0.238144,-0.231800,0.958920,-5.110000,-3.430000,0.280000,26.51
1,3,4,-0.241072,-0.216184,0.956480,-9.450000,-5.670000,-0.910000,26.51
1,3,4,-0.244976,-0.248392,0.949648,-3.500000,-4.970000,-1.400000,26.51
1,3,4,-0.249856,-0.249368,0.953064,-4.340000,-3.780000,-0.630000,26.51
1,3,4,-0.246928,-0.244488,0.950624,-5.530000,-3.080000,-0.490000,26.53
1,3,4,-0.241072,-0.229848,0.951600,-9.660000,-3.850000,-0.630000,26.53
1,3,4,-0.222040,-0.214720,0.949160,-13.020000,-5.600000,-1.190000,26.53
1,3,4,-0.228384,-0.217648,0.952088,-18.549999,-10.360000,-4.340000,26.51
1,3,4,-0.240096,-0.198616,0.940376,-37.450001,-14.840000,-6.790000,26.51
1,3,4,-0.261568,-0.262056,0.947696,-98.629997,-36.189999,-17.709999,26.50
1,3,4,-0.223992,-0.306464,0.946232,-104.370003,-42.490002,-18.340000,26.50
1,3,4,-0.171288,-0.261568,0.940864,-109.900002,-43.470001,-16.379999,26.48
1,3,4,-0.160552,-0.297680,0.947208,-116.900002,-40.459999,-12.670000,26.48
1,3,4,-0.142008,-0.373320,0.897920,-124.389999,-37.310001,-8.610000,26.52
1,3,4,-0.120536,-0.508008,0.854976,-111.019997,-31.080000,-8.820000,26.46
1,3,4,-0.081984,-0.586088,0.762256,-73.639999,-17.709999,-7.490000,26.50
1,3,4,-0.192272,-0.482632,0.874008,-23.100000,2.800000,-0.350000,26.49
1,3,5,-0.200568,-0.476776,0.885232,-28.910000,4.760000,1.330000,26.49
1,3,5,-0.183488,-0.488000,0.878888,-29.889999,4.620000,1.960000,26.49
1,3,5,-0.170312,-0.480192,0.879864,-32.480000,3.360000,1.890000,26.49
1,3,5,-0.154696,-0.471896,0.892064,-38.919998,3.640000,1.400000,26.49
1,3,5,-0.127368,-0.483120,0.885232,-46.340000,3.710000,0.980000,26.48
1,3,5,-0.130784,-0.508008,0.894992,-50.470001,2.730000,-0.280000,26.52
1,3,5,-0.168848,-0.563640,0.909632,-0.280000,-0.770000,2.660000,26.52
1,3,5,-0.158112,-0.552416,0.884256,-0.210000,-0.770000,3.920000,26.53
1,3,5,-0.156160,-0.525088,0.866200,-4.830000,1.260000,5.530000,26.53
1,3,5,-0.153720,-0.524112,0.842288,-8.890000,2.380000,6.300000,26.48
1,3,5,-0.202032,-0.554856,0.852048,-19.389999,-10.010000,-5.390000,26.48
1,3,5,-0.160552,-0.539240,0.851560,-29.260000,-13.300000,-5.250000,26.48
1,3,5,-0.131272,-0.545584,0.838384,-34.509998,-12.390000,-5.460000,26.48
1,3,5,-0.156160,-0.583648,0.800808,-42.139999,-14.490000,-12.180000,26.52
1,3,5,-0.157624,-0.610000,0.774944,-34.230000,-15.680000,-14.910000,26.50
1,3,5,-0.163480,-0.607072,0.782752,-29.049999,-17.010000,-16.170000,26.50
1,3,5,-0.157624,-0.601216,0.773968,-26.389999,-18.270000,-18.620001,26.50
1,3,5,-0.144448,-0.587552,0.762256,-19.320000,-18.969999,-18.270000,26.53
1,3,5,-0.111264,-0.573400,0.765672,-20.650000,-19.389999,-21.139999,26.55
1,3,5,-0.077592,-0.534848,0.753472,-8.470000,-21.700001,-23.799999,26.55
1,3,5,-0.041480,-0.548512,0.707112,10.290000,-21.139999,-22.120001,26.49
1,3,5,-0.107360,-0.522160,0.665144,-3.150000,-18.129999,-17.150000,26.52
1,3,5,-0.143960,-0.513376,0.631472,-33.950001,0.630000,-8.540000,26.52
1,3,5,-0.155184,-0.557784,0.642208,-53.759998,14.070000,3.360000,26.52
1,3,5,-0.152256,-0.607560,0.748104,-64.050003,26.950001,23.520000,26.52
1,3,5,-0.134688,-0.676368,0.837408,-53.060001,36.470001,37.869999,26.50
1,3,5,-0.124928,-0.717848,0.798368,-32.340000,34.720001,49.560001,26.49
1,3,5,-0.071248,-0.643184,0.782752,-22.330000,45.430000,50.049999,26.48
1,3,5,-0.105408,-0.691008,0.829600,-78.190002,43.470001,36.330002,26.48
1,3,5,-0.149328,-0.705160,0.945744,-111.370003,29.540001,21.840000,26.48
1,3,5,-0.118096,-0.578280,0.972096,-146.860001,1.330000,17.080000,26.50
1,3,5,-0.090768,-0.508496,0.958432,-166.250000,-33.389999,18.900000,26.50
1,3,5,-0.120536,-0.481656,0.917928,-218.190002,-52.990002,17.570000,26.52
1,3,5,-0.237656,-0.534360,0.887672,-347.130005,-90.510002,-17.500000,26.54
1,3,5,-0.020496,-0.462136,-0.055632,-520.940002,-219.869995,-144.899994,26.47
1,3,5,-0.003416,-1.036024,-0.075640,-488.880005,-267.260010,-165.690002,26.50
1,3,5,-0.058072,-1.804624,0.062464,-455.279999,-198.449997,-105.629997,26.50
1,3,5,-0.198128,-1.893440,-0.419680,-291.760010,-97.790001,-67.129997,26.52
1,3,5,-0.015128,-1.063352,-0.504104,-146.860001,-77.839996,-65.519997,26.48
1,3,5,0.062464,-1.000888,-0.524600,5.390000,-10.850000,-19.809999,26.47
1,3,5,0.048800,-0.972096,0.025376,55.020000,52.639999,6.720000,26.47
1,3,5,0.026840,-1.035048,-0.004392,55.160000,8.470000,11.340000,26.47
1,3,5,0.059536,-0.999424,0.114680,44.169998,6.580000,12.040000,26.49
1,3,5,0.054656,-0.975512,0.118584,15.470000,3.500000,12.320000,26.52
1,3,5,0.029280,-0.972096,0.107360,1.330000,-2.590000,10.780000,26.52
1,3,5,0.052216,-0.989664,0.080032,-14.560000,2.520000,12.390000,26.53
1,3,5,-0.001464,-1.051152,0.004392,-18.059999,-3.220000,7.280000,26.51
1,3,5,0.036600,-1.040904,0.003904,1.890000,-1.680000,-3.920000,26.49
1,3,5,0.047824,-1.032120,-0.001464,8.890000,-0.840000,-3.290000,26.45
1,3,5,0.051240,-1.029192,0.010248,19.389999,0.700000,-1.960000,26.45
1,3,5,0.047824,-1.024312,0.031232,23.450001,1.260000,-1.190000,26.49
1,3,5,0.064416,-0.997472,0.068808,17.639999,1.890000,2.100000,26.50
1,3,5,0.060512,-0.991128,0.097600,7.980000,0.140000,7.280000,26.50
1,3,6,0.023912,-1.018456,-0.014152,4.060000,-11.970000,8.890000,26.48
1,3,6,0.053680,-1.063840,0.003904,29.610001,-4.410000,9.450000,26.48
1,3,6,0.028792,-0.998936,0.118096,23.450001,6.230000,8.820000,26.49
1,3,6,0.010248,-0.980392,0.115168,12.040000,1.820000,7.280000,26.48
1,3,6,-0.001952,-0.976976,0.138592,-4.550000,-2.520000,3.570000,26.48
1,3,6,0.015616,-0.982344,0.124440,-14.700000,-2.240000,-1.050000,26.53
1,3,6,0.004392,-0.993080,0.088328,-20.790001,-3.500000,-7.140000,26.48
1,3,6,0.035136,-1.035048,0.018056,11.060000,-0.210000,-0.980000,26.50
1,3,6,0.046848,-1.006256,0.088328,4.760000,-0.210000,1.470000,26.50
1,3,6,0.036112,-1.010160,0.059048,-8.820000,-2.660000,0.000000,26.54
1,3,6,0.032208,-1.036024,0.093696,-7.770000,5.530000,0.490000,26.48
1,3,6,0.026352,-0.962336,-0.010248,-24.080000,-15.890000,-3.080000,26.48
1,3,6,0.031720,-1.030168,0.009272,-2.380000,-4.900000,-3.710000,26.45
1,3,6,0.041968,-1.035048,0.004880,5.670000,0.910000,-4.550000,26.48
1,3,6,0.075640,-0.972584,0.102968,-1.750000,5.390000,-0.280000,26.48
1,3,6,0.046360,-1.003328,0.052216,-14.560000,-2.660000,3.360000,26.46
1,3,6,0.040504,-1.010160,0.014640,3.010000,-1.400000,0.700000,26.51
1,3,6,0.039528,-1.016992,0.027816,6.160000,-1.190000,0.630000,26.50
1,3,6,0.042944,-1.020896,0.040504,7.840000,-0.910000,1.050000,26.45
1,3,6,0.038064,-1.004304,0.056608,6.090000,-0.700000,0.630000,26.45
1,3,6,0.038552,-1.004304,0.061488,3.150000,-1.820000,0.210000,26.54
1,3,6,-0.008784,-0.994056,0.105896,-7.910000,-12.530000,-9.240000,26.47
1,3,6,-0.076616,-0.874496,0.199104,-29.330000,-27.020000,-16.240000,26.47
1,3,6,-0.017568,-0.995032,0.151768,-70.769997,-3.150000,-35.630001,26.46
1,3,6,0.221064,-0.978440,-0.039528,-26.320000,-0.840000,1.330000,26.49
1,3,6,0.144936,-1.038464,-0.096136,-5.880000,4.270000,21.629999,26.52
1,3,6,0.069784,-0.987712,-0.053192,7.700000,9.100000,29.330000,26.52
1,3,6,0.064416,-0.996984,0.018056,9.380000,11.760000,24.920000,26.52
1,3,6,0.056120,-1.009184,0.027816,3.010000,17.080000,23.240000,26.50
1,3,6,0.004880,-1.014064,-0.018544,3.220000,11.900000,15.470000,26.47
1,3,6,-0.036600,-1.039440,-0.038552,8.120000,1.890000,5.040000,26.47
1,3,6,0.046848,-1.019432,0.010736,-0.280000,-4.550000,-18.549999,26.50
1,3,6,0.061488,-0.997960,0.023912,-3.990000,-3.780000,-16.799999,26.50
1,3,6,0.059048,-1.005280,0.002440,-7.980000,-4.130000,-14.350000,26.50
1,3,6,0.063440,-0.999424,-0.009760,-6.860000,-2.170000,-11.970000,26.50
1,3,6,0.112240,-1.006256,0.008784,-8.750000,1.960000,-0.140000,26.51
1,3,6,0.093208,-1.023336,-0.014640,-8.330000,2.940000,7.770000,26.50
1,3,6,0.085400,-1.038952,-0.004392,-7.910000,1.890000,13.510000,26.46
1,3,6,0.019520,-1.001376,-0.036600,-14.000000,-1.610000,-7.350000,26.52
1,3,6,0.025376,-1.013576,-0.045384,-7.910000,-4.130000,-15.050000,26.52
1,3,6,0.042456,-1.031632,-0.037088,-5.250000,-5.460000,-20.650000,26.45
1,3,6,0.062952,-1.035536,-0.025376,-4.480000,-5.110000,-22.750000,26.50
1,3,6,0.073200,-0.999912,-0.009272,-6.510000,-0.140000,-21.000000,26.50
1,3,6,0.082472,-1.004792,-0.013176,-8.820000,5.320000,-17.990000,26.48
1,3,6,0.102480,-1.015040,-0.018056,-10.220000,8.890000,-17.430000,26.50
1,3,6,0.052216,-1.017968,-0.065880,-0.350000,9.100000,-12.320000,26.46
1,3,6,0.063928,-1.025288,-0.044408,3.570000,7.980000,-11.970000,26.48
1,3,6,0.099064,-1.037976,-0.000976,0.630000,5.810000,-9.240000,26.48
1,3,6,0.099552,-0.993568,-0.016104,-3.920000,5.180000,-7.910000,26.53
1,3,6,0.116632,-1.005280,-0.053192,2.590000,3.640000,-4.270000,26.53
1,3,6,0.123464,-0.991128,-0.051240,3.990000,2.870000,0.910000,26.52
1,3,6,0.100528,-0.969656,-0.009760,0.210000,2.310000,1.470000,26.49
1,3,6,0.079544,-1.067256,-0.014152,2.310000,-4.830000,-5.530000,26.47
1,3,7,0.076128,-1.064328,-0.016592,5.600000,-8.330000,-12.530000,26.48
1,3,7,0.118096,-1.068720,-0.002928,19.040001,-8.890000,-17.010000,26.48
1,3,7,0.147376,-1.044320,-0.018056,29.469999,-8.680000,-17.080000,26.55
1,3,7,0.174704,-0.967216,-0.019032,30.170000,-5.950000,-13.580000,26.52
1,3,7,0.167384,-1.027728,0.021472,-4.060000,-2.520000,-4.900000,26.48
1,3,7,0.121024,-1.041880,-0.007320,-3.430000,-3.360000,-4.550000,26.48
1,3,7,0.164944,-0.992104,-0.060512,13.650000,-1.190000,10.640000,26.46
1,3,7,0.137128,-1.027240,0.005856,16.590000,0.770000,14.630000,26.49
1,3,7,0.105896,-1.029192,0.019032,8.960000,-0.770000,10.430000,26.51
1,3,7,0.097112,-1.049200,0.024888,7.070000,-2.380000,5.180000,26.51
1,3,7,0.086376,-1.016016,0.012688,2.450000,-5.390000,-2.800000,26.55
1,3,7,0.113216,-0.996496,-0.001464,2.380000,-7.070000,-4.970000,26.50
1,3,7,0.141032,-0.996008,0.001464,3.360000,-5.950000,-1.260000,26.50
1,3,7,0.142008,-0.998936,-0.010248,4.270000,-2.660000,2.660000,26.52
1,3,7,0.113704,-1.013088,0.020008,9.100000,-2.870000,0.210000,26.50
1,3,7,0.116632,-1.027728,0.032208,4.410000,-1.540000,0.140000,26.54
1,3,7,0.122976,-1.015040,0.020008,0.140000,-2.940000,-0.490000,26.45
1,3,7,0.124440,-0.994544,0.014152,0.910000,-3.360000,-0.910000,26.45
1,3,7,0.124928,-0.990640,0.001952,-3.010000,-4.060000,0.280000,26.45
1,3,7,0.122000,-0.997960,-0.006832,-0.840000,-4.970000,-0.980000,26.47
1,3,7,0.120048,-0.982344,-0.001952,-1.050000,-5.740000,-2.310000,26.47
1,3,7,0.124440,-1.020896,0.007808,-4.690000,2.380000,4.480000,26.49
1,3,7,0.107360,-1.024312,0.006832,-1.540000,2.100000,2.870000,26.50
1,3,7,0.106872,-1.042368,0.009272,0.700000,0.910000,1.120000,26.51
1,3,7,0.116632,-1.018944,0.011224,-0.490000,0.000000,-0.070000,26.51
1,3,7,0.122000,-1.004304,-0.000488,-1.400000,-0.420000,-0.420000,26.50
1,3,7,0.110776,-0.981856,-0.010736,-2.170000,-1.960000,-1.750000,26.46
1,3,7,0.113704,-0.994056,-0.003416,-5.110000,-2.660000,-2.170000,26.46
1,3,7,0.127368,-1.008696,0.005856,-2.940000,0.560000,3.150000,26.48
1,3,7,0.141032,-1.002352,-0.008784,-1.260000,1.050000,4.270000,26.50
1,3,7,0.108824,-0.995032,-0.032696,0.140000,1.610000,3.290000,26.52
1,3,7,0.109800,-1.003816,-0.025376,3.920000,0.000000,0.770000,26.52
1,3,7,0.124440,-1.020408,0.000976,4.760000,0.840000,1.260000,26.46
1,3,7,0.126880,-1.027240,0.010248,4.970000,2.380000,2.730000,26.49
1,3,7,0.117608,-1.013576,0.010736,6.090000,2.170000,2.730000,26.49
1,3,7,0.107360,-0.997960,0.013664,0.840000,0.490000,1.260000,26.48
1,3,7,0.128832,-1.032608,0.036112,-7.070000,0.630000,1.960000,26.49
1,3,7,0.131272,-1.017480,0.009272,-14.210000,0.000000,5.810000,26.50
1,3,7,0.112728,-0.990640,-0.025864,-15.330000,-0.070000,5.180000,26.50
1,3,7,0.122488,-1.004304,-0.019032,-7.350000,5.460000,4.340000,26.48
1,3,7,0.115168,-0.989176,-0.023424,-10.150000,7.210000,5.810000,26.47
1,3,7,0.104432,-1.000888,-0.013176,-13.300000,6.510000,4.760000,26.48
1,3,7,0.107360,-1.029192,0.014152,-12.110000,5.670000,-0.070000,26.48
1,3,7,0.101504,-0.996008,-0.018544,3.360000,1.400000,-6.790000,26.48
1,3,7,0.134200,-1.001376,0.008296,1.050000,5.390000,-3.150000,26.51
1,3,7,0.129320,-1.012600,-0.016104,-0.840000,5.880000,0.630000,26.51
1,3,7,0.117608,-1.008696,-0.017080,-3.360000,4.900000,0.350000,26.51
1,3,7,0.102480,-0.999424,0.023424,-16.660000,3.500000,-0.910000,26.48
1,3,7,0.150304,-1.037976,0.020496,-16.030001,4.690000,-1.260000,26.43
1,3,7,0.126880,-1.068720,-0.010736,-25.200001,-0.910000,-1.400000,26.43
1,3,7,0.129808,-1.063352,-0.096136,-22.820000,-9.660000,-3.850000,26.52
1,3,7,0.142008,-1.013576,-0.103456,-9.590000,-8.120000,-1.400000,26.48
1,3,7,0.153232,-0.969168,-0.070272,4.270000,-2.800000,0.840000,26.45
1,3,7,0.175192,-0.909632,-0.058072,0.560000,0.630000,2.100000,26.45
1,3,8,0.115168,-1.012112,-0.054656,-6.510000,-1.540000,2.730000,26.47
1,3,8,0.127368,-1.079456,-0.063928,-6.580000,-0.140000,4.410000,26.48
1,3,8,0.104432,-1.112640,-0.089792,-2.310000,-0.910000,0.350000,26.50
1,3,8,0.115168,-1.005280,-0.050264,-0.420000,4.620000,2.100000,26.50
1,3,8,0.127368,-0.989664,-0.072712,2.380000,4.270000,1.540000,26.52
1,3,8,0.138592,-1.009184,-0.073200,1.820000,1.260000,3.150000,26.49
1,3,8,0.140544,-1.032120,-0.015616,-4.550000,2.520000,5.320000,26.49
1,3,8,0.105408,-1.086288,-0.072712,-10.150000,3.920000,10.920000,26.54
1,3,8,0.121512,-1.085312,-0.055144,-11.690000,0.770000,12.740000,26.50
1,3,8,0.150304,-1.069208,-0.071736,-9.100000,0.140000,16.450001,26.45
1,3,8,0.176168,-1.063352,-0.074664,-17.219999,4.900000,32.619999,26.45
1,3,8,0.103944,-1.036024,-0.078568,5.180000,15.400000,58.029999,26.50
1,3,8,0.160552,-1.018456,-0.118096,0.630000,12.530000,65.099998,26.52
1,3,8,0.101016,-0.988688,-0.119072,-6.160000,11.340000,64.820000,26.51
1,3,8,0.041968,-1.002352,-0.066368,-1.960000,12.950000,53.759998,26.51
1,3,8,-0.029768,-1.138504,-0.058560,5.740000,9.170000,42.419998,26.49
1,3,8,-0.148840,-1.226832,-0.093208,16.730000,-0.700000,21.420000,26.49
1,3,8,-0.166408,-1.196088,-0.071248,52.009998,-6.790000,27.160000,26.49
1,3,8,-0.027816,-0.895968,-0.130784,46.970001,14.560000,89.739998,26.45
1,3,8,-0.027816,-0.888160,-0.040016,17.920000,11.060000,78.400002,26.48
1,3,8,-0.035624,-1.013088,0.069784,15.820000,-0.560000,57.470001,26.52
1,3,8,-0.070272,-1.059936,0.098576,44.590000,-7.770000,28.700001,26.52
1,3,8,-0.064904,-0.984784,0.115168,69.720001,-11.270000,-4.200000,26.46
1,3,8,-0.071248,-0.858880,0.081496,72.730003,-14.980000,-31.290001,26.49
1,3,8,-0.075640,-0.858392,0.071248,70.559998,-15.540000,-51.380001,26.48
1,3,8,-0.312320,-0.874008,0.007808,40.599998,-25.830000,-54.669998,26.46
1,3,8,-0.183488,-0.726144,0.356240,-9.940000,-13.020000,-61.669998,26.46
1,3,8,0.000976,-1.333704,-0.131760,-101.709999,-39.340000,-3.080000,26.50
1,3,8,0.156160,-1.213656,-0.038064,-88.830002,-39.619999,81.480003,26.48
1,3,8,0.266936,-1.213656,-0.102968,-23.030001,-44.029999,140.839996,26.48
1,3,8,0.174704,-1.109224,0.086864,-23.799999,-37.310001,167.089996,26.51
1,3,8,0.006832,-0.995032,0.084912,-27.580000,-41.860001,128.309998,26.46
1,3,8,-0.305488,-0.698816,-0.247416,-85.120003,-34.160000,49.560001,26.49
1,3,8,-0.302560,-1.005280,-0.122000,-86.870003,-29.190001,41.509998,26.49
1,3,8,-0.318664,-1.117520,-0.308416,-90.160004,-19.459999,56.700001,26.50
1,3,8,-0.349896,-0.962336,-0.094184,-170.449997,-29.680000,50.820000,26.47
1,3,8,-0.055632,-1.103368,-0.127368,-190.470001,34.020000,-3.150000,26.47
1,3,8,0.107848,-1.107272,0.019032,-178.779999,64.050003,-47.880001,26.47
1,3,8,0.031232,-0.846680,0.159088,-143.500000,42.700001,-63.700001,26.49
1,3,8,0.043432,-0.930616,-0.264496,-79.099998,-18.129999,34.650002,26.45
1,3,8,-0.029280,-0.984296,-0.267424,-69.580002,-22.750000,32.200001,26.46
1,3,8,-0.176168,-0.914512,-0.297192,-62.930000,-18.549999,17.290001,26.46
1,3,8,-0.093696,-1.077504,-0.365024,-71.610001,-22.540001,6.300000,26.51
1,3,8,-0.132248,-1.056032,-0.410896,-69.720001,-31.500000,0.630000,26.49
1,3,8,-0.204472,-1.047248,-0.382592,-98.839996,-29.820000,2.450000,26.49
1,3,8,-0.194712,-1.123376,-0.395768,-84.279999,-5.810000,28.420000,26.46
1,3,8,-0.097600,-0.529480,-0.326960,-161.559998,-7.630000,54.459999,26.48
1,3,8,-0.483120,-0.647576,-0.725656,-124.320000,-15.890000,2.940000,26.46
1,3,8,-0.424072,-0.812032,-0.576816,-91.559998,-22.889999,-14.280000,26.50
1,3,8,-0.450912,-0.841800,-0.393816,-90.860001,-52.150002,-23.030001,26.50
1,3,9,-0.350384,-0.842288,-0.388936,-29.330000,-21.700001,-32.619999,26.40
1,3,9,-0.310856,-1.005280,-0.572912,30.799999,-83.510002,-29.540001,26.44
1,3,9,-0.372832,-0.840336,-0.569008,17.219999,-100.589996,11.830000,26.48
1,3,9,-0.257664,-0.801784,-0.552904,35.349998,-113.050003,20.020000,26.48
1,3,9,-0.233264,-0.681248,-0.542656,67.059998,-112.489998,7.000000,26.45
1,3,9,-0.339648,-0.769576,-0.470432,73.360001,-102.129997,8.470000,26.46
1,3,9,-0.451888,-0.787632,-0.418216,44.380001,-82.739998,10.570000,26.47
1,3,9,-0.489464,-0.877424,-0.455792,12.390000,-72.940002,29.750000,26.47
1,3,9,-0.380152,-0.792024,-0.567056,22.820000,-82.879997,26.459999,26.50
1,3,9,-0.301584,-0.761280,-0.353312,-11.760000,-92.260002,52.220001,26.44
1,3,9,-0.385032,-0.764208,-0.379664,-12.180000,-90.160004,55.439999,26.50
1,3,9,-0.439688,-0.767624,-0.350872,10.220000,-87.779999,51.450001,26.50
1,3,9,-0.501664,-0.781288,-0.310856,22.120001,-86.800003,54.669998,26.45
1,3,9,-0.490928,-0.776896,-0.357216,19.740000,-82.739998,48.369999,26.46
1,3,9,-0.532896,-0.732976,-0.339648,13.580000,-77.000000,43.959999,26.46
1,3,9,-0.479216,-0.804224,-0.356728,1.470000,-85.470001,51.520000,26.46
1,3,9,-0.539728,-0.815936,-0.200080,-8.050000,-85.190002,57.680000,26.46
1,3,9,-0.517768,-0.699792,-0.250344,3.220000,-79.800003,47.389999,26.44
1,3,9,-0.564128,-0.666608,-0.232288,21.070000,-67.690002,33.180000,26.48
1,3,9,-0.670512,-0.738832,-0.282064,19.180000,-57.889999,25.480000,26.48
1,3,9,-0.725168,-0.816424,-0.266936,7.070000,-57.610001,35.139999,26.46
1,3,9,-0.678320,-0.781288,-0.237168,-14.560000,-49.630001,40.950001,26.48
1,3,9,-0.632448,-0.807640,-0.207888,-19.950001,-50.470001,36.750000,26.48
1,3,9,-0.636352,-0.688568,-0.157136,11.970000,-42.910000,15.470000,26.48
1,3,9,-0.649528,-0.674416,-0.162016,10.360000,-28.840000,3.780000,26.47
1,3,9,-0.705648,-0.706624,-0.118584,1.750000,-7.910000,-1.540000,26.49
1,3,9,-0.754448,-0.754936,-0.158112,-3.290000,3.150000,0.840000,26.46
1,3,9,-0.750544,-0.757376,-0.264008,-10.710000,1.820000,8.820000,26.46
1,3,9,-0.706136,-0.734440,-0.279136,-7.350000,-3.080000,10.850000,26.52
1,3,9,-0.683688,-0.738344,-0.199592,-6.230000,-5.040000,8.260000,26.45
1,3,9,-0.656360,-0.712968,-0.125416,9.240000,3.850000,-5.810000,26.47
1,3,9,-0.676368,-0.711992,-0.179584,10.010000,13.790000,-7.350000,26.47
1,3,9,-0.668560,-0.742736,-0.210816,6.790000,12.530000,-3.640000,26.47
1,3,9,-0.659288,-0.742248,-0.224480,4.410000,6.930000,0.000000,26.43
1,3,9,-0.639768,-0.730536,-0.170800,6.440000,6.160000,-1.400000,26.43
1,3,9,-0.651480,-0.724192,-0.006344,10.570000,12.110000,-8.120000,26.51
1,3,9,-0.664168,-0.731024,-0.118096,14.000000,25.830000,-13.930000,26.52
1,3,9,-0.636352,-0.731512,-0.183976,28.139999,39.130001,-35.139999,26.46
1,3,9,-0.647576,-0.779824,-0.199104,38.639999,39.480000,-42.770000,26.45
1,3,9,-0.656360,-0.808616,-0.165920,44.099998,43.959999,-48.439999,26.45
1,3,9,-0.683688,-0.879376,-0.207400,62.650002,41.930000,-62.790001,26.50
1,3,9,-0.716384,-0.954040,-0.227408,99.330002,22.540001,-76.370003,26.44
1,3,9,-0.645624,-0.927688,-0.222528,132.089996,3.640000,-82.040001,26.44
1,3,9,-0.566568,-0.885232,-0.218136,157.080002,0.980000,-91.000000,26.46
1,3,9,-0.492880,-0.845704,-0.166408,205.169998,33.320000,-112.000000,26.50
1,3,9,-0.438712,-0.874008,-0.085400,221.759995,53.410000,-111.930000,26.47
1,3,9,-0.334768,-0.922808,-0.122976,238.279999,62.299999,-113.959999,26.45
1,3,9,-0.475312,-1.059936,-0.272792,292.040009,46.900002,-126.139999,26.45
1,3,9,-0.543144,-1.047248,-0.203984,329.350006,59.990002,-116.830002,26.44
1,3,9,-0.576816,-0.940864,-0.281576,266.140015,74.269997,-98.559998,26.50
1,3,9,-0.416752,-0.085888,1.190720,289.170013,82.949997,-90.230003,26.45
1,3,10,-0.275720,-0.779336,0.932080,242.550003,-83.230003,-174.160004,26.50
1,3,10,-0.053680,-0.659776,0.957944,224.699997,-75.739998,-148.050003,26.49
1,3,10,-0.037088,-0.617320,0.951600,190.750000,-57.259998,-114.099998,26.46
1,3,10,-0.129808,-0.547536,0.843264,174.860001,-67.480003,-96.949997,26.46
1,3,10,-0.028304,-0.525088,0.749080,180.880005,-66.849998,-120.400002,26.52
1,3,10,-0.082472,-0.442128,0.761768,202.020004,-74.410004,-147.910004,26.50
1,3,10,-0.045872,-0.427000,0.801784,190.679993,-84.209999,-160.089996,26.45
1,3,10,0.038064,-0.430904,0.933056,75.809998,-25.760000,-82.529999,26.45
1,3,10,0.035136,-0.471408,0.920856,89.040001,8.750000,-74.059998,26.47
1,3,10,-0.047336,-0.445544,0.781776,134.889999,27.370001,-105.980003,26.52
1,3,10,-0.147864,-0.215696,0.838872,118.650002,-31.990000,-104.510002,26.45
1,3,10,-0.068808,-0.317688,0.784216,106.750000,-50.610001,-88.760002,26.45
1,3,10,-0.040504,-0.375760,0.840824,105.139999,-50.330002,-78.400002,26.48
1,3,10,0.098576,-0.236680,0.975024,65.800003,-9.870000,-25.480000,26.44
1,3,10,-0.031720,-0.256688,0.911096,59.779999,-29.540001,-43.400002,26.48
1,3,10,0.027816,-0.319152,0.902800,86.099998,-33.810001,-73.500000,26.46
1,3,10,0.084424,-0.344528,1.015528,106.540001,-36.959999,-105.559998,26.46
1,3,10,0.090280,-0.257664,1.017480,98.139999,-40.810001,-101.150002,26.48
1,3,10,0.133224,-0.264984,0.994544,109.480003,-43.400002,-108.849998,26.48
1,3,10,0.141032,-0.177632,1.036024,103.180000,-51.099998,-101.290001,26.48
1,3,10,0.285480,-0.015616,1.024312,43.049999,-22.610001,-45.570000,26.44
1,3,10,0.167872,-0.026840,0.942328,54.320000,-6.720000,-28.139999,26.50
1,3,10,0.178120,-0.005856,0.954528,41.439999,-0.420000,-16.450001,26.42
1,3,10,0.219112,0.022448,0.924272,27.230000,5.110000,-23.590000,26.42
1,3,10,0.205448,-0.013664,0.921344,28.070000,9.800000,-39.410000,26.50
1,3,10,0.184464,-0.016104,0.929640,23.590000,10.150000,-38.290001,26.45
1,3,10,0.092232,-0.040016,0.924760,20.160000,2.800000,-30.450001,26.44
1,3,10,0.244000,0.056608,1.016504,20.790001,-21.770000,-35.840000,26.43
1,3,10,0.284992,0.144448,1.042856,3.640000,-17.709999,-32.410000,26.43
1,3,10,0.243024,0.000000,1.057984,3.640000,-10.220000,-25.969999,26.45
1,3,10,0.193248,-0.014152,1.003328,15.610000,-4.620000,-14.910000,26.49
1,3,10,0.201056,0.060512,0.986248,9.100000,-2.730000,-2.870000,26.49
1,3,10,0.215208,0.051728,0.994056,-3.780000,0.490000,7.490000,26.44
1,3,10,0.186904,-0.044408,0.973560,5.600000,4.970000,7.140000,26.50
1,3,10,0.172752,0.026840,0.964288,7.490000,-5.110000,-6.650000,26.47
1,3,10,0.198616,0.030744,0.987712,2.450000,-3.150000,-5.320000,26.47
1,3,10,0.200080,0.036112,0.989176,-2.800000,-1.190000,-4.270000,26.46
1,3,10,0.208864,0.020008,0.985760,-7.350000,2.590000,-3.500000,26.51
1,3,10,0.185928,0.010248,0.991616,-9.030000,3.430000,3.780000,26.51
1,3,10,0.198616,-0.021472,1.039928,-8.330000,3.220000,7.560000,26.47
1,3,10,0.214232,-0.071248,1.027240,5.530000,3.220000,3.010000,26.45
1,3,10,0.229360,-0.011712,1.013576,13.650000,1.680000,-4.480000,26.48
1,3,10,0.224480,0.027816,1.029680,-1.190000,21.629999,-2.730000,26.44
1,3,10,0.237168,0.044896,1.017968,-10.500000,28.700001,0.420000,26.44
1,3,10,0.210328,0.059048,1.009672,-25.340000,35.630001,6.650000,26.46
1,3,10,0.178120,0.044408,0.982344,-46.340000,40.110001,18.129999,26.47
1,3,10,0.174704,-0.004880,1.029680,-61.880001,38.430000,24.010000,26.47
1,3,10,0.202032,-0.022448,1.016504,-71.540001,46.689999,17.360001,26.49
1,3,10,0.170312,-0.007808,0.907192,-63.000000,45.779999,9.870000,26.46
1,3,10,0.079544,-0.115656,1.022848,-53.270000,61.250000,28.420000,26.45
1,3,10,-0.038552,-0.173728,0.899384,68.040001,76.860001,-22.469999,26.40
1,3,10,-0.038064,-0.187392,0.954528,86.730003,66.570000,-13.790000,26.44
1,3,11,-0.148840,-0.188856,0.960872,100.730003,60.130001,4.480000,26.44
1,3,11,-0.059048,-0.083936,1.019432,91.839996,65.309998,17.780001,26.45
1,3,11,-0.162016,0.024888,1.111176,58.730000,57.680000,23.030001,26.41
1,3,11,-0.150304,0.008784,1.119472,26.250000,46.900002,34.860001,26.43
1,3,11,-0.150792,-0.097112,0.963800,0.770000,66.150002,6.580000,26.45
1,3,11,-0.174704,-0.087352,0.926712,58.590000,62.509998,4.690000,26.45
1,3,11,-0.190808,-0.146888,0.922320,75.949997,53.130001,7.700000,26.49
1,3,11,-0.023912,-0.035624,0.979904,95.480003,54.880001,-0.420000,26.41
1,3,11,-0.087840,0.164456,0.992592,63.070000,48.720001,-4.550000,26.41
1,3,11,-0.132736,0.167384,1.003816,56.910000,43.889999,-4.830000,26.47
1,3,11,-0.190320,0.205448,1.002840,60.060001,40.320000,0.700000,26.49
1,3,11,-0.161528,-0.050752,0.968192,84.629997,63.209999,0.350000,26.48
1,3,11,-0.264984,0.181048,1.034560,75.250000,71.750000,-4.690000,26.48
1,3,11,-0.347456,0.130784,0.989176,57.889999,62.369999,-5.040000,26.52
1,3,11,-0.275720,0.134200,1.023336,28.000000,66.010002,-12.670000,26.48
1,3,11,-0.363072,0.090768,0.913048,19.950001,66.639999,-21.770000,26.50
1,3,11,-0.403576,0.067832,0.820816,-0.280000,34.299999,-22.540001,26.50
1,3,11,-0.470920,0.120048,0.830088,4.340000,18.549999,-17.709999,26.46
1,3,11,-0.103944,0.134200,0.841800,33.389999,13.020000,-3.710000,26.45
1,3,11,-0.406992,0.266448,0.974536,7.350000,7.770000,15.750000,26.45
1,3,11,-0.248880,0.154696,0.949160,34.090000,23.660000,17.920000,26.45
1,3,11,-0.359656,0.277672,0.977952,41.299999,1.260000,5.670000,26.44
1,3,11,-0.748592,-0.036600,1.120936,203.000000,-183.750000,-1.400000,26.49
1,3,11,-0.241560,0.496296,0.815448,123.900002,-180.110001,-27.510000,26.49
1,3,11,-0.206424,0.476288,0.935008,110.739998,-149.029999,-32.130001,26.46
1,3,11,-0.273768,0.403576,0.890112,4.620000,16.170000,0.770000,26.44
1,3,11,-0.336720,0.422120,0.896456,-25.900000,-13.230000,-3.290000,26.46
1,3,11,-0.308904,0.318664,0.890112,-34.930000,-17.150000,2.310000,26.46
1,3,11,-0.240584,0.305000,0.858392,-36.610001,11.550000,5.670000,26.47
1,3,11,-0.237168,0.260592,0.823744,-6.720000,14.420000,1.260000,26.45
1,3,11,-0.259128,0.318664,0.802760,5.250000,7.490000,-3.500000,26.47
1,3,11,-0.275720,0.366000,0.833992,10.360000,-5.320000,-3.640000,26.47
1,3,11,-0.272792,0.286944,1.016504,8.610000,-7.000000,2.800000,26.45
1,3,11,-0.266448,0.340136,1.028216,7.560000,-8.960000,-0.070000,26.42
1,3,11,-0.242536,0.325496,1.086288,-1.190000,-3.780000,0.000000,26.44
1,3,11,-0.265960,0.285968,1.020408,-0.700000,-0.770000,2.030000,26.44
1,3,11,-0.263520,0.345992,0.955992,-3.570000,-0.630000,0.140000,26.47
1,3,11,-0.265472,0.356728,0.860344,-14.070000,-5.180000,0.560000,26.45
1,3,11,-0.260592,0.276696,0.830088,-7.560000,-1.610000,0.350000,26.45
1,3,11,-0.244488,0.279624,0.970632,-7.840000,-10.850000,2.660000,26.41
1,3,11,-0.236680,0.302560,1.013088,-4.970000,-10.430000,2.870000,26.42
1,3,11,-0.255224,0.322080,1.016016,-10.360000,-12.320000,3.570000,26.47
1,3,11,-0.284504,0.272304,0.996008,-16.240000,-15.820000,3.290000,26.45
1,3,11,-0.305000,0.319152,0.918904,-17.290001,-23.240000,1.470000,26.45
1,3,11,-0.267912,0.243512,0.822768,-5.600000,-22.400000,2.660000,26.43
1,3,11,-0.269376,0.236680,0.847656,18.129999,-20.370001,7.280000,26.43
1,3,11,-0.183488,0.340624,0.929640,27.719999,-5.670000,-4.130000,26.44
1,3,11,-0.259128,0.277672,0.938912,-31.780001,-17.500000,-6.510000,26.44
1,3,12,-0.238632,0.272304,0.897920,-9.940000,-24.920000,0.490000,26.44
1,3,12,-0.205448,0.288408,0.950136,-17.639999,-23.170000,0.420000,26.41
1,3,12,-0.162016,0.245952,0.965752,-20.299999,-9.030000,2.170000,26.48
1,3,12,-0.182024,0.250832,0.976488,-9.730000,-2.100000,4.620000,26.48
1,3,12,-0.205448,0.234728,0.907192,17.639999,0.770000,4.130000,26.44
1,3,12,-0.221064,0.301584,0.911584,20.930000,-3.080000,-0.700000,26.46
1,3,12,-0.202032,0.273768,0.919392,-0.140000,-1.400000,-2.520000,26.43
1,3,12,-0.195200,0.296704,0.921832,-13.860000,-0.700000,-4.480000,26.43
1,3,12,-0.161040,0.232288,0.976000,-15.680000,3.150000,-5.040000,26.47
1,3,12,-0.195688,0.287432,0.996008,-19.740000,2.380000,-4.900000,26.50
1,3,12,-0.249368,0.257176,0.945256,-19.110001,-0.770000,-2.800000,26.50
1,3,12,-0.226920,0.267424,0.886208,4.130000,-3.850000,1.540000,26.48
1,3,12,-0.221064,0.294752,0.927200,7.420000,-6.650000,-3.990000,26.50
1,3,12,-0.211304,0.305976,0.938424,11.620000,-0.280000,0.420000,26.43
1,3,12,-0.197640,0.278160,0.968192,4.480000,-4.760000,4.270000,26.43
1,3,12,-0.190808,0.309880,0.945744,-3.570000,-6.790000,2.450000,26.43
1,3,12,-0.363560,0.306952,0.945744,-5.040000,-7.000000,-0.140000,26.48
1,3,12,-0.242048,0.314760,0.938424,-10.920000,-16.799999,-2.800000,26.50
1,3,12,-0.187880,0.308416,0.944768,-14.350000,-26.530001,-6.790000,26.50
1,3,12,-0.203984,0.288408,0.929152,-14.630000,-36.540001,-10.920000,26.45
1,3,12,-0.161040,0.224480,0.961360,-8.540000,-54.459999,-13.580000,26.49
1,3,12,-0.121512,0.205448,0.962336,-0.630000,-30.520000,-10.080000,26.50
1,3,12,-0.154696,0.202520,0.965264,2.310000,-16.870001,-4.200000,26.50
1,3,12,-0.118096,0.094184,0.971608,6.930000,-2.800000,15.260000,26.45
1,3,12,-0.175680,0.338184,0.951112,24.570000,0.560000,16.660000,26.45
1,3,12,-0.131272,0.367464,0.959896,10.920000,-1.610000,8.470000,26.48
1,3,12,-0.143960,0.335256,0.951112,1.890000,-2.940000,5.040000,26.48
1,3,12,-0.138592,0.303048,0.959896,-3.920000,3.780000,-5.110000,26.48
1,3,12,-0.041968,0.315736,0.977952,-11.410000,4.830000,-13.160000,26.52
1,3,12,-0.153232,0.250832,0.979904,-11.410000,2.940000,-8.680000,26.46
1,3,12,-0.189344,0.282064,0.954040,-4.760000,-1.890000,-6.790000,26.46
1,3,12,-0.197152,0.276208,0.951112,-3.500000,-10.010000,-8.330000,26.45
1,3,12,-0.213256,0.273280,0.944280,-3.990000,-14.630000,-6.090000,26.42
1,3,12,-0.172752,0.244488,0.972584,-8.750000,-12.460000,-2.590000,26.42
1,3,12,-0.140056,0.269376,0.983320,-19.320000,5.180000,2.730000,26.46
1,3,12,-0.189344,0.264008,0.957944,-21.629999,-4.970000,4.550000,26.44
1,3,12,-0.207400,0.285968,0.939400,-25.549999,-14.910000,3.780000,26.45
1,3,12,-0.156648,0.298168,0.931592,-29.889999,-21.700001,-4.270000,26.46
1,3,12,-0.158112,0.252296,0.907680,-32.340000,-24.570000,-5.670000,26.46
1,3,12,-0.135664,0.219600,0.914024,-31.010000,-22.750000,-6.300000,26.49
1,3,12,-0.115168,0.216672,0.927200,-36.330002,-25.129999,-9.240000,26.47
1,3,12,-0.132248,0.214232,1.012112,-37.660000,-33.180000,-8.120000,26.45
1,3,12,-0.125904,0.169824,1.053592,-33.880001,-35.700001,-4.900000,26.45
1,3,12,-0.153232,0.185440,1.024800,-30.240000,-39.270000,-2.310000,26.47
1,3,12,-0.126880,0.180072,0.996984,-53.619999,-41.299999,2.310000,26.43
1,3,12,-0.042944,0.112728,0.989664,-34.090000,-36.119999,6.440000,26.43
1,3,12,-0.015616,0.098576,1.000400,-24.780001,-21.629999,15.400000,26.48
1,3,12,-0.026352,0.153720,0.989664,-16.030001,-17.150000,17.080000,26.42
1,3,12,-0.095648,0.125904,1.028704,-23.100000,-37.450001,6.160000,26.48
1,3,12,0.035624,0.105896,1.003816,-40.110001,-93.800003,20.020000,26.43
1,3,12,0.016592,0.135176,1.009672,-44.799999,-63.490002,13.510000,26.48
1,3,12,0.077104,0.124440,1.059936,-39.759998,-53.549999,6.930000,26.45
1,3,12,0.081496,0.082960,1.010648,-34.720001,-43.330002,6.230000,26.45
1,3,12,0.105896,0.023912,0.957456,-40.669998,-44.869999,11.480000,26.45
1,3,13,0.133224,0.033672,0.977464,-48.509998,-44.799999,17.500000,26.40
1,3,13,0.328912,-0.026352,1.034072,-42.000000,-19.040001,8.610000,26.46
1,3,13,0.321104,-0.096624,0.966240,-33.810001,-9.590000,12.670000,26.46
1,3,13,0.248392,-0.113704,0.967216,-27.719999,-3.220000,14.420000,26.42
1,3,13,0.177632,-0.069296,0.968192,-31.219999,3.290000,14.560000,26.42
1,3,13,0.175192,-0.009760,1.021384,-39.270000,9.310000,10.150000,26.48
1,3,13,0.145424,-0.027816,1.019432,-37.029999,6.930000,3.360000,26.46
1,3,13,0.113704,-0.052704,1.062864,-42.349998,-17.709999,0.210000,26.46
1,3,13,0.156648,-0.105408,0.989664,-35.000000,-17.990000,15.190000,26.49
1,3,13,0.169824,-0.087352,0.967216,-33.110001,-14.910000,19.180000,26.45
1,3,13,0.174216,-0.095160,0.982832,-32.480000,-13.160000,17.219999,26.44
1,3,13,0.201544,-0.104432,0.959896,-31.430000,-14.490000,12.460000,26.45
1,3,13,0.235704,-0.140544,0.990152,-30.799999,-5.740000,8.190000,26.45
1,3,13,0.229848,-0.175680,0.980392,-38.009998,-4.480000,1.120000,26.47
1,3,13,0.151280,-0.224480,0.938912,-33.110001,-2.030000,-15.120000,26.43
1,3,13,0.131272,-0.118096,1.023824,-23.240000,-26.389999,-15.400000,26.50
1,3,13,0.146400,-0.114192,0.944280,-23.450001,-40.880001,-5.950000,26.50
1,3,13,0.210328,-0.098088,0.970144,-23.100000,-40.810001,5.740000,26.45
1,3,13,0.226432,-0.103456,0.963312,-23.100000,-45.779999,21.840000,26.43
1,3,13,0.281576,-0.142984,0.976000,-22.680000,-44.169998,33.880001,26.43
1,3,13,0.321592,-0.167872,0.981856,-16.030001,-40.740002,33.950001,26.44
1,3,13,0.320616,-0.170800,0.944768,-17.080000,-27.160000,27.440001,26.44
1,3,13,0.242048,-0.203984,0.972584,7.840000,-18.830000,-0.770000,26.42
1,3,13,0.254736,-0.165920,1.005280,4.550000,-8.470000,3.500000,26.40
1,3,13,0.268400,-0.193248,0.919880,-9.800000,9.030000,9.800000,26.40
1,3,13,0.266936,-0.308904,0.984296,0.140000,-3.920000,13.720000,26.46
1,3,13,0.281088,-0.263520,0.995032,5.880000,-13.650000,21.840000,26.48
1,3,13,0.283528,-0.140056,0.975512,-9.030000,-18.900000,14.210000,26.48
1,3,13,0.289872,-0.157624,0.944768,-14.630000,-7.700000,13.930000,26.45
1,3,13,0.183488,-0.169336,0.882304,-4.340000,-0.350000,-0.980000,26.45
1,3,13,0.216184,-0.192760,0.905240,1.400000,-1.330000,-4.410000,26.48
1,3,13,0.308904,-0.210816,0.962824,8.260000,-11.620000,-8.890000,26.48
1,3,13,0.351848,-0.212768,1.045296,-0.770000,-0.280000,1.050000,26.44
1,3,13,0.291824,-0.261568,1.004304,-5.040000,10.850000,10.080000,26.46
1,3,13,0.230824,-0.202032,0.975024,-9.030000,13.370000,11.760000,26.47
1,3,13,0.190808,-0.172264,0.943792,-6.580000,1.330000,-5.740000,26.47
1,3,13,0.266936,-0.004392,0.944768,5.250000,-1.610000,-2.450000,26.48
1,3,13,0.181536,-0.121512,0.943304,11.130000,-15.820000,8.890000,26.48
1,3,13,0.235216,-0.178120,0.948184,11.690000,-16.590000,9.520000,26.41
1,3,13,0.314272,-0.243512,0.981856,5.880000,-13.860000,9.170000,26.42
1,3,13,0.305488,-0.210328,1.007232,-3.430000,-6.650000,16.590000,26.42
1,3,13,0.278160,-0.261080,0.980880,-8.820000,-1.120000,18.410000,26.45
1,3,13,0.245464,-0.244976,0.922808,-7.910000,6.650000,9.240000,26.45
1,3,13,0.208864,-0.201544,0.933544,-2.310000,14.140000,10.570000,26.41
1,3,13,0.163968,-0.197152,0.915000,2.940000,8.610000,11.760000,26.41
1,3,13,0.248880,-0.289872,1.029192,6.860000,9.450000,-2.450000,26.41
1,3,13,0.174704,-0.118584,0.917440,20.860001,-7.070000,8.540000,26.43
1,3,13,0.222528,-0.159576,0.932568,12.600000,-13.370000,13.650000,26.43
1,3,13,0.272304,-0.203496,0.959896,2.170000,-5.670000,13.650000,26.44
1,3,13,0.272792,-0.228384,0.949160,-1.610000,1.050000,8.890000,26.46
1,3,13,0.270352,-0.217648,0.984296,-14.630000,4.200000,5.110000,26.41
1,3,13,0.231800,-0.186416,0.983320,6.790000,3.570000,1.330000,26.45
1,3,14,0.199592,-0.217160,0.962336,8.120000,11.340000,5.460000,26.45
1,3,14,0.205936,-0.197640,0.956480,8.610000,9.240000,8.540000,26.50
1,3,14,0.184952,-0.154696,0.928176,6.510000,5.320000,6.300000,26.50
1,3,14,0.212768,-0.167872,0.939888,2.940000,2.030000,1.680000,26.42
1,3,14,0.249368,-0.222528,0.941352,-14.210000,0.560000,0.630000,26.48
1,3,14,0.274256,-0.226432,0.993080,-25.200001,0.280000,0.280000,26.44
1,3,14,0.177632,-0.270840,0.978440,12.040000,-7.560000,-14.350000,26.48
1,3,14,0.193248,-0.125904,1.017968,28.910000,-10.850000,-13.650000,26.48
1,3,14,0.259616,-0.212768,1.040904,26.250000,3.360000,-2.310000,26.43
1,3,14,0.248392,-0.204960,1.030656,14.560000,12.950000,14.420000,26.42
1,3,14,0.279624,-0.230336,1.026752,5.110000,14.630000,21.980000,26.45
1,3,14,0.249856,-0.257176,0.982344,0.630000,11.340000,19.110001,26.45
1,3,14,0.203496,-0.203496,0.941352,0.070000,7.700000,14.350000,26.44
1,3,14,0.176168,-0.183488,0.964288,25.760000,-5.390000,-0.910000,26.43
1,3,14,0.221552,-0.128832,0.966240,31.990000,3.010000,-1.470000,26.49
1,3,14,0.192272,-0.180560,0.955016,28.139999,7.700000,-2.380000,26.49
1,3,14,0.237168,-0.138104,0.971608,19.110001,10.220000,-2.660000,26.45
1,3,14,0.275232,-0.189832,0.990152,2.240000,12.460000,-2.660000,26.41
1,3,14,0.236192,-0.206424,0.957456,-8.890000,11.970000,-2.660000,26.41
1,3,14,0.184464,-0.191784,0.952088,-12.040000,10.010000,-3.220000,26.42
1,3,14,0.155672,-0.157136,0.962824,0.210000,9.870000,-5.320000,26.43
1,3,14,0.146400,-0.178120,0.968680,5.250000,6.510000,-3.780000,26.41
1,3,14,0.208376,-0.208864,1.005280,4.900000,6.160000,-0.910000,26.45
1,3,14,0.212768,-0.204960,1.006744,1.820000,5.110000,0.700000,26.45
1,3,14,0.211304,-0.219112,1.004304,-1.050000,3.640000,1.400000,26.47
1,3,14,0.210816,-0.187880,0.999424,-4.480000,3.850000,0.840000,26.40
1,3,14,0.189832,-0.192272,0.999424,-6.510000,5.460000,-0.140000,26.40
1,3,14,0.175680,-0.180560,0.981368,-2.170000,4.410000,-0.280000,26.43
1,3,14,0.181048,-0.181048,0.977952,5.950000,-3.150000,-2.310000,26.41
1,3,14,0.193736,-0.178120,0.993568,4.970000,-5.250000,-1.610000,26.43
1,3,14,0.197640,-0.181048,1.016504,3.360000,-4.340000,2.100000,26.40
1,3,14,0.205448,-0.190320,1.010160,1.470000,-0.490000,4.760000,26.40
1,3,14,0.182512,-0.165920,0.992592,1.890000,0.910000,5.530000,26.44
1,3,14,0.167872,-0.143472,0.985272,3.290000,1.750000,3.920000,26.40
1,3,14,0.375760,-0.052216,1.054080,-16.660000,1.960000,9.800000,26.40
1,3,14,0.198128,-0.191784,0.974048,7.000000,-0.560000,-2.380000,26.46
1,3,14,0.184464,-0.177144,0.991128,5.390000,-1.470000,-3.710000,26.45
1,3,14,0.166408,-0.183976,0.984296,4.200000,-1.260000,-3.710000,26.45
1,3,14,0.180560,-0.171776,0.995520,5.110000,2.800000,-3.920000,26.45
1,3,14,0.164456,-0.154208,0.979904,7.210000,3.920000,-4.970000,26.45
1,3,14,0.161528,-0.169336,0.980880,7.140000,4.060000,-4.550000,26.42
1,3,14,0.162992,-0.163968,0.977464,6.650000,0.560000,-5.110000,26.42
1,3,14,0.133712,-0.233752,0.974536,11.480000,-2.590000,1.120000,26.44
