timestamp,ctr,ax_g,ay_g,az_g
2026-02-17T20:12:08.569,-7835,-0.213,0.014,1.047
2026-02-17T20:12:08.584,-7834,-0.140,0.011,1.110
2026-02-17T20:12:08.599,-7833,-0.255,0.007,0.843
2026-02-17T20:12:08.599,-7832,-0.421,-0.172,0.730
2026-02-17T20:12:08.613,-7831,-0.346,-0.065,0.963
2026-02-17T20:12:08.628,-7830,-0.222,-0.059,0.970
2026-02-17T20:12:08.643,-7829,-0.242,-0.171,0.939
2026-02-17T20:12:10.043,-7828,-0.237,-0.174,0.957
2026-02-17T20:12:10.044,-7827,-0.198,-0.270,1.011
2026-02-17T20:12:10.069,-7826,-0.150,-0.156,1.034
2026-02-17T20:12:10.071,-7825,-0.115,-0.171,0.902
2026-02-17T20:12:10.072,-7824,-0.342,0.034,0.882
2026-02-17T20:12:10.074,-7823,-0.213,0.060,0.929
2026-02-17T20:12:10.074,-7822,-0.214,0.011,1.055
2026-02-17T20:12:10.075,-7821,-0.113,-0.045,1.104
2026-02-17T20:12:10.075,-7820,-0.098,-0.081,1.101
2026-02-17T20:12:10.075,-7819,-0.030,-0.118,0.971
2026-02-17T20:12:10.076,-7818,-0.124,-0.112,1.020
2026-02-17T20:12:10.076,-7817,-0.141,-0.028,1.029
2026-02-17T20:12:10.076,-7815,-0.138,-0.107,0.959
2026-02-17T20:12:10.084,-7814,-0.076,-0.143,1.014
2026-02-17T20:12:10.100,-7813,-0.088,-0.148,1.002
2026-02-17T20:12:10.114,-7812,-0.073,-0.153,1.003
2026-02-17T20:12:10.115,-7811,-0.065,-0.159,0.992
2026-02-17T20:12:10.128,-7810,-0.070,-0.162,0.974
2026-02-17T20:12:10.144,-7809,-0.073,-0.162,0.965
2026-02-17T20:12:10.159,-7808,-0.079,-0.163,0.956
2026-02-17T20:12:10.174,-7807,-0.077,-0.156,0.965
2026-02-17T20:12:10.175,-7806,-0.074,-0.155,0.981
2026-02-17T20:12:10.189,-7805,-0.070,-0.153,1.003
2026-02-17T20:12:10.203,-7804,-0.071,-0.145,1.015
2026-02-17T20:12:10.249,-7803,-0.072,-0.150,1.011
2026-02-17T20:12:10.249,-7802,-0.071,-0.154,0.995
2026-02-17T20:12:10.249,-7801,-0.073,-0.157,0.975
2026-02-17T20:12:10.309,-7799,-0.086,-0.158,0.970
2026-02-17T20:12:10.310,-7798,-0.093,-0.151,0.989
2026-02-17T20:12:10.310,-7797,-0.094,-0.151,1.012
2026-02-17T20:12:10.369,-7795,-0.088,-0.155,1.053
2026-02-17T20:12:10.369,-7794,-0.078,-0.162,1.058
2026-02-17T20:12:10.370,-7793,-0.091,-0.153,1.043
2026-02-17T20:12:10.428,-7791,-0.091,-0.155,1.005
2026-02-17T20:12:10.429,-7790,-0.085,-0.148,0.964
2026-02-17T20:12:10.489,-7789,-0.077,-0.156,0.945
2026-02-17T20:12:10.489,-7787,-0.053,-0.174,0.895
2026-02-17T20:12:10.490,-7786,-0.053,-0.184,0.871
2026-02-17T20:12:10.549,-7784,-0.055,-0.187,0.905
2026-02-17T20:12:10.550,-7783,-0.033,-0.230,1.017
2026-02-17T20:12:10.550,-7782,-0.048,-0.238,1.039
2026-02-17T20:12:10.609,-7780,-0.093,-0.222,1.078
2026-02-17T20:12:10.609,-7779,-0.120,-0.191,1.105
2026-02-17T20:12:10.610,-7778,-0.126,-0.172,1.131
2026-02-17T20:12:10.669,-7776,-0.126,-0.187,1.186
2026-02-17T20:12:10.669,-7775,-0.111,-0.209,1.252
2026-02-17T20:12:10.670,-7774,-0.124,-0.192,1.241
2026-02-17T20:12:10.728,-7772,-0.111,-0.225,1.236
2026-02-17T20:12:10.729,-7771,-0.013,-0.146,1.332
2026-02-17T20:12:10.729,-7770,-0.050,-0.216,1.388
2026-02-17T20:12:10.788,-7768,-0.025,-0.282,1.549
2026-02-17T20:12:10.789,-7767,0.017,-0.214,1.707
2026-02-17T20:12:10.789,-7766,-0.043,-0.284,1.641
2026-02-17T20:12:10.848,-7764,-0.062,-0.346,1.561
2026-02-17T20:12:10.850,-7763,0.032,-0.426,1.725
2026-02-17T20:12:10.850,-7762,0.081,-0.503,1.694
2026-02-17T20:12:10.908,-7760,-0.007,-0.415,1.264
2026-02-17T20:12:10.910,-7759,-0.120,-0.236,0.979
2026-02-17T20:12:10.910,-7758,-0.103,-0.213,1.116
2026-02-17T20:12:10.969,-7756,-0.040,-0.433,1.048
2026-02-17T20:12:10.969,-7755,-0.020,-0.437,0.742
2026-02-17T20:12:10.969,-7754,-0.040,-0.352,0.533
2026-02-17T20:12:11.029,-7752,-0.169,-0.181,0.125
2026-02-17T20:12:11.029,-7751,-0.305,-0.180,-0.393
2026-02-17T20:12:11.030,-7750,-0.248,-0.227,-0.472
2026-02-17T20:12:11.088,-7748,-0.244,-0.196,-0.477
2026-02-17T20:12:11.089,-7747,-0.368,-0.207,-0.768
2026-02-17T20:12:11.089,-7746,-0.331,-0.188,-0.885
2026-02-17T20:12:11.148,-7744,-0.292,-0.103,-1.050
2026-02-17T20:12:11.150,-7743,-0.382,0.030,-1.100
2026-02-17T20:12:11.150,-7742,-0.453,0.059,-1.201
2026-02-17T20:12:11.208,-7740,-0.480,-0.083,-1.120
2026-02-17T20:12:11.209,-7739,-0.467,-0.261,-0.833
2026-02-17T20:12:11.209,-7738,-0.433,-0.359,-0.640
2026-02-17T20:12:11.268,-7736,-0.244,-0.464,-0.126
2026-02-17T20:12:11.269,-7735,-0.184,-0.465,-0.141
2026-02-17T20:12:11.270,-7734,-0.203,-0.378,-0.234
2026-02-17T20:12:11.328,-7732,-0.397,-0.301,-0.433
2026-02-17T20:12:11.329,-7731,-0.419,-0.322,-0.012
2026-02-17T20:12:11.329,-7730,-0.363,-0.369,0.243
2026-02-17T20:12:11.389,-7728,-0.184,-0.406,0.524
2026-02-17T20:12:11.390,-7727,-0.176,-0.356,0.396
2026-02-17T20:12:11.390,-7726,-0.175,-0.344,0.328
2026-02-17T20:12:11.448,-7724,-0.063,-0.368,0.650
2026-02-17T20:12:11.449,-7723,0.011,-0.392,1.338
2026-02-17T20:12:11.449,-7722,-0.107,-0.289,1.344
2026-02-17T20:12:11.509,-7720,-0.095,-0.334,1.279
2026-02-17T20:12:11.509,-7719,0.174,-0.544,1.700
2026-02-17T20:12:11.510,-7718,0.139,-0.548,1.837
2026-02-17T20:12:11.569,-7716,-0.078,-0.404,1.806
2026-02-17T20:12:11.570,-7715,-0.340,-0.244,1.434
2026-02-17T20:12:11.570,-7714,-0.257,-0.313,1.385
2026-02-17T20:12:11.629,-7711,0.014,-0.466,1.643
2026-02-17T20:12:11.629,-7710,-0.061,-0.447,1.556
2026-02-17T20:12:11.630,-7709,-0.118,-0.411,1.403
2026-02-17T20:12:11.748,-7707,-0.253,-0.252,1.080
2026-02-17T20:12:11.749,-7706,-0.181,-0.259,1.218
2026-02-17T20:12:11.749,-7705,-0.015,-0.355,1.458
2026-02-17T20:12:11.751,-7703,0.095,-0.466,1.713
2026-02-17T20:12:11.809,-7701,-0.154,-0.348,1.445
2026-02-17T20:12:11.809,-7700,-0.079,-0.360,1.265
2026-02-17T20:12:11.810,-7699,-0.063,-0.391,1.267
2026-02-17T20:12:11.869,-7697,-0.042,-0.392,1.260
2026-02-17T20:12:11.869,-7696,-0.061,-0.411,1.308
2026-02-17T20:12:11.869,-7695,-0.023,-0.441,1.443
2026-02-17T20:12:11.928,-7693,0.041,-0.542,1.658
2026-02-17T20:12:11.929,-7692,-0.012,-0.454,1.451
2026-02-17T20:12:11.929,-7691,-0.036,-0.427,1.319
2026-02-17T20:12:11.988,-7689,-0.056,-0.447,1.301
2026-02-17T20:12:11.988,-7688,0.000,-0.578,1.515
2026-02-17T20:12:11.989,-7687,0.000,-0.557,1.414
2026-02-17T20:12:12.048,-7684,-0.179,-0.348,0.844
2026-02-17T20:12:12.049,-7683,-0.162,-0.377,0.781
2026-02-17T20:12:12.050,-7682,-0.162,-0.409,0.722
2026-02-17T20:12:12.108,-7680,-0.069,-0.459,0.630
2026-02-17T20:12:12.109,-7679,-0.218,-0.347,0.339
2026-02-17T20:12:12.109,-7678,-0.175,-0.408,0.347
2026-02-17T20:12:12.169,-7676,-0.151,-0.492,0.235
2026-02-17T20:12:12.169,-7675,-0.168,-0.392,0.023
2026-02-17T20:12:12.170,-7674,-0.272,-0.365,-0.111
2026-02-17T20:12:12.228,-7672,-0.432,-0.329,-0.361
2026-02-17T20:12:12.230,-7671,-0.444,-0.325,-0.440
2026-02-17T20:12:12.230,-7670,-0.412,-0.326,-0.531
2026-02-17T20:12:12.289,-7668,-0.354,-0.263,-0.818
2026-02-17T20:12:12.290,-7667,-0.433,-0.230,-0.957
2026-02-17T20:12:12.290,-7666,-0.502,-0.241,-1.000
2026-02-17T20:12:12.349,-7664,-0.399,-0.298,-0.898
2026-02-17T20:12:12.350,-7663,-0.311,-0.516,-0.737
2026-02-17T20:12:12.350,-7662,-0.284,-0.586,-0.561
2026-02-17T20:12:12.409,-7660,-0.271,-0.704,-0.277
2026-02-17T20:12:12.410,-7659,-0.261,-0.599,-0.234
2026-02-17T20:12:12.410,-7658,-0.277,-0.543,-0.340
2026-02-17T20:12:12.469,-7656,-0.305,-0.406,-0.563
2026-02-17T20:12:12.469,-7655,-0.458,-0.278,-0.678
2026-02-17T20:12:12.470,-7654,-0.464,-0.249,-0.569
2026-02-17T20:12:12.529,-7652,-0.378,-0.344,0.003
2026-02-17T20:12:12.529,-7651,-0.191,-0.436,0.431
2026-02-17T20:12:12.530,-7650,-0.226,-0.420,0.352
2026-02-17T20:12:12.589,-7648,-0.305,-0.342,0.133
2026-02-17T20:12:12.589,-7647,-0.105,-0.363,0.564
2026-02-17T20:12:12.590,-7646,0.017,-0.415,0.838
2026-02-17T20:12:12.648,-7644,-0.015,-0.401,1.250
2026-02-17T20:12:12.649,-7643,-0.131,-0.346,1.116
2026-02-17T20:12:12.649,-7642,-0.136,-0.333,1.073
2026-02-17T20:12:12.709,-7640,-0.044,-0.371,1.200
2026-02-17T20:12:12.710,-7639,0.022,-0.319,1.401
2026-02-17T20:12:12.710,-7638,-0.052,-0.268,1.442
2026-02-17T20:12:12.768,-7636,-0.099,-0.203,1.339
2026-02-17T20:12:12.769,-7635,-0.143,-0.142,1.213
2026-02-17T20:12:12.769,-7634,-0.149,-0.132,1.310
2026-02-17T20:12:12.828,-7632,-0.058,-0.189,1.596
2026-02-17T20:12:12.828,-7631,-0.173,-0.109,1.475
2026-02-17T20:12:12.830,-7630,-0.304,0.011,1.324
2026-02-17T20:12:12.889,-7628,-0.224,-0.041,1.420
2026-02-17T20:12:12.889,-7627,-0.018,-0.182,1.634
2026-02-17T20:12:12.890,-7626,0.025,-0.223,1.685
2026-02-17T20:12:12.948,-7624,-0.004,-0.253,1.520
2026-02-17T20:12:12.949,-7623,-0.100,-0.165,1.087
2026-02-17T20:12:12.949,-7622,-0.169,-0.077,0.916
2026-02-17T20:12:13.008,-7620,-0.247,-0.020,0.901
2026-02-17T20:12:13.008,-7619,-0.089,-0.181,1.362
2026-02-17T20:12:13.010,-7618,-0.096,-0.225,1.489
2026-02-17T20:12:13.069,-7616,-0.208,-0.173,1.449
2026-02-17T20:12:13.069,-7615,-0.232,-0.110,1.279
2026-02-17T20:12:13.069,-7614,-0.209,-0.097,1.265
2026-02-17T20:12:13.128,-7612,-0.145,-0.141,1.448
2026-02-17T20:12:13.129,-7611,-0.091,-0.236,1.614
2026-02-17T20:12:13.129,-7610,-0.106,-0.225,1.568
2026-02-17T20:12:13.189,-7608,-0.121,-0.202,1.549
2026-02-17T20:12:13.189,-7607,-0.095,-0.249,1.739
2026-02-17T20:12:13.190,-7606,-0.088,-0.268,1.781
2026-02-17T20:12:13.248,-7604,-0.102,-0.227,1.748
2026-02-17T20:12:13.249,-7603,-0.062,-0.277,1.697
2026-02-17T20:12:13.249,-7602,-0.013,-0.311,1.641
2026-02-17T20:12:13.309,-7600,-0.019,-0.294,1.668
2026-02-17T20:12:13.309,-7599,0.008,-0.315,1.720
2026-02-17T20:12:13.310,-7598,-0.032,-0.247,1.645
2026-02-17T20:12:13.368,-7596,-0.047,-0.186,1.417
2026-02-17T20:12:13.368,-7595,-0.095,-0.121,0.963
2026-02-17T20:12:13.429,-7594,-0.110,-0.037,0.828
2026-02-17T20:12:13.429,-7592,-0.193,-0.098,0.786
2026-02-17T20:12:13.430,-7591,-0.096,-0.003,0.591
2026-02-17T20:12:13.489,-7589,-0.146,0.092,0.218
2026-02-17T20:12:13.489,-7588,-0.360,0.040,-0.470
2026-02-17T20:12:13.490,-7587,-0.358,0.006,-0.469
2026-02-17T20:12:13.548,-7585,-0.287,0.080,-0.619
2026-02-17T20:12:13.549,-7584,-0.195,0.109,-0.884
2026-02-17T20:12:13.549,-7583,-0.195,0.051,-1.087
2026-02-17T20:12:13.608,-7580,-0.683,0.384,-1.615
2026-02-17T20:12:13.608,-7579,-0.486,0.223,-1.583
2026-02-17T20:12:13.610,-7578,-0.168,0.029,-1.418
2026-02-17T20:12:13.669,-7576,0.018,-0.263,-0.955
2026-02-17T20:12:13.669,-7575,-0.052,-0.285,-0.691
2026-02-17T20:12:13.670,-7574,-0.103,-0.244,-0.577
2026-02-17T20:12:13.728,-7572,-0.196,-0.150,-0.594
2026-02-17T20:12:13.729,-7571,-0.226,-0.068,-0.528
2026-02-17T20:12:13.729,-7570,-0.341,-0.001,-0.450
2026-02-17T20:12:13.788,-7568,-0.495,0.018,-0.131
2026-02-17T20:12:13.788,-7567,-0.195,-0.211,0.633
2026-02-17T20:12:13.789,-7566,-0.087,-0.314,0.852
2026-02-17T20:12:13.849,-7564,-0.210,-0.282,0.716
2026-02-17T20:12:13.850,-7563,-0.435,-0.002,0.420
2026-02-17T20:12:13.850,-7562,-0.482,-0.008,0.394
2026-02-17T20:12:13.909,-7559,0.263,-0.248,1.179
2026-02-17T20:12:13.909,-7558,0.194,-0.035,1.500
2026-02-17T20:12:13.910,-7557,-0.093,0.084,1.602
2026-02-17T20:12:13.969,-7555,-0.139,0.161,1.651
2026-02-17T20:12:13.969,-7554,0.277,-0.224,1.802
2026-02-17T20:12:13.970,-7553,0.146,-0.218,1.830
2026-02-17T20:12:14.088,-7551,-0.177,0.175,1.564
2026-02-17T20:12:14.089,-7550,-0.388,0.292,1.675
2026-02-17T20:12:14.089,-7549,-0.092,0.071,1.996
2026-02-17T20:12:14.089,-7547,0.195,-0.224,2.313
2026-02-17T20:12:14.148,-7545,-0.160,-0.148,1.699
2026-02-17T20:12:14.149,-7544,-0.335,0.007,1.305
2026-02-17T20:12:14.209,-7543,-0.218,-0.092,1.526
2026-02-17T20:12:14.210,-7541,-0.083,-0.255,1.834
2026-02-17T20:12:14.210,-7540,-0.195,-0.160,1.720
2026-02-17T20:12:14.268,-7537,-0.243,-0.006,1.306
2026-02-17T20:12:14.269,-7536,-0.162,0.000,1.398
2026-02-17T20:12:14.269,-7535,-0.141,-0.013,1.511
2026-02-17T20:12:14.329,-7533,-0.139,-0.044,1.916
2026-02-17T20:12:14.329,-7532,-0.069,-0.114,2.123
2026-02-17T20:12:14.329,-7531,-0.012,-0.089,2.075
2026-02-17T20:12:14.388,-7529,-0.009,-0.028,1.926
2026-02-17T20:12:14.389,-7528,-0.021,-0.041,1.999
2026-02-17T20:12:14.389,-7527,-0.057,-0.073,2.174
2026-02-17T20:12:14.448,-7525,0.053,-0.142,2.436
2026-02-17T20:12:14.449,-7524,0.075,0.026,2.162
2026-02-17T20:12:14.449,-7523,0.056,0.162,1.912
2026-02-17T20:12:14.509,-7521,-0.087,0.311,1.537
2026-02-17T20:12:14.509,-7520,-0.027,0.329,1.286
2026-02-17T20:12:14.509,-7519,-0.018,0.504,1.054
2026-02-17T20:12:14.568,-7517,-0.150,0.835,0.656
2026-02-17T20:12:14.569,-7516,-0.351,0.962,-0.535
2026-02-17T20:12:14.569,-7515,-0.497,0.769,-0.893
2026-02-17T20:12:14.629,-7513,-0.296,0.664,-0.551
2026-02-17T20:12:14.629,-7512,0.124,0.574,-0.750
2026-02-17T20:12:14.630,-7511,0.320,0.598,-1.095
2026-02-17T20:12:14.689,-7509,-0.015,0.657,-1.975
2026-02-17T20:12:14.749,-7508,-0.465,0.698,-2.082
2026-02-17T20:12:14.750,-7507,-0.479,0.526,-1.762
2026-02-17T20:12:14.750,-7505,-0.122,-0.075,-1.096
2026-02-17T20:12:14.809,-7503,0.070,-0.356,-0.460
2026-02-17T20:12:14.809,-7502,-0.454,0.129,-0.575
2026-02-17T20:12:14.809,-7501,-0.394,0.060,-0.409
2026-02-17T20:12:14.869,-7499,-0.121,-0.269,0.276
2026-02-17T20:12:14.870,-7498,-0.192,-0.386,0.590
2026-02-17T20:12:14.870,-7497,-0.331,-0.306,0.513
2026-02-17T20:12:14.929,-7495,-0.408,-0.339,0.343
2026-02-17T20:12:14.929,-7494,-0.189,-0.482,0.678
2026-02-17T20:12:14.930,-7493,-0.070,-0.501,1.123
2026-02-17T20:12:14.989,-7490,-0.188,-0.462,1.322
2026-02-17T20:12:14.989,-7489,-0.090,-0.644,1.170
2026-02-17T20:12:14.989,-7488,0.069,-0.705,1.140
2026-02-17T20:12:15.049,-7486,0.134,-0.465,1.134
2026-02-17T20:12:15.049,-7485,-0.307,-0.238,1.237
2026-02-17T20:12:15.050,-7484,-0.295,-0.215,1.320
2026-02-17T20:12:15.108,-7481,-0.087,-0.319,1.339
2026-02-17T20:12:15.109,-7480,-0.165,-0.222,1.305
2026-02-17T20:12:15.109,-7479,-0.208,-0.180,1.278
2026-02-17T20:12:15.169,-7477,-0.267,-0.018,1.436
2026-02-17T20:12:15.169,-7476,-0.162,-0.081,1.694
2026-02-17T20:12:15.170,-7475,-0.121,-0.137,1.734
2026-02-17T20:12:15.229,-7473,-0.114,-0.204,1.781
2026-02-17T20:12:15.229,-7472,-0.134,-0.201,1.722
2026-02-17T20:12:15.229,-7471,-0.098,-0.190,1.711
2026-02-17T20:12:15.289,-7468,-0.218,-0.169,1.769
2026-02-17T20:12:15.289,-7467,-0.141,-0.264,1.754
2026-02-17T20:12:15.289,-7466,-0.135,-0.277,1.665
2026-02-17T20:12:15.348,-7464,-0.259,-0.180,1.484
2026-02-17T20:12:15.349,-7463,-0.224,-0.175,1.530
2026-02-17T20:12:15.350,-7462,-0.174,-0.189,1.643
2026-02-17T20:12:15.408,-7460,-0.171,-0.162,1.655
2026-02-17T20:12:15.469,-7459,-0.150,-0.161,1.756
2026-02-17T20:12:15.470,-7458,-0.113,-0.181,1.827
2026-02-17T20:12:15.470,-7455,-0.041,-0.168,1.657
2026-02-17T20:12:15.470,-7454,-0.089,-0.133,1.557
2026-02-17T20:12:15.528,-7452,-0.193,-0.148,1.550
2026-02-17T20:12:15.529,-7451,-0.122,-0.294,1.636
2026-02-17T20:12:15.529,-7450,-0.067,-0.296,1.596
2026-02-17T20:12:15.588,-7448,-0.149,-0.162,1.312
2026-02-17T20:12:15.589,-7447,-0.208,-0.162,1.029
2026-02-17T20:12:15.589,-7446,-0.115,-0.231,1.038
2026-02-17T20:12:15.649,-7444,-0.085,-0.170,0.941
2026-02-17T20:12:15.649,-7443,-0.087,-0.116,0.780
2026-02-17T20:12:15.649,-7442,-0.111,-0.107,0.618
2026-02-17T20:12:15.709,-7440,-0.286,-0.077,0.360
2026-02-17T20:12:15.710,-7439,-0.291,-0.209,0.389
2026-02-17T20:12:15.710,-7438,-0.288,-0.127,0.345
2026-02-17T20:12:15.768,-7436,-0.081,0.031,0.109
2026-02-17T20:12:15.769,-7435,-0.066,0.133,-0.646
2026-02-17T20:12:15.769,-7434,-0.275,0.258,-1.053
2026-02-17T20:12:15.828,-7432,-0.528,0.593,-1.362
2026-02-17T20:12:15.828,-7431,-0.638,0.631,-1.756
2026-02-17T20:12:15.830,-7430,-0.471,0.479,-1.717
2026-02-17T20:12:15.889,-7428,-0.109,0.020,-1.354
2026-02-17T20:12:15.889,-7427,-0.058,-0.256,-0.953
2026-02-17T20:12:15.890,-7426,-0.092,-0.483,-0.677
2026-02-17T20:12:15.948,-7424,-0.162,-0.561,-0.272
2026-02-17T20:12:15.949,-7423,-0.110,-0.577,-0.177
2026-02-17T20:12:15.949,-7422,-0.054,-0.528,-0.252
2026-02-17T20:12:16.009,-7420,-0.183,-0.430,-0.433
2026-02-17T20:12:16.009,-7419,-0.607,-0.387,-0.406
2026-02-17T20:12:16.010,-7418,-0.658,-0.392,-0.160
2026-02-17T20:12:16.068,-7416,-0.373,-0.377,0.192
2026-02-17T20:12:16.069,-7415,-0.195,-0.352,0.188
2026-02-17T20:12:16.070,-7414,-0.277,-0.290,0.053
2026-02-17T20:12:16.128,-7411,-0.539,-0.519,0.312
2026-02-17T20:12:16.129,-7410,-0.125,-0.661,1.231
2026-02-17T20:12:16.129,-7409,0.110,-0.745,1.490
2026-02-17T20:12:16.189,-7407,0.185,-0.680,1.185
2026-02-17T20:12:16.189,-7406,-0.595,-0.223,0.355
2026-02-17T20:12:16.248,-7405,-0.782,-0.137,0.174
2026-02-17T20:12:16.248,-7403,-0.313,-0.328,0.881
2026-02-17T20:12:16.250,-7402,0.091,-0.297,1.398
2026-02-17T20:12:16.250,-7401,0.091,-0.220,1.452
2026-02-17T20:12:16.308,-7399,-0.304,0.083,1.067
2026-02-17T20:12:16.309,-7398,-0.518,0.170,1.004
2026-02-17T20:12:16.368,-7397,-0.306,0.064,1.239
2026-02-17T20:12:16.369,-7395,0.097,-0.035,1.888
2026-02-17T20:12:16.369,-7394,-0.023,0.022,1.897
2026-02-17T20:12:16.428,-7392,-0.302,0.044,1.616
2026-02-17T20:12:16.429,-7391,-0.089,-0.061,1.802
2026-02-17T20:12:16.429,-7390,-0.125,-0.042,1.759
2026-02-17T20:12:16.489,-7388,-0.254,0.022,1.482
2026-02-17T20:12:16.489,-7387,-0.336,0.048,1.400
2026-02-17T20:12:16.490,-7386,-0.347,0.052,1.488
2026-02-17T20:12:16.548,-7384,-0.274,-0.061,1.567
2026-02-17T20:12:16.550,-7383,-0.295,-0.039,1.458
2026-02-17T20:12:16.551,-7382,-0.330,0.020,1.387
2026-02-17T20:12:16.608,-7380,-0.336,0.034,1.398
2026-02-17T20:12:16.610,-7379,-0.199,-0.039,1.637
2026-02-17T20:12:16.610,-7378,-0.150,-0.044,1.663
2026-02-17T20:12:16.668,-7376,-0.123,-0.008,1.526
2026-02-17T20:12:16.669,-7375,-0.195,0.034,1.568
2026-02-17T20:12:16.669,-7374,-0.159,0.002,1.709
2026-02-17T20:12:16.728,-7372,-0.054,-0.032,1.904
2026-02-17T20:12:16.728,-7371,-0.079,0.020,1.788
2026-02-17T20:12:16.730,-7370,-0.108,0.053,1.715
2026-02-17T20:12:16.788,-7368,-0.185,0.011,1.740
2026-02-17T20:12:16.789,-7367,-0.062,-0.080,1.991
2026-02-17T20:12:16.789,-7366,-0.044,-0.096,1.922
2026-02-17T20:12:16.849,-7364,-0.053,-0.012,1.481
2026-02-17T20:12:16.849,-7363,-0.057,0.026,0.897
2026-02-17T20:12:16.850,-7362,-0.092,0.036,0.669
2026-02-17T20:12:16.908,-7360,-0.234,0.005,0.529
2026-02-17T20:12:16.909,-7359,-0.216,-0.095,0.617
2026-02-17T20:12:16.910,-7358,-0.229,-0.115,0.593
2026-02-17T20:12:16.968,-7356,-0.165,-0.386,0.829
2026-02-17T20:12:16.969,-7355,-0.060,-0.347,0.879
2026-02-17T20:12:16.969,-7354,-0.113,-0.142,0.620
2026-02-17T20:12:17.028,-7352,-0.265,0.039,0.128
2026-02-17T20:12:17.029,-7351,-0.339,-0.055,-0.360
2026-02-17T20:12:17.031,-7350,-0.380,-0.131,-0.425
2026-02-17T20:12:17.089,-7348,-0.329,-0.046,-0.364
2026-02-17T20:12:17.090,-7347,-0.258,0.258,-0.740
2026-02-17T20:12:17.090,-7346,-0.364,0.431,-1.084
2026-02-17T20:12:17.149,-7344,-0.625,0.460,-1.647
2026-02-17T20:12:17.149,-7343,-0.615,0.287,-1.552
2026-02-17T20:12:17.149,-7342,-0.539,0.171,-1.363
2026-02-17T20:12:17.208,-7340,-0.477,-0.002,-0.868
2026-02-17T20:12:17.209,-7339,-0.355,-0.187,-0.459
2026-02-17T20:12:17.210,-7338,-0.311,-0.178,-0.393
2026-02-17T20:12:17.329,-7336,-0.355,-0.079,-0.466
2026-02-17T20:12:17.329,-7335,-0.320,-0.044,-0.483
2026-02-17T20:12:17.389,-7334,-0.336,-0.056,-0.429
2026-02-17T20:12:17.389,-7332,-0.491,-0.146,-0.142
2026-02-17T20:12:17.389,-7331,-0.370,-0.157,0.464
2026-02-17T20:12:17.389,-7330,-0.247,-0.211,0.678
2026-02-17T20:12:17.448,-7328,0.097,-0.262,1.388
2026-02-17T20:12:17.449,-7327,0.218,-0.124,1.341
2026-02-17T20:12:17.450,-7326,0.051,-0.016,1.082
2026-02-17T20:12:17.509,-7324,-0.518,0.313,0.657
2026-02-17T20:12:17.510,-7323,0.052,0.260,1.210
2026-02-17T20:12:17.510,-7322,0.362,0.262,1.608
2026-02-17T20:12:17.568,-7320,0.407,0.344,2.136
2026-02-17T20:12:17.570,-7319,-0.231,0.640,1.839
2026-02-17T20:12:17.570,-7318,-0.477,0.729,1.664
2026-02-17T20:12:17.628,-7315,0.191,0.283,2.470
2026-02-17T20:12:17.630,-7314,0.249,0.135,2.451
2026-02-17T20:12:17.630,-7313,0.093,0.131,2.219
2026-02-17T20:12:17.688,-7311,-0.327,0.252,1.599
2026-02-17T20:12:17.689,-7310,-0.433,0.250,1.124
2026-02-17T20:12:17.689,-7309,-0.407,0.321,1.171
2026-02-17T20:12:17.749,-7307,-0.303,0.148,1.707
2026-02-17T20:12:17.749,-7306,-0.300,0.100,1.987
2026-02-17T20:12:17.750,-7305,-0.374,0.125,1.952
2026-02-17T20:12:17.808,-7303,-0.351,0.200,1.537
2026-02-17T20:12:17.809,-7302,-0.221,0.252,1.190
2026-02-17T20:12:17.809,-7301,-0.196,0.290,1.218
2026-02-17T20:12:17.868,-7299,-0.234,0.325,1.551
2026-02-17T20:12:17.869,-7298,-0.207,0.313,1.754
2026-02-17T20:12:17.869,-7297,-0.194,0.354,1.630
2026-02-17T20:12:17.929,-7295,-0.227,0.395,1.523
2026-02-17T20:12:17.989,-7294,-0.233,0.337,1.838
2026-02-17T20:12:17.989,-7293,-0.134,0.228,2.054
2026-02-17T20:12:17.990,-7291,0.030,0.150,1.966
2026-02-17T20:12:18.049,-7289,-0.062,0.116,1.538
2026-02-17T20:12:18.049,-7288,0.035,0.106,1.218
2026-02-17T20:12:18.050,-7287,0.011,0.080,1.106
2026-02-17T20:12:18.109,-7285,-0.078,0.065,1.084
2026-02-17T20:12:18.109,-7284,-0.038,-0.055,1.026
2026-02-17T20:12:18.111,-7283,0.021,0.004,0.917
2026-02-17T20:12:18.169,-7281,-0.035,0.236,0.535
2026-02-17T20:12:18.169,-7280,-0.227,0.238,0.388
2026-02-17T20:12:18.170,-7279,-0.289,0.146,0.401
2026-02-17T20:12:18.229,-7277,-0.271,0.191,0.246
2026-02-17T20:12:18.233,-7276,-0.168,0.367,-0.108
2026-02-17T20:12:18.233,-7275,-0.205,0.460,-0.409
2026-02-17T20:12:18.289,-7273,-0.304,0.606,-0.953
2026-02-17T20:12:18.289,-7272,-0.571,0.701,-1.426
2026-02-17T20:12:18.290,-7271,-0.663,0.679,-1.488
2026-02-17T20:12:18.348,-7269,-0.572,0.502,-1.325
2026-02-17T20:12:18.349,-7268,-0.393,0.306,-1.035
2026-02-17T20:12:18.349,-7267,-0.384,0.183,-0.974
2026-02-17T20:12:18.469,-7264,-0.509,-0.123,-0.833
2026-02-17T20:12:18.469,-7263,-0.410,-0.146,-0.668
2026-02-17T20:12:18.470,-7262,-0.331,-0.135,-0.589
2026-02-17T20:12:18.470,-7260,-0.276,-0.046,-0.594
2026-02-17T20:12:18.589,-7258,-0.524,-0.132,-0.699
2026-02-17T20:12:18.590,-7257,-0.403,-0.061,0.049
2026-02-17T20:12:18.648,-7256,-0.268,-0.017,0.191
2026-02-17T20:12:18.648,-7254,-0.203,-0.009,0.261
2026-02-17T20:12:18.650,-7253,0.514,0.319,1.794
2026-02-17T20:12:18.708,-7251,-0.030,0.286,1.528
2026-02-17T20:12:18.708,-7250,-0.178,0.383,1.550
2026-02-17T20:12:18.710,-7249,0.041,0.232,1.609
2026-02-17T20:12:18.768,-7247,0.079,0.200,1.390
2026-02-17T20:12:18.768,-7246,-0.192,0.572,1.102
2026-02-17T20:12:18.769,-7245,-0.207,0.686,1.245
2026-02-17T20:12:18.828,-7243,0.032,0.545,1.881
2026-02-17T20:12:18.830,-7242,0.149,0.338,2.318
2026-02-17T20:12:18.830,-7241,-0.009,0.322,2.219
2026-02-17T20:12:18.889,-7239,-0.276,0.337,1.581
2026-02-17T20:12:18.889,-7238,-0.263,0.407,1.343
2026-02-17T20:12:18.890,-7237,-0.167,0.298,1.465
2026-02-17T20:12:18.948,-7235,-0.048,0.142,1.842
2026-02-17T20:12:18.950,-7234,-0.238,0.146,1.660
2026-02-17T20:12:18.950,-7233,-0.279,0.176,1.484
2026-02-17T20:12:19.008,-7231,-0.231,0.254,1.298
2026-02-17T20:12:19.009,-7230,-0.164,0.283,1.207
2026-02-17T20:12:19.009,-7229,-0.125,0.289,1.236
2026-02-17T20:12:19.069,-7227,-0.080,0.273,1.260
2026-02-17T20:12:19.070,-7226,-0.078,0.313,1.236
2026-02-17T20:12:19.070,-7225,-0.060,0.346,1.261
2026-02-17T20:12:19.129,-7223,-0.033,0.327,1.404
2026-02-17T20:12:19.129,-7222,-0.019,0.282,1.587
2026-02-17T20:12:19.189,-7221,-0.057,0.305,1.739
2026-02-17T20:12:19.189,-7219,0.036,0.190,2.599
2026-02-17T20:12:19.190,-7218,0.098,0.314,2.556
2026-02-17T20:12:19.249,-7215,0.025,0.776,1.021
2026-02-17T20:12:19.249,-7214,0.129,0.208,1.843
2026-02-17T20:12:19.308,-7213,0.187,0.174,1.382
2026-02-17T20:12:19.308,-7211,0.037,0.312,0.590
2026-02-17T20:12:19.310,-7210,-0.158,0.254,0.101
2026-02-17T20:12:19.428,-7207,-0.291,-0.006,-0.179
2026-02-17T20:12:19.488,-7206,-0.434,0.119,-0.466
2026-02-17T20:12:19.489,-7205,-0.488,0.079,-0.463
2026-02-17T20:12:19.489,-7203,-0.639,0.009,-0.519
2026-02-17T20:12:19.549,-7201,-0.602,0.004,-0.500
2026-02-17T20:12:19.549,-7200,-0.503,0.281,-0.817
2026-02-17T20:12:19.550,-7199,-0.556,0.247,-0.888
2026-02-17T20:12:19.608,-7197,-0.538,0.128,-0.785
2026-02-17T20:12:19.610,-7196,-0.546,-0.081,-0.646
2026-02-17T20:12:19.610,-7195,-0.534,-0.124,-0.556
2026-02-17T20:12:19.669,-7193,-0.447,-0.073,-0.527
2026-02-17T20:12:19.669,-7192,-0.428,-0.097,-0.494
2026-02-17T20:12:19.669,-7191,-0.475,-0.077,-0.481
2026-02-17T20:12:19.789,-7189,-0.417,0.101,-0.181
2026-02-17T20:12:19.789,-7188,0.005,0.381,0.704
2026-02-17T20:12:19.790,-7187,0.165,0.474,0.885
2026-02-17T20:12:19.791,-7185,0.217,0.541,1.275
2026-02-17T20:12:19.848,-7183,-0.181,0.446,1.304
2026-02-17T20:12:19.849,-7182,0.303,0.183,1.914
2026-02-17T20:12:19.849,-7181,0.324,0.113,1.952
2026-02-17T20:12:19.909,-7179,-0.012,0.205,1.528
2026-02-17T20:12:19.909,-7178,-0.190,0.424,1.168
2026-02-17T20:12:19.910,-7177,-0.120,0.419,1.270
2026-02-17T20:12:19.969,-7175,0.164,0.211,1.751
2026-02-17T20:12:19.969,-7174,0.041,0.175,1.981
2026-02-17T20:12:19.970,-7173,-0.139,0.217,1.849
2026-02-17T20:12:20.029,-7171,-0.418,0.301,1.372
2026-02-17T20:12:20.030,-7170,-0.350,0.365,1.200
2026-02-17T20:12:20.031,-7169,-0.192,0.266,1.485
2026-02-17T20:12:20.031,-7167,-0.075,0.162,1.857
2026-02-17T20:12:20.088,-7166,-0.163,0.207,1.758
2026-02-17T20:12:20.089,-7165,-0.210,0.227,1.570
2026-02-17T20:12:20.089,-7164,-0.223,0.299,1.436
2026-02-17T20:12:20.148,-7162,-0.233,0.395,1.295
2026-02-17T20:12:20.148,-7161,-0.163,0.362,1.494
2026-02-17T20:12:20.150,-7160,-0.120,0.299,1.661
2026-02-17T20:12:20.208,-7158,-0.055,0.280,1.728
2026-02-17T20:12:20.209,-7157,-0.030,0.311,1.621
2026-02-17T20:12:20.209,-7156,-0.001,0.288,1.618
2026-02-17T20:12:20.268,-7154,0.025,0.244,1.696
2026-02-17T20:12:20.268,-7153,-0.082,0.305,1.900
2026-02-17T20:12:20.270,-7152,-0.057,0.419,2.130
2026-02-17T20:12:20.332,-7149,0.199,0.386,2.209
2026-02-17T20:12:20.332,-7148,0.222,0.714,1.768
2026-02-17T20:12:20.332,-7147,0.172,0.847,1.531
2026-02-17T20:12:20.389,-7145,-0.015,0.515,1.067
2026-02-17T20:12:20.389,-7144,0.106,0.436,0.864
2026-02-17T20:12:20.390,-7143,0.093,0.610,0.731
2026-02-17T20:12:20.449,-7141,-0.077,0.718,0.265
2026-02-17T20:12:20.449,-7140,-0.248,0.485,-0.155
2026-02-17T20:12:20.450,-7139,-0.244,0.421,-0.248
2026-02-17T20:12:20.569,-7137,-0.258,0.445,-0.453
2026-02-17T20:12:20.569,-7136,-0.278,0.602,-0.597
2026-02-17T20:12:20.569,-7135,-0.366,0.652,-0.871
2026-02-17T20:12:20.629,-7133,-0.516,0.716,-1.100
2026-02-17T20:12:20.629,-7132,-0.349,0.409,-0.689
2026-02-17T20:12:20.689,-7131,-0.413,0.391,-0.761
2026-02-17T20:12:20.689,-7129,-0.518,0.363,-0.853
2026-02-17T20:12:20.689,-7128,-0.527,0.283,-0.791
2026-02-17T20:12:20.690,-7127,-0.497,0.206,-0.700
2026-02-17T20:12:20.748,-7125,-0.389,0.078,-0.490
2026-02-17T20:12:20.749,-7124,-0.471,-0.067,-0.500
2026-02-17T20:12:20.750,-7123,-0.507,-0.054,-0.482
2026-02-17T20:12:20.808,-7121,-0.573,0.021,-0.365
2026-02-17T20:12:20.809,-7120,-0.314,0.201,0.088
2026-02-17T20:12:20.809,-7119,-0.083,0.324,0.356
2026-02-17T20:12:20.868,-7117,0.098,0.571,0.787
2026-02-17T20:12:20.869,-7116,0.040,0.796,1.024
2026-02-17T20:12:20.869,-7115,0.228,0.931,1.489
2026-02-17T20:12:20.928,-7113,0.565,0.651,2.217
2026-02-17T20:12:20.929,-7112,0.102,0.300,2.077
2026-02-17T20:12:20.930,-7111,-0.243,0.449,1.794
2026-02-17T20:12:20.988,-7109,-0.238,0.548,1.367
2026-02-17T20:12:20.990,-7108,0.145,0.328,1.417
2026-02-17T20:12:20.990,-7107,0.188,0.268,1.408
2026-02-17T20:12:21.049,-7104,-0.120,0.466,1.206
2026-02-17T20:12:21.049,-7103,0.025,0.485,1.499
2026-02-17T20:12:21.049,-7102,0.124,0.409,1.791
2026-02-17T20:12:21.108,-7100,0.078,0.334,2.156
2026-02-17T20:12:21.109,-7099,-0.169,0.345,2.041
2026-02-17T20:12:21.109,-7098,-0.307,0.345,1.830
2026-02-17T20:12:21.168,-7096,-0.309,0.306,1.353
2026-02-17T20:12:21.169,-7095,-0.206,0.261,1.197
2026-02-17T20:12:21.169,-7094,-0.148,0.235,1.348
2026-02-17T20:12:21.228,-7092,-0.167,0.246,1.601
2026-02-17T20:12:21.229,-7091,-0.265,0.369,1.491
2026-02-17T20:12:21.229,-7090,-0.281,0.409,1.396
2026-02-17T20:12:21.288,-7088,-0.196,0.446,1.266
2026-02-17T20:12:21.349,-7087,-0.076,0.382,1.492
2026-02-17T20:12:21.349,-7086,-0.044,0.371,1.593
2026-02-17T20:12:21.350,-7084,-0.009,0.415,1.683
2026-02-17T20:12:21.409,-7082,-0.001,0.421,1.890
2026-02-17T20:12:21.409,-7081,0.122,0.533,2.495
2026-02-17T20:12:21.409,-7080,0.184,0.616,2.164
2026-02-17T20:12:21.469,-7078,0.129,0.600,1.536
2026-02-17T20:12:21.469,-7077,0.174,0.423,1.569
2026-02-17T20:12:21.470,-7076,0.097,0.572,1.866
2026-02-17T20:12:21.529,-7074,-0.037,0.829,1.882
2026-02-17T20:12:21.530,-7073,0.004,0.927,0.761
2026-02-17T20:12:21.588,-7072,0.125,0.855,0.462
2026-02-17T20:12:21.589,-7070,0.077,0.650,0.015
2026-02-17T20:12:21.589,-7069,0.053,0.767,-0.021
2026-02-17T20:12:21.590,-7068,-0.010,0.759,-0.168
2026-02-17T20:12:21.649,-7066,-0.073,0.858,-0.603
2026-02-17T20:12:21.650,-7065,-0.368,1.002,-1.246
2026-02-17T20:12:21.650,-7064,-0.555,1.099,-1.549
2026-02-17T20:12:21.709,-7062,-0.743,0.950,-1.554
2026-02-17T20:12:21.709,-7061,-0.671,0.797,-1.138
2026-02-17T20:12:21.710,-7060,-0.540,0.629,-0.794
2026-02-17T20:12:21.769,-7058,-0.481,0.371,-0.564
2026-02-17T20:12:21.769,-7057,-0.476,0.200,-0.679
2026-02-17T20:12:21.769,-7056,-0.516,0.123,-0.803
2026-02-17T20:12:21.828,-7054,-0.534,0.155,-0.866
2026-02-17T20:12:21.888,-7053,-0.449,0.221,-0.711
2026-02-17T20:12:21.888,-7052,-0.376,0.235,-0.571
2026-02-17T20:12:21.949,-7050,-0.331,0.195,-0.424
2026-02-17T20:12:21.950,-7048,-0.390,0.157,-0.354
2026-02-17T20:12:21.951,-7047,0.225,0.493,0.680
2026-02-17T20:12:21.951,-7046,0.360,0.591,1.006
2026-02-17T20:12:22.009,-7044,0.244,0.669,1.268
2026-02-17T20:12:22.010,-7043,0.031,0.712,1.460
2026-02-17T20:12:22.010,-7042,0.108,0.675,1.741
2026-02-17T20:12:22.069,-7040,0.232,0.331,2.081
2026-02-17T20:12:22.069,-7039,-0.092,0.515,1.449
2026-02-17T20:12:22.070,-7038,-0.206,0.670,1.179
2026-02-17T20:12:22.129,-7036,0.127,0.581,1.432
2026-02-17T20:12:22.130,-7035,0.308,0.386,1.917
2026-02-17T20:12:22.130,-7034,0.148,0.370,2.013
2026-02-17T20:12:22.189,-7032,-0.288,0.415,1.611
2026-02-17T20:12:22.190,-7031,-0.249,0.637,1.354
2026-02-17T20:12:22.249,-7030,-0.015,0.473,1.737
2026-02-17T20:12:22.249,-7028,0.135,0.274,2.318
2026-02-17T20:12:22.249,-7027,-0.255,0.274,2.168
2026-02-17T20:12:22.308,-7025,-0.357,0.253,1.581
2026-02-17T20:12:22.309,-7024,-0.307,0.262,1.187
2026-02-17T20:12:22.310,-7023,-0.266,0.244,1.358
2026-02-17T20:12:22.368,-7020,-0.147,0.308,1.526
2026-02-17T20:12:22.369,-7019,-0.078,0.337,1.509
2026-02-17T20:12:22.369,-7018,-0.043,0.358,1.479
2026-02-17T20:12:22.428,-7016,-0.015,0.395,1.482
2026-02-17T20:12:22.429,-7015,-0.025,0.436,1.566
2026-02-17T20:12:22.430,-7014,-0.045,0.448,1.592
2026-02-17T20:12:22.489,-7012,-0.118,0.437,1.931
2026-02-17T20:12:22.489,-7011,-0.217,0.509,2.309
2026-02-17T20:12:22.489,-7010,-0.088,0.444,2.532
2026-02-17T20:12:22.548,-7007,0.124,0.703,1.792
2026-02-17T20:12:22.549,-7006,0.055,0.620,1.311
2026-02-17T20:12:22.549,-7005,0.046,0.456,1.391
2026-02-17T20:12:22.609,-7003,-0.031,0.467,1.644
2026-02-17T20:12:22.609,-7002,-0.117,0.452,0.730
2026-02-17T20:12:22.609,-7001,-0.079,0.380,0.502
2026-02-17T20:12:22.669,-6999,-0.038,0.227,0.369
2026-02-17T20:12:22.669,-6998,-0.116,0.322,0.170
2026-02-17T20:12:22.670,-6997,-0.158,0.354,0.094
2026-02-17T20:12:22.729,-6995,-0.222,0.265,-0.047
2026-02-17T20:12:22.729,-6994,-0.244,0.137,-0.394
2026-02-17T20:12:22.729,-6993,-0.196,0.232,-0.473
2026-02-17T20:12:22.788,-6991,-0.187,0.348,-0.704
2026-02-17T20:12:22.790,-6990,-0.299,0.449,-0.932
2026-02-17T20:12:22.790,-6989,-0.344,0.447,-0.983
2026-02-17T20:12:22.849,-6987,-0.397,0.526,-1.016
2026-02-17T20:12:22.849,-6986,-0.417,0.520,-1.050
2026-02-17T20:12:22.908,-6985,-0.385,0.495,-1.051
2026-02-17T20:12:22.909,-6983,-0.380,0.430,-1.150
2026-02-17T20:12:22.909,-6982,-0.465,0.325,-1.120
2026-02-17T20:12:22.909,-6981,-0.468,0.271,-1.042
2026-02-17T20:12:22.969,-6979,-0.407,0.232,-0.848
2026-02-17T20:12:22.969,-6978,-0.359,0.213,-0.729
2026-02-17T20:12:22.969,-6977,-0.361,0.197,-0.736
2026-02-17T20:12:23.029,-6975,-0.357,0.111,-0.718
2026-02-17T20:12:23.029,-6974,-0.320,0.046,-0.582
2026-02-17T20:12:23.030,-6973,-0.263,0.088,-0.378
2026-02-17T20:12:23.089,-6971,-0.256,0.195,-0.003
2026-02-17T20:12:23.090,-6970,-0.201,0.480,0.427
2026-02-17T20:12:23.090,-6969,-0.143,0.578,0.629
2026-02-17T20:12:23.149,-6967,0.171,0.750,1.195
2026-02-17T20:12:23.150,-6966,0.174,0.631,1.563
2026-02-17T20:12:23.150,-6965,0.092,0.553,1.582
2026-02-17T20:12:23.208,-6963,0.089,0.481,1.910
2026-02-17T20:12:23.209,-6962,0.184,0.241,2.061
2026-02-17T20:12:23.209,-6961,0.080,0.243,1.879
2026-02-17T20:12:23.268,-6959,-0.232,0.538,1.285
2026-02-17T20:12:23.269,-6958,0.035,0.506,1.443
2026-02-17T20:12:23.269,-6957,0.200,0.368,1.679
2026-02-17T20:12:23.329,-6955,0.044,0.348,1.704
2026-02-17T20:12:23.329,-6954,-0.173,0.375,1.385
2026-02-17T20:12:23.330,-6953,-0.212,0.490,1.141
2026-02-17T20:12:23.389,-6950,-0.098,0.643,1.386
2026-02-17T20:12:23.389,-6949,-0.036,0.540,1.980
2026-02-17T20:12:23.389,-6948,-0.122,0.517,2.193
2026-02-17T20:12:23.448,-6946,-0.345,0.514,1.995
2026-02-17T20:12:23.449,-6945,-0.302,0.460,1.481
2026-02-17T20:12:23.449,-6944,-0.261,0.423,1.364
2026-02-17T20:12:23.509,-6942,-0.224,0.341,1.494
2026-02-17T20:12:23.510,-6941,-0.295,0.360,1.518
2026-02-17T20:12:23.510,-6940,-0.284,0.388,1.453
2026-02-17T20:12:23.568,-6938,-0.186,0.433,1.423
2026-02-17T20:12:23.628,-6937,-0.135,0.493,1.520
2026-02-17T20:12:23.629,-6936,-0.115,0.490,1.585
2026-02-17T20:12:23.629,-6933,-0.078,0.509,1.681
2026-02-17T20:12:23.688,-6931,-0.137,0.553,2.024
2026-02-17T20:12:23.689,-6930,0.163,0.557,1.934
2026-02-17T20:12:23.689,-6929,0.111,0.582,1.604
2026-02-17T20:12:23.749,-6927,-0.027,0.427,1.448
2026-02-17T20:12:23.749,-6926,-0.114,0.336,1.694
2026-02-17T20:12:23.749,-6925,-0.114,0.398,1.442
2026-02-17T20:12:23.869,-6923,0.013,0.396,0.869
2026-02-17T20:12:23.869,-6922,0.055,0.241,0.661
2026-02-17T20:12:23.870,-6921,0.020,0.253,0.419
2026-02-17T20:12:23.870,-6919,-0.144,0.243,0.002
2026-02-17T20:12:23.929,-6917,-0.206,0.140,0.037
2026-02-17T20:12:23.930,-6916,-0.340,0.282,-0.413
2026-02-17T20:12:23.930,-6915,-0.382,0.416,-0.606
2026-02-17T20:12:23.988,-6913,-0.491,0.501,-0.905
2026-02-17T20:12:23.988,-6912,-0.404,0.514,-0.981
2026-02-17T20:12:24.049,-6911,-0.346,0.505,-1.019
2026-02-17T20:12:24.049,-6909,-0.252,0.466,-1.118
2026-02-17T20:12:24.050,-6908,-0.280,0.420,-1.238
2026-02-17T20:12:24.108,-6905,-0.442,0.314,-1.215
2026-02-17T20:12:24.110,-6904,-0.412,0.121,-0.962
2026-02-17T20:12:24.110,-6903,-0.368,0.060,-0.814
2026-02-17T20:12:24.168,-6901,-0.337,0.061,-0.657
2026-02-17T20:12:24.169,-6900,-0.435,0.095,-0.746
2026-02-17T20:12:24.170,-6899,-0.457,0.098,-0.789
2026-02-17T20:12:24.228,-6897,-0.460,0.003,-0.777
2026-02-17T20:12:24.229,-6896,-0.334,-0.026,-0.420
2026-02-17T20:12:24.229,-6895,-0.298,0.015,-0.230
2026-02-17T20:12:24.289,-6893,-0.280,0.130,0.016
2026-02-17T20:12:24.289,-6892,-0.216,0.274,0.250
2026-02-17T20:12:24.289,-6891,-0.142,0.372,0.433
2026-02-17T20:12:24.349,-6888,0.191,0.444,1.139
2026-02-17T20:12:24.350,-6887,0.188,0.460,1.442
2026-02-17T20:12:24.350,-6886,0.124,0.440,1.567
2026-02-17T20:12:24.409,-6884,-0.060,0.377,1.640
2026-02-17T20:12:24.409,-6883,-0.043,0.385,1.583
2026-02-17T20:12:24.409,-6882,0.160,0.342,1.683
2026-02-17T20:12:24.468,-6880,0.376,0.207,1.833
2026-02-17T20:12:24.470,-6879,0.104,0.280,1.613
2026-02-17T20:12:24.470,-6878,-0.121,0.359,1.392
2026-02-17T20:12:24.528,-6876,-0.291,0.523,0.997
2026-02-17T20:12:24.529,-6875,-0.067,0.570,1.437
2026-02-17T20:12:24.529,-6874,0.071,0.477,1.883
2026-02-17T20:12:24.589,-6872,0.034,0.398,2.352
2026-02-17T20:12:24.589,-6871,-0.391,0.382,1.767
2026-02-17T20:12:24.589,-6870,-0.423,0.383,1.523
2026-02-17T20:12:24.648,-6868,-0.220,0.269,1.399
2026-02-17T20:12:24.650,-6867,-0.126,0.169,1.595
2026-02-17T20:12:24.650,-6866,-0.166,0.192,1.669
2026-02-17T20:12:24.709,-6864,-0.217,0.244,1.607
2026-02-17T20:12:24.769,-6863,-0.197,0.380,1.399
2026-02-17T20:12:24.770,-6862,-0.156,0.389,1.414
2026-02-17T20:12:24.770,-6860,-0.064,0.406,1.735
2026-02-17T20:12:24.828,-6858,-0.035,0.447,1.783
2026-02-17T20:12:24.829,-6857,-0.020,0.419,1.593
2026-02-17T20:12:24.829,-6856,-0.011,0.420,1.696
2026-02-17T20:12:24.889,-6854,-0.113,0.465,1.945
2026-02-17T20:12:24.889,-6853,-0.095,0.497,1.903
2026-02-17T20:12:24.890,-6852,-0.064,0.454,1.795
2026-02-17T20:12:24.949,-6850,-0.038,0.421,1.549
2026-02-17T20:12:24.949,-6849,0.043,0.414,1.432
2026-02-17T20:12:24.950,-6848,0.040,0.400,1.361
2026-02-17T20:12:25.009,-6846,-0.051,0.486,0.988
2026-02-17T20:12:25.009,-6845,-0.140,0.509,0.581
2026-02-17T20:12:25.010,-6844,-0.139,0.492,0.469
2026-02-17T20:12:25.068,-6842,-0.118,0.427,0.204
2026-02-17T20:12:25.069,-6841,-0.141,0.366,0.028
2026-02-17T20:12:25.069,-6840,-0.187,0.469,-0.205
2026-02-17T20:12:25.189,-6838,-0.284,0.554,-0.608
2026-02-17T20:12:25.190,-6837,-0.306,0.271,-0.936
2026-02-17T20:12:25.190,-6836,-0.192,0.227,-0.827
2026-02-17T20:12:25.190,-6834,-0.160,0.341,-0.915
2026-02-17T20:12:25.249,-6832,-0.223,0.549,-1.170
2026-02-17T20:12:25.249,-6831,-0.569,0.412,-1.449
2026-02-17T20:12:25.249,-6830,-0.597,0.313,-1.281
2026-02-17T20:12:25.308,-6828,-0.535,0.154,-0.963
2026-02-17T20:12:25.308,-6827,-0.272,0.080,-0.778
2026-02-17T20:12:25.310,-6826,-0.239,0.099,-0.843
2026-02-17T20:12:25.368,-6824,-0.251,0.175,-0.974
2026-02-17T20:12:25.369,-6823,-0.324,0.144,-0.996
2026-02-17T20:12:25.369,-6822,-0.325,0.135,-0.867
2026-02-17T20:12:25.429,-6820,-0.286,0.074,-0.421
2026-02-17T20:12:25.430,-6819,-0.236,0.178,-0.035
2026-02-17T20:12:25.430,-6818,-0.199,0.259,0.138
2026-02-17T20:12:25.489,-6815,-0.216,0.426,0.458
2026-02-17T20:12:25.489,-6814,-0.326,0.553,0.902
2026-02-17T20:12:25.489,-6813,-0.421,0.510,1.011
2026-02-17T20:12:25.608,-6811,-0.011,0.327,1.255
2026-02-17T20:12:25.610,-6810,0.233,0.157,1.376
2026-02-17T20:12:25.610,-6809,0.141,0.200,1.278
2026-02-17T20:12:25.611,-6807,0.042,0.410,1.226
2026-02-17T20:12:25.669,-6805,0.414,0.365,2.006
2026-02-17T20:12:25.669,-6804,-0.332,0.702,1.148
2026-02-17T20:12:25.670,-6803,-0.248,0.731,1.157
2026-02-17T20:12:25.729,-6801,-0.031,0.675,1.728
2026-02-17T20:12:25.729,-6800,-0.026,0.643,2.156
2026-02-17T20:12:25.730,-6799,-0.087,0.641,2.292
2026-02-17T20:12:25.789,-6797,-0.269,0.573,2.099
2026-02-17T20:12:25.789,-6796,-0.328,0.567,1.602
2026-02-17T20:12:25.790,-6795,-0.276,0.485,1.588
2026-02-17T20:12:25.848,-6793,-0.210,0.310,1.705
2026-02-17T20:12:25.849,-6792,-0.272,0.308,1.613
2026-02-17T20:12:25.849,-6791,-0.300,0.311,1.487
2026-02-17T20:12:25.908,-6788,-0.273,0.421,1.309
2026-02-17T20:12:25.910,-6787,-0.242,0.448,1.384
2026-02-17T20:12:25.910,-6786,-0.191,0.416,1.486
2026-02-17T20:12:25.968,-6784,-0.093,0.393,1.560
2026-02-17T20:12:25.969,-6783,-0.078,0.448,1.450
2026-02-17T20:12:25.969,-6782,-0.069,0.478,1.450
2026-02-17T20:12:26.029,-6780,-0.039,0.476,1.565
2026-02-17T20:12:26.029,-6779,-0.027,0.463,1.603
2026-02-17T20:12:26.030,-6778,-0.029,0.444,1.592
2026-02-17T20:12:26.089,-6776,-0.061,0.478,1.499
2026-02-17T20:12:26.090,-6775,-0.186,0.473,1.464
2026-02-17T20:12:26.090,-6774,-0.217,0.430,1.599
2026-02-17T20:12:26.148,-6772,-0.076,0.382,2.079
2026-02-17T20:12:26.148,-6771,0.192,0.418,1.898
2026-02-17T20:12:26.150,-6770,0.133,0.579,1.550
2026-02-17T20:12:26.208,-6768,-0.026,0.649,1.077
2026-02-17T20:12:26.209,-6767,-0.046,0.527,0.924
2026-02-17T20:12:26.269,-6766,0.006,0.427,0.703
2026-02-17T20:12:26.270,-6764,0.027,0.451,0.315
2026-02-17T20:12:26.270,-6763,-0.048,0.376,0.112
2026-02-17T20:12:26.270,-6762,-0.073,0.222,-0.115
2026-02-17T20:12:26.328,-6760,-0.174,0.107,-0.249
2026-02-17T20:12:26.329,-6759,-0.297,0.208,-0.500
2026-02-17T20:12:26.329,-6758,-0.344,0.271,-0.524
2026-02-17T20:12:26.389,-6756,-0.448,0.242,-0.663
2026-02-17T20:12:26.389,-6755,-0.381,0.312,-0.819
2026-02-17T20:12:26.389,-6754,-0.370,0.382,-0.882
2026-02-17T20:12:26.448,-6752,-0.390,0.454,-1.046
2026-02-17T20:12:26.450,-6751,-0.476,0.358,-1.215
2026-02-17T20:12:26.450,-6750,-0.518,0.379,-1.295
2026-02-17T20:12:26.509,-6748,-0.620,0.354,-1.322
2026-02-17T20:12:26.509,-6747,-0.561,0.321,-1.108
2026-02-17T20:12:26.510,-6746,-0.509,0.294,-0.950
2026-02-17T20:12:26.628,-6744,-0.395,0.261,-0.731
2026-02-17T20:12:26.629,-6743,-0.364,0.265,-0.729
2026-02-17T20:12:26.629,-6742,-0.345,0.254,-0.739
2026-02-17T20:12:26.630,-6740,-0.329,0.120,-0.740
2026-02-17T20:12:26.689,-6738,-0.253,-0.010,-0.251
2026-02-17T20:12:26.689,-6737,-0.239,0.227,0.184
2026-02-17T20:12:26.690,-6736,-0.254,0.283,0.238
2026-02-17T20:12:26.748,-6734,-0.001,0.486,0.693
2026-02-17T20:12:26.749,-6733,0.542,0.633,1.514
2026-02-17T20:12:26.750,-6732,0.568,0.552,1.772
2026-02-17T20:12:26.808,-6730,0.091,0.383,1.685
2026-02-17T20:12:26.809,-6729,-0.437,0.637,1.159
2026-02-17T20:12:26.809,-6728,-0.208,0.640,1.182
2026-02-17T20:12:26.869,-6726,0.240,0.358,1.554
2026-02-17T20:12:26.869,-6725,0.195,0.355,1.775
2026-02-17T20:12:26.869,-6724,-0.062,0.449,1.691
2026-02-17T20:12:26.928,-6722,-0.397,0.709,1.390
2026-02-17T20:12:26.929,-6721,-0.117,0.680,1.521
2026-02-17T20:12:26.929,-6720,0.026,0.635,1.706
2026-02-17T20:12:26.989,-6718,0.052,0.502,2.037
2026-02-17T20:12:26.990,-6717,-0.266,0.616,1.757
2026-02-17T20:12:26.990,-6716,-0.371,0.548,1.530
2026-02-17T20:12:27.049,-6714,-0.316,0.528,1.550
2026-02-17T20:12:27.049,-6713,-0.189,0.350,1.858
2026-02-17T20:12:27.049,-6712,-0.222,0.308,1.917
2026-02-17T20:12:27.109,-6709,-0.437,0.384,1.456
2026-02-17T20:12:27.109,-6708,-0.371,0.423,1.313
2026-02-17T20:12:27.109,-6707,-0.310,0.413,1.318
2026-02-17T20:12:27.168,-6705,-0.238,0.412,1.440
2026-02-17T20:12:27.170,-6704,-0.152,0.445,1.573
2026-02-17T20:12:27.170,-6703,-0.124,0.497,1.588
2026-02-17T20:12:27.229,-6701,-0.096,0.672,1.770
2026-02-17T20:12:27.229,-6700,0.132,0.598,2.214
2026-02-17T20:12:27.229,-6699,0.267,0.477,2.467
2026-02-17T20:12:27.288,-6697,0.221,0.608,2.180
2026-02-17T20:12:27.289,-6696,-0.055,0.713,1.784
2026-02-17T20:12:27.289,-6695,-0.062,0.739,1.792
2026-02-17T20:12:27.348,-6693,0.026,0.592,1.687
2026-02-17T20:12:27.349,-6692,0.202,0.593,1.480
2026-02-17T20:12:27.349,-6691,0.187,0.715,1.316
2026-02-17T20:12:27.469,-6688,-0.057,0.743,0.992
2026-02-17T20:12:27.470,-6687,-0.009,0.644,0.788
2026-02-17T20:12:27.471,-6686,0.028,0.522,0.695
2026-02-17T20:12:27.471,-6684,-0.007,0.424,0.576
2026-02-17T20:12:27.528,-6682,-0.092,0.551,0.031
2026-02-17T20:12:27.530,-6681,-0.240,0.533,-1.014
2026-02-17T20:12:27.530,-6680,-0.306,0.560,-1.083
2026-02-17T20:12:27.588,-6678,-0.322,0.477,-1.128
2026-02-17T20:12:27.590,-6677,-0.229,0.441,-1.074
2026-02-17T20:12:27.590,-6676,-0.265,0.466,-1.114
2026-02-17T20:12:27.648,-6674,-0.451,0.513,-1.306
2026-02-17T20:12:27.649,-6673,-0.571,0.476,-1.404
2026-02-17T20:12:27.649,-6672,-0.577,0.414,-1.335
2026-02-17T20:12:27.708,-6670,-0.458,0.240,-1.063
2026-02-17T20:12:27.709,-6669,-0.349,0.139,-0.790
2026-02-17T20:12:27.709,-6668,-0.314,0.122,-0.716
2026-02-17T20:12:27.769,-6666,-0.304,0.131,-0.699
2026-02-17T20:12:27.778,-6665,-0.348,0.150,-0.683
2026-02-17T20:12:27.778,-6664,-0.443,0.086,-0.663
2026-02-17T20:12:27.829,-6662,-0.493,0.045,-0.426
2026-02-17T20:12:27.829,-6661,-0.207,0.060,0.002
2026-02-17T20:12:27.830,-6660,-0.096,0.092,0.169
2026-02-17T20:12:27.889,-6658,-0.106,0.154,0.272
2026-02-17T20:12:27.890,-6657,-0.124,0.286,0.504
2026-02-17T20:12:27.890,-6656,0.000,0.369,0.709
2026-02-17T20:12:27.949,-6654,0.168,0.573,1.226
2026-02-17T20:12:28.009,-6653,0.102,0.711,1.546
2026-02-17T20:12:28.010,-6652,0.003,0.660,1.641
2026-02-17T20:12:28.010,-6650,-0.098,0.571,1.692
2026-02-17T20:12:28.069,-6648,0.025,0.641,1.483
2026-02-17T20:12:28.069,-6647,-0.038,0.648,1.581
2026-02-17T20:12:28.128,-6646,-0.145,0.737,1.504
2026-02-17T20:12:28.130,-6644,-0.142,0.781,1.769
2026-02-17T20:12:28.130,-6643,0.023,0.581,2.493
2026-02-17T20:12:28.189,-6641,-0.243,0.360,2.549
2026-02-17T20:12:28.190,-6640,-0.396,0.225,1.515
2026-02-17T20:12:28.191,-6639,-0.366,0.263,1.264
2026-02-17T20:12:28.249,-6636,-0.378,0.268,1.341
2026-02-17T20:12:28.249,-6635,-0.343,0.324,1.684
2026-02-17T20:12:28.250,-6634,-0.332,0.345,1.755
2026-02-17T20:12:28.309,-6632,-0.265,0.389,1.646
2026-02-17T20:12:28.310,-6631,-0.109,0.432,1.466
2026-02-17T20:12:28.310,-6630,-0.079,0.447,1.438
2026-02-17T20:12:28.428,-6628,-0.043,0.429,1.519
2026-02-17T20:12:28.430,-6627,-0.049,0.424,1.562
2026-02-17T20:12:28.430,-6626,-0.069,0.438,1.533
2026-02-17T20:12:28.431,-6624,-0.089,0.455,1.625
2026-02-17T20:12:28.548,-6622,-0.050,0.413,2.060
2026-02-17T20:12:28.549,-6621,-0.111,0.449,1.595
2026-02-17T20:12:28.549,-6620,-0.105,0.415,1.652
2026-02-17T20:12:28.551,-6618,-0.062,0.325,1.618
2026-02-17T20:12:28.609,-6616,0.031,0.376,1.047
2026-02-17T20:12:28.609,-6615,-0.314,0.164,0.442
2026-02-17T20:12:28.610,-6614,-0.217,0.171,0.439
2026-02-17T20:12:28.669,-6612,-0.093,0.194,0.259
2026-02-17T20:12:28.669,-6611,-0.054,0.256,-0.098
2026-02-17T20:12:28.670,-6610,-0.041,0.277,-0.240
2026-02-17T20:12:28.728,-6608,-0.166,0.297,-0.629
2026-02-17T20:12:28.730,-6607,-0.254,0.397,-0.877
2026-02-17T20:12:28.730,-6606,-0.273,0.474,-0.922
2026-02-17T20:12:28.788,-6604,-0.340,0.454,-1.223
2026-02-17T20:12:28.789,-6603,-0.418,0.341,-1.514
2026-02-17T20:12:28.789,-6602,-0.472,0.278,-1.518
2026-02-17T20:12:28.849,-6600,-0.535,0.132,-1.273
2026-02-17T20:12:28.849,-6599,-0.490,-0.003,-0.997
2026-02-17T20:12:28.850,-6598,-0.463,-0.097,-0.861
2026-02-17T20:12:28.908,-6595,-0.375,-0.224,-0.610
2026-02-17T20:12:28.909,-6594,-0.343,-0.158,-0.595
2026-02-17T20:12:28.909,-6593,-0.356,-0.117,-0.633
2026-02-17T20:12:28.968,-6591,-0.407,-0.002,-0.727
2026-02-17T20:12:28.969,-6590,-0.498,-0.053,-0.792
2026-02-17T20:12:28.970,-6589,-0.509,-0.130,-0.752
2026-02-17T20:12:29.089,-6587,-0.342,-0.182,-0.462
2026-02-17T20:12:29.090,-6586,-0.201,-0.132,-0.228
2026-02-17T20:12:29.090,-6585,-0.199,-0.076,-0.139
2026-02-17T20:12:29.091,-6583,-0.454,-0.008,-0.203
2026-02-17T20:12:29.149,-6581,-0.228,0.077,0.157
2026-02-17T20:12:29.150,-6580,-0.191,0.393,0.706
2026-02-17T20:12:29.150,-6579,-0.186,0.490,0.845
2026-02-17T20:12:29.209,-6577,0.106,0.503,1.460
2026-02-17T20:12:29.209,-6576,0.201,0.328,1.813
2026-02-17T20:12:29.210,-6575,0.072,0.297,1.810
2026-02-17T20:12:29.268,-6573,-0.378,0.597,1.410
2026-02-17T20:12:29.269,-6572,0.001,0.415,1.733
2026-02-17T20:12:29.269,-6571,0.178,0.320,1.914
2026-02-17T20:12:29.329,-6569,-0.031,0.378,1.729
2026-02-17T20:12:29.330,-6568,-0.394,0.667,1.298
2026-02-17T20:12:29.330,-6567,-0.433,0.716,1.245
2026-02-17T20:12:29.389,-6565,-0.059,0.566,1.706
2026-02-17T20:12:29.390,-6564,0.043,0.404,2.207
2026-02-17T20:12:29.390,-6563,-0.040,0.372,2.211
2026-02-17T20:12:29.448,-6561,-0.312,0.355,1.857
2026-02-17T20:12:29.450,-6560,-0.280,0.305,1.534
2026-02-17T20:12:29.450,-6559,-0.234,0.238,1.554
2026-02-17T20:12:29.508,-6557,-0.264,0.168,1.674
2026-02-17T20:12:29.509,-6556,-0.429,0.224,1.505
2026-02-17T20:12:29.509,-6555,-0.442,0.258,1.381
2026-02-17T20:12:29.568,-6553,-0.340,0.335,1.281
2026-02-17T20:12:29.570,-6552,-0.181,0.344,1.467
2026-02-17T20:12:29.570,-6551,-0.129,0.340,1.603
2026-02-17T20:12:29.629,-6549,-0.093,0.361,1.750
2026-02-17T20:12:29.629,-6548,-0.092,0.488,1.768
2026-02-17T20:12:29.630,-6547,-0.093,0.513,1.841
2026-02-17T20:12:29.690,-6545,-0.106,0.453,2.058
2026-02-17T20:12:29.690,-6544,-0.169,0.470,2.068
2026-02-17T20:12:29.690,-6543,-0.192,0.470,1.959
2026-02-17T20:12:29.748,-6541,-0.081,0.555,1.609
2026-02-17T20:12:29.749,-6540,0.023,0.467,1.620
2026-02-17T20:12:29.868,-6539,0.067,0.386,1.797
2026-02-17T20:12:29.869,-6537,0.081,0.481,1.640
2026-02-17T20:12:29.869,-6536,-0.019,0.770,0.888
2026-02-17T20:12:29.870,-6535,-0.101,0.815,0.527
2026-02-17T20:12:29.929,-6532,-0.195,0.378,0.059
2026-02-17T20:12:29.929,-6531,-0.050,0.356,-0.325
2026-02-17T20:12:29.929,-6530,-0.090,0.455,-0.573
2026-02-17T20:12:29.988,-6528,-0.348,0.517,-1.053
2026-02-17T20:12:29.988,-6527,-0.471,0.561,-1.170
2026-02-17T20:12:29.990,-6526,-0.445,0.587,-1.199
2026-02-17T20:12:30.049,-6524,-0.369,0.427,-1.424
2026-02-17T20:12:30.050,-6523,-0.335,0.131,-1.519
2026-02-17T20:12:30.050,-6522,-0.392,0.081,-1.494
2026-02-17T20:12:30.109,-6520,-0.459,0.052,-1.191
2026-02-17T20:12:30.109,-6519,-0.437,-0.053,-0.945
2026-02-17T20:12:30.110,-6518,-0.384,-0.066,-0.838
2026-02-17T20:12:30.169,-6516,-0.266,-0.130,-0.760
2026-02-17T20:12:30.170,-6515,-0.299,-0.168,-0.736
2026-02-17T20:12:30.170,-6514,-0.322,-0.142,-0.711
2026-02-17T20:12:30.349,-6512,0.051,0.154,1.104
2026-02-17T20:12:30.349,-6511,0.124,0.229,1.337
2026-02-17T20:12:30.350,-6510,0.111,0.239,1.458
2026-02-17T20:12:30.350,-6509,0.017,0.194,1.461
2026-02-17T20:12:30.408,-6508,-0.126,0.212,1.358
2026-02-17T20:12:30.409,-6507,-0.345,0.285,1.179
2026-02-17T20:12:30.409,-6506,-0.460,0.360,1.074
2026-02-17T20:12:30.470,-6504,-0.153,0.298,1.232
2026-02-17T20:12:30.470,-6503,0.068,0.206,1.309
2026-02-17T20:12:30.471,-6502,0.012,0.335,1.223
2026-02-17T20:12:30.528,-6500,-0.180,0.571,1.111
2026-02-17T20:12:30.529,-6499,-0.061,0.600,1.445
2026-02-17T20:12:30.530,-6498,0.020,0.600,1.656
2026-02-17T20:12:30.589,-6496,0.004,0.593,1.801
2026-02-17T20:12:30.589,-6495,-0.210,0.673,1.619
2026-02-17T20:12:30.590,-6494,-0.262,0.751,1.634
2026-02-17T20:12:30.649,-6491,-0.010,0.457,2.362
2026-02-17T20:12:30.649,-6490,-0.072,0.339,2.451
2026-02-17T20:12:30.708,-6489,-0.229,0.325,2.148
2026-02-17T20:12:30.709,-6487,-0.416,0.321,1.598
2026-02-17T20:12:30.709,-6486,-0.373,0.310,1.239
2026-02-17T20:12:30.710,-6485,-0.340,0.275,1.260
2026-02-17T20:12:30.768,-6483,-0.319,0.305,1.463
2026-02-17T20:12:30.769,-6482,-0.295,0.363,1.444
2026-02-17T20:12:30.829,-6481,-0.253,0.413,1.373
2026-02-17T20:12:30.830,-6479,-0.183,0.481,1.396
2026-02-17T20:12:30.830,-6478,-0.151,0.485,1.524
2026-02-17T20:12:30.830,-6477,-0.128,0.469,1.558
2026-02-17T20:12:30.888,-6475,-0.089,0.434,1.546
2026-02-17T20:12:30.889,-6474,-0.167,0.436,1.597
2026-02-17T20:12:30.890,-6473,-0.177,0.403,1.652
2026-02-17T20:12:30.948,-6471,0.009,0.344,1.901
2026-02-17T20:12:30.950,-6470,-0.036,0.420,1.824
2026-02-17T20:12:30.950,-6469,-0.092,0.400,1.729
2026-02-17T20:12:31.008,-6467,0.035,0.354,1.830
2026-02-17T20:12:31.009,-6466,0.104,0.318,1.771
2026-02-17T20:12:31.069,-6465,0.081,0.374,1.481
2026-02-17T20:12:31.069,-6463,-0.020,0.278,0.739
2026-02-17T20:12:31.070,-6462,-0.094,0.147,0.399
2026-02-17T20:12:31.129,-6459,-0.357,-0.142,0.173
2026-02-17T20:12:31.188,-6458,-0.335,-0.126,0.307
2026-02-17T20:12:31.189,-6457,-0.367,-0.067,0.265
2026-02-17T20:12:31.189,-6455,-0.337,-0.005,0.121
2026-02-17T20:12:31.191,-6454,-0.275,0.086,-0.079
2026-02-17T20:12:31.249,-6452,-0.249,0.140,-0.521
2026-02-17T20:12:31.250,-6451,-0.302,0.488,-1.013
2026-02-17T20:12:31.250,-6450,-0.277,0.531,-1.062
2026-02-17T20:12:31.309,-6448,-0.272,0.507,-1.268
2026-02-17T20:12:31.310,-6447,-0.262,0.406,-1.342
2026-02-17T20:12:31.310,-6446,-0.278,0.320,-1.324
2026-02-17T20:12:31.369,-6444,-0.378,0.148,-1.198
2026-02-17T20:12:31.370,-6443,-0.497,-0.032,-0.946
2026-02-17T20:12:31.370,-6442,-0.484,-0.078,-0.831
2026-02-17T20:12:31.429,-6440,-0.385,-0.052,-0.588
2026-02-17T20:12:31.430,-6439,-0.364,0.043,-0.600
2026-02-17T20:12:31.430,-6438,-0.413,-0.001,-0.711
2026-02-17T20:12:31.548,-6436,-0.499,-0.156,-0.731
2026-02-17T20:12:31.549,-6435,-0.499,-0.233,-0.412
2026-02-17T20:12:31.550,-6434,-0.423,-0.200,-0.200
2026-02-17T20:12:31.550,-6431,-0.270,-0.068,0.087
2026-02-17T20:12:31.608,-6429,-0.282,-0.035,0.108
2026-02-17T20:12:31.609,-6428,-0.029,0.190,0.650
2026-02-17T20:12:31.609,-6427,0.070,0.300,0.884
2026-02-17T20:12:31.668,-6425,0.197,0.406,1.349
2026-02-17T20:12:31.669,-6424,-0.086,0.505,1.577
2026-02-17T20:12:31.670,-6423,-0.222,0.585,1.605
2026-02-17T20:12:31.728,-6421,-0.124,0.493,1.892
2026-02-17T20:12:31.729,-6420,0.078,0.283,2.017
2026-02-17T20:12:31.788,-6419,0.049,0.232,1.877
2026-02-17T20:12:31.790,-6417,-0.201,0.403,1.239
2026-02-17T20:12:31.791,-6416,-0.288,0.601,0.980
2026-02-17T20:12:31.791,-6415,-0.110,0.533,1.278
2026-02-17T20:12:31.849,-6413,0.109,0.326,1.893
2026-02-17T20:12:31.849,-6412,-0.252,0.370,1.784
2026-02-17T20:12:31.850,-6411,-0.415,0.395,1.504
2026-02-17T20:12:31.908,-6409,-0.403,0.436,1.106
2026-02-17T20:12:31.909,-6408,-0.212,0.390,1.232
2026-02-17T20:12:31.968,-6407,-0.115,0.344,1.509
2026-02-17T20:12:31.969,-6405,-0.166,0.307,1.749
2026-02-17T20:12:31.969,-6404,-0.300,0.345,1.596
2026-02-17T20:12:31.969,-6403,-0.329,0.366,1.441
2026-02-17T20:12:32.029,-6401,-0.262,0.403,1.266
2026-02-17T20:12:32.030,-6400,-0.168,0.355,1.631
2026-02-17T20:12:32.030,-6399,-0.184,0.325,1.711
2026-02-17T20:12:32.088,-6397,-0.259,0.344,1.638
2026-02-17T20:12:32.089,-6396,-0.325,0.474,1.421
2026-02-17T20:12:32.089,-6395,-0.303,0.505,1.467
2026-02-17T20:12:32.209,-6393,-0.236,0.516,1.916
2026-02-17T20:12:32.209,-6392,-0.170,0.452,2.284
2026-02-17T20:12:32.210,-6391,-0.193,0.459,2.532
2026-02-17T20:12:32.210,-6389,-0.095,0.607,2.257
2026-02-17T20:12:32.269,-6387,0.079,0.530,1.808
2026-02-17T20:12:32.269,-6386,-0.061,0.635,1.291
2026-02-17T20:12:32.270,-6385,-0.125,0.634,1.039
2026-02-17T20:12:32.329,-6383,-0.150,0.371,0.718
2026-02-17T20:12:32.330,-6382,-0.156,0.135,1.051
2026-02-17T20:12:32.330,-6381,-0.164,0.170,1.209
2026-02-17T20:12:32.388,-6379,-0.099,0.422,0.897
2026-02-17T20:12:32.389,-6378,-0.091,0.586,0.181
2026-02-17T20:12:32.389,-6377,-0.083,0.585,-0.059
2026-02-17T20:12:32.449,-6375,-0.124,0.411,-0.609
2026-02-17T20:12:32.449,-6374,-0.163,0.494,-0.850
2026-02-17T20:12:32.450,-6373,-0.124,0.532,-0.884
2026-02-17T20:12:32.509,-6371,-0.055,0.600,-1.064
2026-02-17T20:12:32.509,-6370,-0.076,0.547,-1.400
2026-02-17T20:12:32.510,-6369,-0.152,0.529,-1.569
2026-02-17T20:12:32.628,-6367,-0.366,0.391,-1.767
2026-02-17T20:12:32.629,-6366,-0.427,0.197,-1.422
2026-02-17T20:12:32.630,-6365,-0.413,0.099,-1.176
2026-02-17T20:12:32.630,-6363,-0.306,-0.083,-0.642
2026-02-17T20:12:32.689,-6361,-0.243,-0.020,-0.509
2026-02-17T20:12:32.690,-6360,-0.381,0.002,-0.647
2026-02-17T20:12:32.691,-6359,-0.425,-0.051,-0.498
2026-02-17T20:12:32.748,-6357,-0.306,-0.055,0.075
2026-02-17T20:12:32.750,-6356,-0.168,-0.071,0.405
2026-02-17T20:12:32.750,-6355,-0.103,-0.049,0.404
2026-02-17T20:12:32.809,-6353,-0.254,-0.031,0.162
2026-02-17T20:12:32.809,-6352,-0.199,0.091,0.330
2026-02-17T20:12:32.810,-6351,-0.033,0.245,0.694
2026-02-17T20:12:32.869,-6349,0.346,0.468,1.478
2026-02-17T20:12:32.869,-6348,0.044,0.486,1.524
2026-02-17T20:12:32.870,-6347,-0.158,0.579,1.409
2026-02-17T20:12:32.929,-6345,-0.247,0.655,1.583
2026-02-17T20:12:32.929,-6344,0.049,0.485,1.959
2026-02-17T20:12:32.992,-6343,0.146,0.403,2.088
2026-02-17T20:12:32.992,-6341,-0.185,0.538,1.791
2026-02-17T20:12:32.993,-6340,-0.417,0.684,1.509
2026-02-17T20:12:32.993,-6339,-0.231,0.557,1.662
2026-02-17T20:12:33.048,-6337,0.021,0.362,1.871
2026-02-17T20:12:33.050,-6336,-0.173,0.338,1.580
2026-02-17T20:12:33.050,-6335,-0.316,0.426,1.372
2026-02-17T20:12:33.108,-6333,-0.423,0.514,1.346
2026-02-17T20:12:33.109,-6332,-0.275,0.374,1.797
2026-02-17T20:12:33.109,-6331,-0.259,0.329,1.861
2026-02-17T20:12:33.169,-6329,-0.365,0.337,1.595
2026-02-17T20:12:33.169,-6328,-0.347,0.344,1.351
2026-02-17T20:12:33.169,-6327,-0.288,0.310,1.327
2026-02-17T20:12:33.230,-6324,-0.259,0.327,1.341
2026-02-17T20:12:33.230,-6323,-0.262,0.343,1.266
2026-02-17T20:12:33.230,-6322,-0.224,0.345,1.199
2026-02-17T20:12:33.288,-6320,-0.180,0.374,1.130
2026-02-17T20:12:33.288,-6319,-0.183,0.408,1.238
2026-02-17T20:12:33.290,-6318,-0.181,0.406,1.334
2026-02-17T20:12:33.349,-6316,-0.158,0.364,1.453
2026-02-17T20:12:33.349,-6315,-0.145,0.325,1.436
2026-02-17T20:12:33.350,-6314,-0.146,0.348,1.352
2026-02-17T20:12:33.408,-6311,-0.149,0.286,1.466
2026-02-17T20:12:33.469,-6310,-0.170,0.235,1.691
2026-02-17T20:12:33.469,-6309,-0.169,0.269,1.669
2026-02-17T20:12:33.469,-6307,-0.249,0.286,1.498
2026-02-17T20:12:33.470,-6306,-0.330,0.228,1.491
2026-02-17T20:12:33.528,-6303,-0.149,0.120,1.703
2026-02-17T20:12:33.588,-6302,-0.230,0.148,1.556
2026-02-17T20:12:33.589,-6301,-0.178,0.212,1.424
2026-02-17T20:12:33.589,-6299,-0.166,0.104,1.194
2026-02-17T20:12:33.648,-6297,-0.056,0.060,0.683
2026-02-17T20:12:33.648,-6296,-0.092,0.269,0.295
2026-02-17T20:12:33.650,-6295,-0.098,0.257,0.182
2026-02-17T20:12:33.709,-6293,-0.022,0.301,-0.098
2026-02-17T20:12:33.709,-6292,-0.078,0.344,-0.626
2026-02-17T20:12:33.710,-6291,-0.222,0.464,-0.773
2026-02-17T20:12:33.769,-6289,-0.386,0.457,-1.002
2026-02-17T20:12:33.769,-6288,-0.344,0.337,-1.263
2026-02-17T20:12:33.770,-6287,-0.356,0.339,-1.455
2026-02-17T20:12:33.829,-6285,-0.398,0.339,-1.642
2026-02-17T20:12:33.829,-6284,-0.375,0.212,-1.272
2026-02-17T20:12:33.830,-6283,-0.392,0.161,-1.113
2026-02-17T20:12:33.889,-6281,-0.445,-0.012,-0.834
2026-02-17T20:12:33.889,-6280,-0.473,-0.237,-0.683
2026-02-17T20:12:33.889,-6279,-0.429,-0.263,-0.590
2026-02-17T20:12:33.948,-6277,-0.300,-0.228,-0.503
2026-02-17T20:12:33.949,-6276,-0.253,-0.110,-0.562
2026-02-17T20:12:34.009,-6275,-0.307,-0.093,-0.653
2026-02-17T20:12:34.009,-6273,-0.430,-0.195,-0.756
2026-02-17T20:12:34.010,-6272,-0.211,-0.097,-0.188
2026-02-17T20:12:34.068,-6270,-0.223,0.028,0.158
2026-02-17T20:12:34.069,-6269,-0.429,0.221,0.217
2026-02-17T20:12:34.069,-6268,-0.312,0.287,0.382
2026-02-17T20:12:34.189,-6266,0.081,0.349,0.855
2026-02-17T20:12:34.189,-6265,0.118,0.427,0.978
2026-02-17T20:12:34.190,-6264,-0.017,0.508,0.939
2026-02-17T20:12:34.190,-6262,0.001,0.723,1.211
2026-02-17T20:12:34.249,-6260,0.381,0.546,2.651
2026-02-17T20:12:34.249,-6259,-0.299,0.699,1.541
2026-02-17T20:12:34.250,-6258,-0.013,0.623,1.667
2026-02-17T20:12:34.308,-6256,0.296,0.354,2.344
2026-02-17T20:12:34.309,-6255,-0.008,0.290,2.374
2026-02-17T20:12:34.309,-6254,-0.267,0.272,2.194
2026-02-17T20:12:34.428,-6252,-0.495,0.246,1.490
2026-02-17T20:12:34.428,-6251,-0.368,0.228,1.120
2026-02-17T20:12:34.430,-6250,-0.312,0.194,1.139
2026-02-17T20:12:34.489,-6247,-0.316,0.286,1.447
2026-02-17T20:12:34.490,-6246,-0.098,0.357,1.112
2026-02-17T20:12:34.490,-6245,-0.080,0.339,1.196
2026-02-17T20:12:34.548,-6243,-0.081,0.270,1.367
2026-02-17T20:12:34.549,-6242,-0.122,0.290,1.330
2026-02-17T20:12:34.549,-6241,-0.127,0.264,1.327
2026-02-17T20:12:34.609,-6239,-0.088,0.233,1.433
2026-02-17T20:12:34.609,-6238,-0.170,0.252,1.506
2026-02-17T20:12:34.610,-6237,-0.217,0.251,1.619
2026-02-17T20:12:34.668,-6235,-0.353,0.339,2.047
2026-02-17T20:12:34.669,-6234,-0.078,0.232,2.332
2026-02-17T20:12:34.669,-6233,-0.006,0.230,2.018
2026-02-17T20:12:34.789,-6231,-0.003,0.251,1.481
2026-02-17T20:12:34.790,-6230,-0.130,0.217,1.349
2026-02-17T20:12:34.791,-6229,-0.102,0.224,1.327
2026-02-17T20:12:34.791,-6227,-0.037,0.138,0.933
2026-02-17T20:12:34.908,-6225,-0.274,-0.102,0.522
2026-02-17T20:12:34.909,-6224,-0.198,-0.085,0.794
2026-02-17T20:12:34.909,-6223,-0.166,0.040,0.582
2026-02-17T20:12:34.910,-6221,-0.105,0.251,-0.004
2026-02-17T20:12:34.969,-6219,-0.307,0.044,-0.949
2026-02-17T20:12:34.969,-6218,-0.136,0.156,-0.499
2026-02-17T20:12:34.969,-6217,-0.045,0.210,-0.711
2026-02-17T20:12:35.029,-6215,-0.253,0.188,-1.209
2026-02-17T20:12:35.029,-6214,-0.523,0.151,-1.450
2026-02-17T20:12:35.030,-6213,-0.588,0.125,-1.469
2026-02-17T20:12:35.088,-6211,-0.419,0.045,-1.262
2026-02-17T20:12:35.089,-6210,-0.229,-0.225,-0.997
2026-02-17T20:12:35.090,-6209,-0.253,-0.356,-0.894
2026-02-17T20:12:35.149,-6207,-0.371,-0.440,-0.618
2026-02-17T20:12:35.149,-6206,-0.425,-0.335,-0.447
2026-02-17T20:12:35.149,-6205,-0.382,-0.282,-0.452
2026-02-17T20:12:35.209,-6203,-0.229,-0.227,-0.625
2026-02-17T20:12:35.209,-6202,-0.228,-0.182,-0.755
2026-02-17T20:12:35.209,-6201,-0.312,-0.175,-0.816
2026-02-17T20:12:35.269,-6198,-0.522,-0.213,-0.523
2026-02-17T20:12:35.269,-6197,-0.410,-0.204,-0.223
2026-02-17T20:12:35.270,-6196,-0.297,-0.233,-0.073
2026-02-17T20:12:35.328,-6194,-0.211,-0.252,0.075
2026-02-17T20:12:35.328,-6193,-0.389,-0.263,0.369
2026-02-17T20:12:35.330,-6192,-0.474,-0.286,0.414
2026-02-17T20:12:35.389,-6190,-0.398,-0.268,0.446
2026-02-17T20:12:35.389,-6189,-0.155,-0.275,0.472
2026-02-17T20:12:35.390,-6188,-0.069,-0.207,0.517
2026-02-17T20:12:35.449,-6186,-0.185,-0.035,0.559
2026-02-17T20:12:35.449,-6185,-0.268,0.079,1.276
2026-02-17T20:12:35.450,-6184,-0.142,0.251,1.576
2026-02-17T20:12:35.509,-6182,-0.049,0.223,1.752
2026-02-17T20:12:35.509,-6181,-0.251,0.278,1.416
2026-02-17T20:12:35.509,-6180,-0.403,0.354,1.209
2026-02-17T20:12:35.569,-6178,-0.187,0.316,1.365
2026-02-17T20:12:35.570,-6177,0.060,0.210,1.708
2026-02-17T20:12:35.570,-6176,0.077,0.225,1.780
2026-02-17T20:12:35.629,-6173,-0.429,0.506,1.306
2026-02-17T20:12:35.630,-6172,-0.516,0.622,1.158
2026-02-17T20:12:35.630,-6171,-0.377,0.579,1.340
2026-02-17T20:12:35.688,-6169,-0.030,0.337,1.879
2026-02-17T20:12:35.689,-6168,-0.079,0.305,1.991
2026-02-17T20:12:35.689,-6167,-0.208,0.318,1.860
2026-02-17T20:12:35.749,-6165,-0.333,0.333,1.481
2026-02-17T20:12:35.749,-6164,-0.270,0.295,1.443
2026-02-17T20:12:35.750,-6163,-0.247,0.255,1.532
2026-02-17T20:12:35.809,-6161,-0.298,0.268,1.587
2026-02-17T20:12:35.810,-6160,-0.450,0.368,1.359
2026-02-17T20:12:35.810,-6159,-0.436,0.405,1.314
2026-02-17T20:12:35.868,-6157,-0.305,0.399,1.445
2026-02-17T20:12:35.869,-6156,-0.276,0.386,1.659
2026-02-17T20:12:35.869,-6155,-0.230,0.434,1.810
2026-02-17T20:12:36.048,-6152,-0.126,0.468,1.825
2026-02-17T20:12:36.050,-6151,-0.323,0.569,1.641
2026-02-17T20:12:36.050,-6150,-0.315,0.470,1.586
2026-02-17T20:12:36.051,-6148,-0.089,0.289,1.918
2026-02-17T20:12:36.109,-6146,-0.168,0.391,1.565
2026-02-17T20:12:36.109,-6145,0.238,-0.039,1.027
2026-02-17T20:12:36.110,-6144,0.232,-0.101,0.840
2026-02-17T20:12:36.228,-6142,0.155,-0.100,0.789
2026-02-17T20:12:36.229,-6141,-0.045,0.172,0.611
2026-02-17T20:12:36.229,-6140,-0.190,0.256,0.456
2026-02-17T20:12:36.230,-6137,-0.418,0.338,-0.120
2026-02-17T20:12:36.289,-6135,-0.426,0.305,-0.575
2026-02-17T20:12:36.289,-6134,-0.051,0.923,-1.201
2026-02-17T20:12:36.289,-6133,-0.295,0.955,-1.789
2026-02-17T20:12:36.408,-6131,-0.590,0.710,-2.373
2026-02-17T20:12:36.409,-6130,-0.354,0.244,-1.525
2026-02-17T20:12:36.409,-6129,-0.237,0.029,-1.086
2026-02-17T20:12:36.468,-6127,-0.214,-0.227,-0.491
2026-02-17T20:12:36.469,-6125,-0.272,-0.194,-0.330
2026-02-17T20:12:36.469,-6124,-0.471,-0.229,-0.622
2026-02-17T20:12:36.471,-6123,-0.460,-0.238,-0.476
2026-02-17T20:12:36.528,-6121,-0.421,-0.173,-0.060
2026-02-17T20:12:36.528,-6120,-0.371,-0.080,0.183
2026-02-17T20:12:36.530,-6119,-0.387,-0.102,0.130
2026-02-17T20:12:36.649,-6117,-0.555,-0.201,0.147
2026-02-17T20:12:36.649,-6116,-0.215,-0.390,1.008
2026-02-17T20:12:36.709,-6115,-0.020,-0.371,1.253
2026-02-17T20:12:36.709,-6113,0.084,-0.248,0.998
2026-02-17T20:12:36.710,-6111,-0.255,-0.023,0.292
2026-02-17T20:12:36.710,-6110,-0.079,0.250,1.405
2026-02-17T20:12:36.768,-6108,-0.111,0.453,1.442
2026-02-17T20:12:36.769,-6107,-0.132,0.666,1.200
2026-02-17T20:12:36.771,-6106,-0.170,0.763,1.187
2026-02-17T20:12:36.829,-6104,-0.043,0.907,1.727
2026-02-17T20:12:36.830,-6103,0.045,0.975,2.347
2026-02-17T20:12:36.830,-6102,-0.051,0.973,2.557
2026-02-17T20:12:36.889,-6100,-0.448,0.797,2.277
2026-02-17T20:12:36.890,-6099,-0.540,0.724,1.704
2026-02-17T20:12:36.948,-6098,-0.427,0.664,1.631
2026-02-17T20:12:36.949,-6096,-0.278,0.454,1.784
2026-02-17T20:12:36.949,-6095,-0.456,0.464,1.712
2026-02-17T20:12:37.008,-6093,-0.535,0.504,1.390
2026-02-17T20:12:37.009,-6092,-0.387,0.482,1.392
2026-02-17T20:12:37.009,-6091,-0.317,0.467,1.476
2026-02-17T20:12:37.068,-6089,-0.302,0.538,1.528
2026-02-17T20:12:37.069,-6088,-0.371,0.698,1.581
2026-02-17T20:12:37.069,-6087,-0.420,0.744,1.667
2026-02-17T20:12:37.129,-6084,-0.145,0.585,1.756
2026-02-17T20:12:37.129,-6083,-0.047,0.520,1.659
2026-02-17T20:12:37.130,-6082,-0.125,0.546,1.594
2026-02-17T20:12:37.189,-6080,-0.197,0.574,1.656
2026-02-17T20:12:37.190,-6079,-0.115,0.489,1.824
2026-02-17T20:12:37.190,-6078,0.020,0.416,1.835
2026-02-17T20:12:37.249,-6075,-0.091,0.477,1.308
2026-02-17T20:12:37.250,-6074,-0.158,0.423,1.664
2026-02-17T20:12:37.250,-6073,-0.109,0.379,1.979
2026-02-17T20:12:37.308,-6071,0.242,0.323,1.910
2026-02-17T20:12:37.309,-6070,0.353,0.358,1.237
2026-02-17T20:12:37.309,-6069,0.290,0.290,0.943
2026-02-17T20:12:37.369,-6066,-0.354,0.220,0.665
2026-02-17T20:12:37.370,-6065,-0.434,0.255,0.682
2026-02-17T20:12:37.370,-6064,-0.327,0.248,0.758
2026-02-17T20:12:37.428,-6062,-0.037,0.483,0.447
2026-02-17T20:12:37.429,-6061,-0.159,0.715,-0.384
2026-02-17T20:12:37.430,-6060,-0.222,0.782,-0.763
2026-02-17T20:12:37.489,-6058,-0.378,0.637,-1.177
2026-02-17T20:12:37.489,-6057,-0.398,0.915,-1.195
2026-02-17T20:12:37.490,-6056,-0.381,0.914,-1.338
2026-02-17T20:12:37.549,-6054,-0.304,0.730,-1.609
2026-02-17T20:12:37.549,-6053,-0.455,0.310,-1.742
2026-02-17T20:12:37.550,-6052,-0.558,0.203,-1.587
2026-02-17T20:12:37.608,-6050,-0.622,0.019,-0.949
2026-02-17T20:12:37.609,-6049,-0.397,-0.112,-0.265
2026-02-17T20:12:37.609,-6048,-0.305,-0.088,-0.130
2026-02-17T20:12:37.668,-6046,-0.308,-0.001,-0.277
2026-02-17T20:12:37.669,-6045,-0.570,0.037,-0.714
2026-02-17T20:12:37.669,-6044,-0.627,-0.024,-0.712
2026-02-17T20:12:37.728,-6042,-0.464,-0.018,-0.155
2026-02-17T20:12:37.729,-6041,-0.298,0.019,0.412
2026-02-17T20:12:37.729,-6040,-0.240,0.081,0.501
2026-02-17T20:12:37.788,-6037,-0.294,-0.020,0.292
2026-02-17T20:12:37.790,-6036,-0.375,-0.198,1.119
2026-02-17T20:12:37.790,-6035,-0.271,-0.136,1.513
2026-02-17T20:12:37.849,-6033,-0.105,-0.059,1.651
2026-02-17T20:12:37.849,-6032,0.086,-0.160,1.105
2026-02-17T20:12:37.850,-6031,0.110,-0.088,0.866
2026-02-17T20:12:37.908,-6029,-0.094,0.110,0.549
2026-02-17T20:12:37.909,-6028,-0.153,0.290,0.811
2026-02-17T20:12:37.909,-6027,-0.092,0.354,1.076
2026-02-17T20:12:37.969,-6025,0.051,0.535,1.579
2026-02-17T20:12:37.969,-6024,-0.074,0.709,1.632
2026-02-17T20:12:37.969,-6023,-0.140,0.766,1.634
2026-02-17T20:12:38.028,-6021,-0.056,0.866,2.112
2026-02-17T20:12:38.030,-6020,0.006,0.807,2.820
2026-02-17T20:12:38.030,-6019,-0.106,0.773,2.866
2026-02-17T20:12:38.089,-6016,-0.664,0.637,2.052
2026-02-17T20:12:38.089,-6015,-0.612,0.643,1.595
2026-02-17T20:12:38.148,-6014,-0.606,0.615,1.382
2026-02-17T20:12:38.149,-6012,-0.534,0.382,1.338
2026-02-17T20:12:38.150,-6011,-0.515,0.351,1.430
2026-02-17T20:12:38.208,-6010,-0.535,0.386,1.369
2026-02-17T20:12:38.210,-6008,-0.519,0.502,1.323
2026-02-17T20:12:38.210,-6007,-0.337,0.521,1.579
2026-02-17T20:12:38.211,-6006,-0.233,0.502,1.643
2026-02-17T20:12:38.329,-6004,-0.111,0.474,1.566
2026-02-17T20:12:38.329,-6003,-0.164,0.589,1.439
2026-02-17T20:12:38.330,-6002,-0.207,0.609,1.637
2026-02-17T20:12:38.330,-6000,-0.095,0.523,2.292
2026-02-17T20:12:38.389,-5998,0.071,0.502,2.013
2026-02-17T20:12:38.390,-5997,-0.116,0.279,1.539
2026-02-17T20:12:38.390,-5996,-0.009,0.224,1.697
2026-02-17T20:12:38.448,-5994,0.162,0.223,1.470
2026-02-17T20:12:38.450,-5993,-0.095,0.325,0.824
2026-02-17T20:12:38.450,-5992,-0.273,0.269,0.842
2026-02-17T20:12:38.509,-5990,-0.281,-0.083,1.205
2026-02-17T20:12:38.509,-5989,0.059,-0.007,1.231
2026-02-17T20:12:38.510,-5988,0.023,0.095,0.906
2026-02-17T20:12:38.568,-5986,-0.295,0.208,0.607
2026-02-17T20:12:38.569,-5985,-0.258,0.036,0.213
2026-02-17T20:12:38.628,-5984,-0.093,-0.019,0.080
2026-02-17T20:12:38.629,-5982,-0.197,0.440,-0.106
2026-02-17T20:12:38.629,-5981,-0.415,0.641,-0.459
2026-02-17T20:12:38.631,-5980,-0.461,0.744,-0.754
2026-02-17T20:12:38.689,-5977,-0.261,0.634,-1.319
2026-02-17T20:12:38.690,-5976,-0.096,0.602,-1.402
2026-02-17T20:12:38.690,-5975,-0.046,0.506,-1.479
2026-02-17T20:12:38.749,-5973,-0.042,0.219,-1.367
2026-02-17T20:12:38.749,-5972,-0.222,0.000,-1.130
2026-02-17T20:12:38.750,-5971,-0.317,-0.062,-1.073
2026-02-17T20:12:38.808,-5969,-0.444,-0.137,-0.839
2026-02-17T20:12:38.810,-5968,-0.385,-0.127,-0.549
2026-02-17T20:12:38.810,-5967,-0.328,-0.118,-0.505
2026-02-17T20:12:38.868,-5965,-0.321,-0.129,-0.553
2026-02-17T20:12:38.869,-5964,-0.466,-0.185,-0.595
2026-02-17T20:12:38.869,-5963,-0.482,-0.216,-0.520
2026-02-17T20:12:38.928,-5961,-0.365,-0.263,-0.194
2026-02-17T20:12:38.929,-5960,-0.188,-0.277,0.044
2026-02-17T20:12:38.929,-5959,-0.172,-0.295,0.133
2026-02-17T20:12:38.989,-5956,-0.326,-0.471,0.529
2026-02-17T20:12:38.989,-5955,-0.181,-0.597,0.722
2026-02-17T20:12:38.990,-5954,-0.139,-0.542,0.759
2026-02-17T20:12:39.048,-5952,-0.386,-0.471,0.504
2026-02-17T20:12:39.049,-5951,-0.663,-0.349,0.244
2026-02-17T20:12:39.050,-5950,-0.640,-0.381,0.235
2026-02-17T20:12:39.109,-5947,-0.023,-0.439,0.857
2026-02-17T20:12:39.109,-5946,0.035,-0.321,0.999
2026-02-17T20:12:39.168,-5945,-0.339,-0.162,0.867
2026-02-17T20:12:39.169,-5943,-0.833,-0.039,0.907
2026-02-17T20:12:39.170,-5942,-0.309,-0.105,1.227
2026-02-17T20:12:39.170,-5941,0.078,-0.010,1.522
2026-02-17T20:12:39.229,-5939,0.441,0.143,1.949
2026-02-17T20:12:39.230,-5938,0.078,0.309,1.858
2026-02-17T20:12:39.230,-5937,-0.192,0.388,1.655
2026-02-17T20:12:39.289,-5935,-0.501,0.530,1.728
2026-02-17T20:12:39.289,-5934,-0.305,0.403,1.946
2026-02-17T20:12:39.290,-5933,-0.239,0.349,1.975
2026-02-17T20:12:39.348,-5931,-0.284,0.339,1.650
2026-02-17T20:12:39.348,-5930,-0.402,0.483,1.281
2026-02-17T20:12:39.350,-5929,-0.364,0.477,1.443
2026-02-17T20:12:39.409,-5927,-0.226,0.310,1.937
2026-02-17T20:12:39.410,-5926,-0.267,0.216,1.813
2026-02-17T20:12:39.410,-5925,-0.309,0.268,1.587
2026-02-17T20:12:39.469,-5923,-0.312,0.296,1.322
2026-02-17T20:12:39.469,-5922,-0.293,0.313,1.426
2026-02-17T20:12:39.470,-5921,-0.280,0.306,1.566
2026-02-17T20:12:39.529,-5919,-0.292,0.312,1.728
2026-02-17T20:12:39.529,-5918,-0.300,0.374,1.661
2026-02-17T20:12:39.530,-5917,-0.300,0.394,1.578
2026-02-17T20:12:39.589,-5915,-0.297,0.347,1.556
2026-02-17T20:12:39.589,-5914,-0.165,0.238,1.703
2026-02-17T20:12:39.648,-5913,-0.075,0.217,1.701
2026-02-17T20:12:39.649,-5910,-0.243,0.204,1.236
2026-02-17T20:12:39.709,-5909,-0.317,0.106,1.321
2026-02-17T20:12:39.710,-5907,-0.215,0.006,1.718
2026-02-17T20:12:39.711,-5906,-0.056,0.070,1.313
2026-02-17T20:12:39.711,-5905,-0.115,0.092,1.064
2026-02-17T20:12:39.768,-5902,-0.225,-0.127,0.964
2026-02-17T20:12:39.770,-5901,-0.174,-0.089,1.043
2026-02-17T20:12:39.770,-5900,-0.166,-0.045,0.865
2026-02-17T20:12:39.828,-5898,-0.249,0.078,0.508
2026-02-17T20:12:39.829,-5897,-0.410,0.067,0.049
2026-02-17T20:12:39.889,-5896,-0.359,0.081,0.003
2026-02-17T20:12:39.890,-5894,-0.194,0.086,-0.160
2026-02-17T20:12:39.890,-5893,-0.305,0.069,-0.491
2026-02-17T20:12:39.948,-5890,-0.112,0.071,-0.894
2026-02-17T20:12:39.949,-5889,-0.241,0.448,-1.227
2026-02-17T20:12:39.949,-5888,-0.368,0.453,-1.534
2026-02-17T20:12:40.008,-5886,-0.491,0.263,-1.750
2026-02-17T20:12:40.009,-5885,-0.293,-0.046,-1.212
2026-02-17T20:12:40.009,-5884,-0.265,-0.153,-0.905
2026-02-17T20:12:40.069,-5882,-0.203,-0.241,-0.496
2026-02-17T20:12:40.069,-5881,-0.239,-0.284,-0.424
2026-02-17T20:12:40.069,-5880,-0.225,-0.250,-0.413
2026-02-17T20:12:40.189,-5878,-0.149,-0.214,-0.387
2026-02-17T20:12:40.189,-5877,-0.281,-0.145,-0.305
2026-02-17T20:12:40.190,-5876,-0.414,-0.135,-0.253
2026-02-17T20:12:40.309,-5874,-0.459,-0.109,0.068
2026-02-17T20:12:40.309,-5872,-0.203,-0.026,0.269
2026-02-17T20:12:40.309,-5871,-0.289,0.097,0.406
2026-02-17T20:12:40.310,-5870,-0.069,0.108,0.739
2026-02-17T20:12:40.369,-5868,0.143,0.153,1.596
2026-02-17T20:12:40.370,-5867,0.437,0.481,2.349
2026-02-17T20:12:40.370,-5866,0.412,0.498,2.460
2026-02-17T20:12:40.428,-5864,-0.273,0.623,2.033
2026-02-17T20:12:40.429,-5863,-0.676,0.831,1.545
2026-02-17T20:12:40.429,-5862,-0.390,0.660,1.692
2026-02-17T20:12:40.489,-5860,0.114,0.296,2.167
2026-02-17T20:12:40.489,-5859,0.018,0.223,2.244
2026-02-17T20:12:40.491,-5858,-0.164,0.228,2.059
2026-02-17T20:12:40.548,-5855,-0.301,0.271,1.323
2026-02-17T20:12:40.549,-5854,-0.265,0.303,1.281
2026-02-17T20:12:40.549,-5853,-0.269,0.276,1.389
2026-02-17T20:12:40.608,-5851,-0.242,0.250,1.698
2026-02-17T20:12:40.609,-5850,-0.319,0.307,1.675
2026-02-17T20:12:40.609,-5849,-0.377,0.354,1.529
2026-02-17T20:12:40.668,-5847,-0.325,0.396,1.392
2026-02-17T20:12:40.669,-5846,-0.227,0.375,1.553
2026-02-17T20:12:40.669,-5845,-0.224,0.422,1.689
2026-02-17T20:12:40.728,-5843,-0.283,0.487,1.931
2026-02-17T20:12:40.728,-5842,-0.251,0.503,2.114
2026-02-17T20:12:40.788,-5841,-0.200,0.488,2.187
2026-02-17T20:12:40.790,-5839,-0.028,0.444,2.249
2026-02-17T20:12:40.791,-5838,0.003,0.559,1.995
2026-02-17T20:12:40.791,-5837,-0.026,0.527,1.818
2026-02-17T20:12:40.849,-5835,-0.034,0.532,1.544
2026-02-17T20:12:40.850,-5834,0.000,0.447,1.444
2026-02-17T20:12:40.850,-5833,0.034,0.422,1.415
2026-02-17T20:12:40.909,-5831,0.040,0.377,1.302
2026-02-17T20:12:40.910,-5830,-0.046,0.409,1.232
2026-02-17T20:12:40.910,-5829,-0.052,0.444,1.040
2026-02-17T20:12:40.969,-5827,-0.006,0.460,0.691
2026-02-17T20:12:40.969,-5826,-0.057,0.455,0.305
2026-02-17T20:12:40.970,-5825,-0.163,0.512,0.056
2026-02-17T20:12:41.028,-5823,-0.382,0.540,-0.460
2026-02-17T20:12:41.029,-5822,-0.443,0.475,-0.561
2026-02-17T20:12:41.030,-5821,-0.401,0.426,-0.580
2026-02-17T20:12:41.089,-5818,-0.124,0.426,-0.874
2026-02-17T20:12:41.089,-5817,-0.100,0.492,-1.106
2026-02-17T20:12:41.090,-5816,-0.121,0.557,-1.274
2026-02-17T20:12:41.148,-5814,-0.249,0.581,-1.594
2026-02-17T20:12:41.149,-5813,-0.378,0.374,-1.741
2026-02-17T20:12:41.149,-5812,-0.349,0.215,-1.604
2026-02-17T20:12:41.208,-5810,-0.234,-0.033,-1.075
2026-02-17T20:12:41.209,-5809,-0.197,-0.036,-0.491
2026-02-17T20:12:41.209,-5808,-0.239,0.022,-0.390
2026-02-17T20:12:41.269,-5806,-0.304,0.144,-0.518
2026-02-17T20:12:41.269,-5805,-0.247,0.005,-0.576
2026-02-17T20:12:41.328,-5804,-0.275,0.060,-0.476
2026-02-17T20:12:41.329,-5802,-0.317,-0.022,-0.057
2026-02-17T20:12:41.330,-5801,-0.270,-0.042,0.350
2026-02-17T20:12:41.389,-5798,-0.339,-0.119,0.645
2026-02-17T20:12:41.389,-5797,-0.262,-0.107,0.879
2026-02-17T20:12:41.390,-5796,-0.174,-0.098,1.354
2026-02-17T20:12:41.449,-5794,0.037,-0.043,1.862
2026-02-17T20:12:41.449,-5793,0.020,0.041,1.649
2026-02-17T20:12:41.449,-5792,-0.094,0.087,1.292
2026-02-17T20:12:41.568,-5790,-0.419,0.104,0.877
2026-02-17T20:12:41.569,-5789,-0.238,-0.008,1.474
2026-02-17T20:12:41.569,-5788,-0.148,0.024,1.948
2026-02-17T20:12:41.569,-5786,-0.147,0.186,2.136
2026-02-17T20:12:41.688,-5784,-0.580,0.425,1.318
2026-02-17T20:12:41.689,-5783,-0.574,0.291,1.559
2026-02-17T20:12:41.689,-5782,-0.458,0.271,1.636
2026-02-17T20:12:41.691,-5780,-0.344,0.271,1.911
2026-02-17T20:12:41.748,-5778,-0.445,0.172,1.822
2026-02-17T20:12:41.750,-5777,-0.353,0.051,1.677
2026-02-17T20:12:41.750,-5776,-0.355,0.067,1.655
2026-02-17T20:12:41.808,-5773,-0.373,0.155,1.443
2026-02-17T20:12:41.810,-5772,-0.373,0.182,1.326
2026-02-17T20:12:41.810,-5771,-0.374,0.192,1.302
2026-02-17T20:12:41.868,-5769,-0.370,0.179,1.428
2026-02-17T20:12:41.869,-5768,-0.300,0.175,1.650
2026-02-17T20:12:41.869,-5767,-0.324,0.207,1.733
2026-02-17T20:12:41.929,-5764,-0.372,0.336,1.561
2026-02-17T20:12:41.929,-5763,-0.411,0.321,1.586
2026-02-17T20:12:41.930,-5762,-0.408,0.286,1.709
2026-02-17T20:12:41.989,-5760,-0.245,0.182,2.011
2026-02-17T20:12:41.989,-5759,-0.142,0.194,2.053
2026-02-17T20:12:41.990,-5758,-0.179,0.234,1.919
2026-02-17T20:12:42.049,-5755,-0.189,0.128,1.831
2026-02-17T20:12:42.050,-5754,-0.016,0.089,1.797
2026-02-17T20:12:42.050,-5753,0.042,0.114,1.656
2026-02-17T20:12:42.109,-5751,-0.102,0.245,1.203
2026-02-17T20:12:42.109,-5750,-0.092,0.192,0.951
2026-02-17T20:12:42.110,-5749,-0.110,0.134,0.874
2026-02-17T20:12:42.169,-5747,-0.056,0.083,1.006
2026-02-17T20:12:42.169,-5746,-0.169,0.167,0.860
2026-02-17T20:12:42.169,-5745,-0.237,0.122,0.770
2026-02-17T20:12:42.229,-5743,-0.170,0.082,0.693
2026-02-17T20:12:42.230,-5742,-0.217,0.144,0.239
2026-02-17T20:12:42.230,-5741,-0.269,0.183,0.073
2026-02-17T20:12:42.288,-5739,-0.346,0.148,-0.284
2026-02-17T20:12:42.289,-5738,-0.290,0.172,-0.393
2026-02-17T20:12:42.289,-5737,-0.203,0.262,-0.397
2026-02-17T20:12:42.348,-5735,-0.209,0.571,-0.788
2026-02-17T20:12:42.350,-5734,-0.239,0.795,-1.300
2026-02-17T20:12:42.350,-5733,-0.276,0.771,-1.687
2026-02-17T20:12:42.408,-5730,-0.298,0.269,-1.897
2026-02-17T20:12:42.409,-5729,-0.209,0.030,-1.402
2026-02-17T20:12:42.410,-5728,-0.207,-0.073,-1.049
2026-02-17T20:12:42.469,-5726,-0.235,-0.222,-0.562
2026-02-17T20:12:42.469,-5725,-0.144,-0.158,-0.308
2026-02-17T20:12:42.469,-5724,-0.126,-0.129,-0.297
2026-02-17T20:12:42.528,-5721,-0.332,0.024,-0.610
2026-02-17T20:12:42.530,-5720,-0.434,-0.078,-0.585
2026-02-17T20:12:42.530,-5719,-0.404,-0.114,-0.403
2026-02-17T20:12:42.649,-5717,-0.214,-0.137,0.009
2026-02-17T20:12:42.649,-5716,-0.215,-0.061,0.205
2026-02-17T20:12:42.649,-5715,-0.402,-0.037,0.175
2026-02-17T20:12:42.651,-5712,-0.363,-0.528,0.800
2026-02-17T20:12:42.709,-5710,0.037,-0.477,1.252
2026-02-17T20:12:42.710,-5709,-0.507,0.042,0.506
2026-02-17T20:12:42.710,-5708,-0.627,-0.003,0.396
2026-02-17T20:12:42.768,-5706,-0.334,-0.112,1.243
2026-02-17T20:12:42.769,-5705,-0.022,0.208,1.728
2026-02-17T20:12:42.829,-5704,-0.010,0.291,1.715
2026-02-17T20:12:42.829,-5702,-0.094,0.359,1.512
2026-02-17T20:12:42.830,-5701,-0.165,0.439,1.272
2026-02-17T20:12:42.889,-5698,-0.096,0.652,1.091
2026-02-17T20:12:42.890,-5697,-0.152,0.871,1.139
2026-02-17T20:12:42.891,-5696,-0.203,0.951,1.185
2026-02-17T20:12:42.949,-5694,-0.303,1.107,1.344
2026-02-17T20:12:42.949,-5693,-0.365,1.141,1.637
2026-02-17T20:12:42.950,-5692,-0.398,1.091,1.748
2026-02-17T20:12:43.009,-5690,-0.412,0.939,1.894
2026-02-17T20:12:43.009,-5689,-0.411,0.765,1.917
2026-02-17T20:12:43.009,-5688,-0.396,0.663,1.866
2026-02-17T20:12:43.069,-5685,-0.292,0.476,1.529
2026-02-17T20:12:43.069,-5684,-0.303,0.461,1.339
2026-02-17T20:12:43.070,-5683,-0.339,0.484,1.239
2026-02-17T20:12:43.128,-5681,-0.438,0.546,1.101
2026-02-17T20:12:43.129,-5680,-0.415,0.550,1.121
2026-02-17T20:12:43.130,-5679,-0.350,0.553,1.201
2026-02-17T20:12:43.189,-5677,-0.286,0.560,1.339
2026-02-17T20:12:43.190,-5676,-0.297,0.596,1.410
2026-02-17T20:12:43.190,-5675,-0.293,0.622,1.464
2026-02-17T20:12:43.249,-5673,-0.262,0.676,1.550
2026-02-17T20:12:43.250,-5672,-0.238,0.753,1.680
2026-02-17T20:12:43.250,-5671,-0.277,0.815,1.694
2026-02-17T20:12:43.309,-5669,-0.279,0.874,1.694
2026-02-17T20:12:43.309,-5668,-0.356,0.911,1.837
2026-02-17T20:12:43.310,-5667,-0.333,0.931,1.913
2026-02-17T20:12:43.369,-5665,-0.228,0.914,2.002
2026-02-17T20:12:43.369,-5664,-0.047,0.812,1.785
2026-02-17T20:12:43.370,-5663,0.047,0.733,1.652
2026-02-17T20:12:43.429,-5661,0.094,0.611,1.522
2026-02-17T20:12:43.429,-5660,0.023,0.544,1.441
2026-02-17T20:12:43.430,-5659,0.076,0.497,1.401
2026-02-17T20:12:43.488,-5657,0.160,0.473,1.163
2026-02-17T20:12:43.489,-5656,-0.029,0.432,0.924
2026-02-17T20:12:43.489,-5655,-0.064,0.344,0.946
2026-02-17T20:12:43.549,-5652,0.052,0.159,1.055
2026-02-17T20:12:43.549,-5651,0.056,0.225,0.894
2026-02-17T20:12:43.550,-5650,0.045,0.345,0.717
2026-02-17T20:12:43.608,-5648,-0.016,0.467,0.207
2026-02-17T20:12:43.610,-5647,-0.280,0.376,-0.374
2026-02-17T20:12:43.610,-5646,-0.357,0.300,-0.504
2026-02-17T20:12:43.669,-5644,-0.320,0.317,-0.544
2026-02-17T20:12:43.669,-5643,-0.187,0.439,-0.659
2026-02-17T20:12:43.669,-5642,-0.194,0.502,-0.857
2026-02-17T20:12:43.728,-5640,-0.364,0.752,-1.216
2026-02-17T20:12:43.730,-5639,-0.440,0.769,-1.605
2026-02-17T20:12:43.730,-5638,-0.466,0.641,-1.726
2026-02-17T20:12:43.788,-5635,-0.220,0.139,-1.497
2026-02-17T20:12:43.789,-5634,-0.178,-0.118,-1.073
2026-02-17T20:12:43.789,-5633,-0.175,-0.163,-0.807
2026-02-17T20:12:43.848,-5631,-0.195,-0.111,-0.431
2026-02-17T20:12:43.849,-5630,-0.254,0.037,-0.274
2026-02-17T20:12:43.849,-5629,-0.301,0.133,-0.312
2026-02-17T20:12:43.908,-5626,-0.394,0.086,-0.478
2026-02-17T20:12:43.908,-5625,-0.397,-0.036,-0.388
2026-02-17T20:12:43.910,-5624,-0.402,-0.070,-0.228
2026-02-17T20:12:43.968,-5622,-0.402,-0.063,0.146
2026-02-17T20:12:43.969,-5621,-0.392,0.093,0.384
2026-02-17T20:12:43.969,-5620,-0.441,0.092,0.388
2026-02-17T20:12:44.028,-5618,-0.420,-0.030,0.593
2026-02-17T20:12:44.029,-5617,-0.027,0.038,1.367
2026-02-17T20:12:44.029,-5616,0.019,0.140,1.458
2026-02-17T20:12:44.089,-5614,-0.014,0.256,1.299
2026-02-17T20:12:44.089,-5613,-0.203,0.440,0.887
2026-02-17T20:12:44.090,-5612,-0.266,0.492,0.874
2026-02-17T20:12:44.149,-5610,0.063,0.514,1.233
2026-02-17T20:12:44.150,-5609,0.334,0.569,1.845
2026-02-17T20:12:44.150,-5608,0.263,0.619,1.938
2026-02-17T20:12:44.209,-5606,-0.138,0.738,1.751
2026-02-17T20:12:44.209,-5605,-0.293,0.861,1.405
2026-02-17T20:12:44.210,-5604,-0.225,0.901,1.267
2026-02-17T20:12:44.269,-5602,-0.049,0.897,1.185
2026-02-17T20:12:44.269,-5601,-0.006,0.914,1.266
2026-02-17T20:12:44.270,-5600,-0.092,0.962,1.329
2026-02-17T20:12:44.329,-5598,-0.516,1.141,1.321
2026-02-17T20:12:44.329,-5597,-0.733,1.077,1.557
2026-02-17T20:12:44.330,-5596,-0.621,0.915,1.726
2026-02-17T20:12:44.389,-5594,-0.460,0.672,1.826
2026-02-17T20:12:44.390,-5593,-0.456,0.609,1.584
2026-02-17T20:12:44.390,-5592,-0.454,0.599,1.463
2026-02-17T20:12:44.449,-5590,-0.454,0.599,1.274
2026-02-17T20:12:44.450,-5589,-0.472,0.612,1.204
2026-02-17T20:12:44.569,-5588,-0.464,0.615,1.166
2026-02-17T20:12:44.569,-5586,-0.424,0.615,1.130
2026-02-17T20:12:44.569,-5585,-0.367,0.619,1.285
2026-02-17T20:12:44.629,-5584,-0.355,0.622,1.392
2026-02-17T20:12:44.630,-5582,-0.326,0.680,1.537
2026-02-17T20:12:44.630,-5581,-0.255,0.929,2.209
2026-02-17T20:12:44.631,-5580,-0.156,1.002,2.089
2026-02-17T20:12:44.689,-5578,-0.003,0.937,1.727
2026-02-17T20:12:44.690,-5577,-0.102,0.777,1.676
2026-02-17T20:12:44.690,-5576,-0.173,0.699,1.861
2026-02-17T20:12:44.748,-5574,-0.142,0.641,1.999
2026-02-17T20:12:44.749,-5573,0.030,0.625,1.693
2026-02-17T20:12:44.749,-5572,0.149,0.610,1.311
2026-02-17T20:12:44.809,-5570,0.071,0.485,0.897
2026-02-17T20:12:44.809,-5569,-0.206,0.297,0.906
2026-02-17T20:12:44.809,-5568,-0.219,0.212,1.009
2026-02-17T20:12:44.868,-5566,-0.012,0.242,0.955
2026-02-17T20:12:44.869,-5565,-0.048,0.451,0.607
2026-02-17T20:12:44.869,-5564,-0.136,0.439,0.379
2026-02-17T20:12:44.929,-5562,-0.277,0.477,0.029
2026-02-17T20:12:44.929,-5561,-0.292,0.430,-0.345
2026-02-17T20:12:44.929,-5560,-0.283,0.325,-0.579
2026-02-17T20:12:44.988,-5557,-0.139,0.166,-0.729
2026-02-17T20:12:44.989,-5556,-0.146,0.209,-0.669
2026-02-17T20:12:44.989,-5555,-0.209,0.273,-0.728
2026-02-17T20:12:45.049,-5553,-0.382,0.450,-0.985
2026-02-17T20:12:45.049,-5552,-0.505,0.415,-1.292
2026-02-17T20:12:45.049,-5551,-0.471,0.345,-1.352
2026-02-17T20:12:45.109,-5548,-0.223,-0.060,-1.226
2026-02-17T20:12:45.109,-5547,-0.190,-0.184,-1.072
2026-02-17T20:12:45.109,-5546,-0.204,-0.220,-0.978
2026-02-17T20:12:45.168,-5544,-0.249,-0.137,-0.787
2026-02-17T20:12:45.169,-5543,-0.280,0.093,-0.698
2026-02-17T20:12:45.169,-5542,-0.327,0.201,-0.678
2026-02-17T20:12:45.229,-5540,-0.455,0.223,-0.671
2026-02-17T20:12:45.229,-5539,-0.544,0.076,-0.531
2026-02-17T20:12:45.230,-5538,-0.480,0.032,-0.314
2026-02-17T20:12:45.288,-5536,-0.306,0.066,0.135
2026-02-17T20:12:45.289,-5535,-0.244,0.157,0.348
2026-02-17T20:12:45.289,-5534,-0.265,0.191,0.379
2026-02-17T20:12:45.349,-5532,-0.404,0.070,0.391
2026-02-17T20:12:45.349,-5531,-0.165,0.043,0.593
2026-02-17T20:12:45.349,-5530,0.032,0.099,0.752
2026-02-17T20:12:45.409,-5528,0.249,0.332,1.068
2026-02-17T20:12:45.410,-5527,-0.137,0.680,0.796
2026-02-17T20:12:45.410,-5526,-0.210,0.837,0.957
2026-02-17T20:12:45.469,-5524,0.153,1.128,1.784
2026-02-17T20:12:45.470,-5523,0.244,1.139,2.635
2026-02-17T20:12:45.470,-5522,0.064,0.952,2.673
2026-02-17T20:12:45.528,-5520,-0.346,0.690,2.083
2026-02-17T20:12:45.528,-5519,-0.209,0.774,1.288
2026-02-17T20:12:45.530,-5518,-0.136,0.798,1.095
2026-02-17T20:12:45.588,-5516,-0.064,0.853,0.875
2026-02-17T20:12:45.590,-5515,-0.120,0.921,1.058
2026-02-17T20:12:45.590,-5514,-0.222,0.964,1.190
2026-02-17T20:12:45.648,-5512,-0.407,1.031,1.458
2026-02-17T20:12:45.648,-5511,-0.504,0.964,1.619
2026-02-17T20:12:45.650,-5510,-0.503,0.879,1.638
2026-02-17T20:12:45.708,-5508,-0.415,0.727,1.629
2026-02-17T20:12:45.710,-5507,-0.377,0.633,1.512
2026-02-17T20:12:45.769,-5506,-0.403,0.625,1.407
2026-02-17T20:12:45.769,-5504,-0.485,0.607,1.241
2026-02-17T20:12:45.770,-5503,-0.480,0.589,1.210
2026-02-17T20:12:45.828,-5500,-0.420,0.617,1.227
2026-02-17T20:12:45.829,-5499,-0.254,0.653,1.357
2026-02-17T20:12:45.829,-5498,-0.334,0.653,1.413
2026-02-17T20:12:45.889,-5496,-0.249,0.676,1.430
2026-02-17T20:12:45.889,-5495,-0.264,0.762,1.454
2026-02-17T20:12:45.890,-5494,-0.297,0.792,1.526
2026-02-17T20:12:45.948,-5492,-0.282,0.803,1.847
2026-02-17T20:12:45.950,-5491,-0.124,0.826,1.939
2026-02-17T20:12:45.950,-5490,-0.131,0.904,1.783
2026-02-17T20:12:46.009,-5488,-0.156,0.936,1.545
2026-02-17T20:12:46.009,-5487,-0.164,0.854,1.652
2026-02-17T20:12:46.010,-5486,-0.116,0.756,1.872
2026-02-17T20:12:46.069,-5484,0.009,0.744,2.065
2026-02-17T20:12:46.069,-5483,0.045,0.752,1.547
2026-02-17T20:12:46.070,-5482,0.024,0.734,1.348
2026-02-17T20:12:46.129,-5480,0.035,0.534,1.398
2026-02-17T20:12:46.130,-5479,0.140,0.356,1.569
2026-02-17T20:12:46.188,-5478,0.201,0.376,1.451
2026-02-17T20:12:46.189,-5476,0.217,0.511,0.923
2026-02-17T20:12:46.189,-5475,0.023,0.578,0.386
2026-02-17T20:12:46.189,-5474,-0.084,0.479,0.246
2026-02-17T20:12:46.249,-5472,-0.273,0.426,0.095
2026-02-17T20:12:46.249,-5471,-0.290,0.466,-0.171
2026-02-17T20:12:46.250,-5470,-0.294,0.512,-0.302
2026-02-17T20:12:46.309,-5468,-0.284,0.355,-0.493
2026-02-17T20:12:46.309,-5467,-0.221,0.351,-0.572
2026-02-17T20:12:46.309,-5466,-0.244,0.471,-0.711
2026-02-17T20:12:46.369,-5464,-0.367,0.709,-1.151
2026-02-17T20:12:46.369,-5463,-0.411,0.645,-1.683
2026-02-17T20:12:46.369,-5462,-0.419,0.504,-1.805
2026-02-17T20:12:46.429,-5460,-0.367,0.268,-1.581
2026-02-17T20:12:46.430,-5459,-0.303,0.046,-0.956
2026-02-17T20:12:46.430,-5458,-0.274,0.006,-0.704
2026-02-17T20:12:46.489,-5456,-0.237,0.048,-0.429
2026-02-17T20:12:46.489,-5455,-0.282,0.109,-0.454
2026-02-17T20:12:46.490,-5454,-0.354,0.137,-0.514
2026-02-17T20:12:46.549,-5451,-0.503,-0.112,-0.331
2026-02-17T20:12:46.550,-5450,-0.479,-0.043,0.040
2026-02-17T20:12:46.550,-5449,-0.423,-0.064,0.301
2026-02-17T20:12:46.609,-5447,-0.309,-0.013,0.427
2026-02-17T20:12:46.609,-5446,-0.324,-0.007,0.213
2026-02-17T20:12:46.610,-5445,-0.317,0.000,0.206
2026-02-17T20:12:46.669,-5443,-0.238,0.032,0.609
2026-02-17T20:12:46.669,-5442,0.232,0.191,1.316
2026-02-17T20:12:46.728,-5441,0.194,0.227,1.418
2026-02-17T20:12:46.730,-5439,0.045,0.311,1.161
2026-02-17T20:12:46.730,-5438,-0.117,0.468,1.024
2026-02-17T20:12:46.731,-5437,-0.093,0.573,1.081
2026-02-17T20:12:46.789,-5435,0.172,0.614,1.560
2026-02-17T20:12:46.790,-5434,0.136,0.854,1.836
2026-02-17T20:12:46.791,-5433,-0.099,1.070,1.843
2026-02-17T20:12:46.849,-5431,-0.445,1.241,2.080
2026-02-17T20:12:46.849,-5430,-0.139,0.738,2.488
2026-02-17T20:12:46.908,-5429,-0.067,0.505,2.292
2026-02-17T20:12:46.908,-5427,-0.103,0.344,1.432
2026-02-17T20:12:46.910,-5426,-0.184,0.390,0.910
2026-02-17T20:12:46.910,-5425,-0.228,0.419,0.833
2026-02-17T20:12:46.968,-5423,-0.311,0.459,0.983
2026-02-17T20:12:46.970,-5422,-0.396,0.529,1.167
2026-02-17T20:12:46.970,-5421,-0.453,0.594,1.197
2026-02-17T20:12:47.089,-5419,-0.496,0.665,1.108
2026-02-17T20:12:47.089,-5418,-0.438,0.711,1.107
2026-02-17T20:12:47.090,-5417,-0.404,0.686,1.185
2026-02-17T20:12:47.090,-5415,-0.327,0.613,1.418
2026-02-17T20:12:47.149,-5413,-0.256,0.487,1.394
2026-02-17T20:12:47.149,-5412,-0.445,0.626,1.317
2026-02-17T20:12:47.149,-5411,-0.414,0.602,1.421
2026-02-17T20:12:47.209,-5409,-0.345,0.578,1.597
2026-02-17T20:12:47.209,-5408,-0.358,0.670,1.620
2026-02-17T20:12:47.210,-5407,-0.374,0.695,1.742
2026-02-17T20:12:47.269,-5405,-0.341,0.707,1.999
2026-02-17T20:12:47.269,-5404,-0.241,0.818,2.117
2026-02-17T20:12:47.270,-5403,-0.203,0.897,2.054
2026-02-17T20:12:47.329,-5401,-0.135,0.868,1.884
2026-02-17T20:12:47.329,-5400,-0.025,0.722,1.954
2026-02-17T20:12:47.329,-5399,-0.059,0.661,1.984
2026-02-17T20:12:47.388,-5397,0.021,0.652,1.821
2026-02-17T20:12:47.389,-5396,0.085,0.591,1.282
2026-02-17T20:12:47.389,-5395,0.078,0.557,1.182
2026-02-17T20:12:47.448,-5393,-0.068,0.471,1.168
2026-02-17T20:12:47.448,-5392,-0.167,0.492,1.138
2026-02-17T20:12:47.450,-5391,-0.151,0.547,0.991
2026-02-17T20:12:47.509,-5389,-0.059,0.479,0.691
2026-02-17T20:12:47.509,-5388,-0.096,0.451,0.325
2026-02-17T20:12:47.510,-5387,-0.101,0.427,0.249
2026-02-17T20:12:47.569,-5385,-0.215,0.527,-0.070
2026-02-17T20:12:47.569,-5384,-0.213,0.618,-0.565
2026-02-17T20:12:47.570,-5383,-0.163,0.605,-0.860
2026-02-17T20:12:47.628,-5381,0.026,0.499,-0.964
2026-02-17T20:12:47.630,-5380,-0.048,0.575,-1.375
2026-02-17T20:12:47.630,-5379,-0.159,0.549,-1.633
2026-02-17T20:12:47.689,-5377,-0.345,0.488,-1.833
2026-02-17T20:12:47.689,-5376,-0.254,0.120,-1.274
2026-02-17T20:12:47.748,-5375,-0.254,-0.097,-1.154
2026-02-17T20:12:47.749,-5373,-0.312,-0.388,-0.607
2026-02-17T20:12:47.750,-5372,-0.309,-0.375,-0.204
2026-02-17T20:12:47.750,-5371,-0.316,-0.302,-0.155
2026-02-17T20:12:47.809,-5369,-0.284,-0.142,-0.346
2026-02-17T20:12:47.809,-5368,-0.292,-0.006,-0.611
2026-02-17T20:12:47.810,-5367,-0.368,-0.029,-0.690
2026-02-17T20:12:47.869,-5365,-0.506,-0.076,-0.447
2026-02-17T20:12:47.869,-5364,-0.358,-0.041,0.026
2026-02-17T20:12:47.928,-5363,-0.289,-0.028,0.107
2026-02-17T20:12:47.929,-5361,-0.364,0.008,0.141
2026-02-17T20:12:47.929,-5360,-0.627,-0.127,0.053
2026-02-17T20:12:47.931,-5359,-0.538,-0.250,0.169
2026-02-17T20:12:47.989,-5357,-0.077,-0.120,0.614
2026-02-17T20:12:47.990,-5356,0.153,0.193,0.948
2026-02-17T20:12:47.991,-5355,0.117,0.348,1.028
2026-02-17T20:12:48.048,-5353,-0.170,0.666,0.924
2026-02-17T20:12:48.049,-5352,0.002,0.796,1.149
2026-02-17T20:12:48.049,-5351,0.176,0.844,1.401
2026-02-17T20:12:48.108,-5348,0.093,1.111,1.775
2026-02-17T20:12:48.109,-5347,-0.206,1.307,1.622
2026-02-17T20:12:48.109,-5346,-0.416,1.385,1.515
2026-02-17T20:12:48.169,-5344,-0.188,1.302,1.734
2026-02-17T20:12:48.171,-5343,-0.059,1.165,1.979
2026-02-17T20:12:48.171,-5342,-0.112,1.174,1.990
2026-02-17T20:12:48.228,-5340,-0.464,1.230,1.774
2026-02-17T20:12:48.229,-5339,-0.605,0.989,1.604
2026-02-17T20:12:48.229,-5338,-0.457,0.849,1.645
2026-02-17T20:12:48.289,-5336,-0.263,0.560,1.696
2026-02-17T20:12:48.289,-5335,-0.404,0.552,1.509
2026-02-17T20:12:48.290,-5334,-0.508,0.587,1.408
2026-02-17T20:12:48.349,-5332,-0.575,0.622,1.250
2026-02-17T20:12:48.349,-5331,-0.496,0.612,1.202
2026-02-17T20:12:48.350,-5330,-0.458,0.613,1.176
2026-02-17T20:12:48.409,-5327,-0.415,0.641,1.207
2026-02-17T20:12:48.409,-5326,-0.374,0.650,1.284
2026-02-17T20:12:48.469,-5325,-0.328,0.650,1.338
2026-02-17T20:12:48.469,-5323,-0.305,0.683,1.449
2026-02-17T20:12:48.528,-5322,-0.300,0.762,1.523
2026-02-17T20:12:48.528,-5321,-0.313,0.801,1.549
2026-02-17T20:12:48.530,-5319,-0.346,0.885,1.746
2026-02-17T20:12:48.530,-5318,-0.392,0.940,1.865
2026-02-17T20:12:48.589,-5316,-0.292,0.954,1.666
2026-02-17T20:12:48.590,-5315,-0.285,0.879,1.531
2026-02-17T20:12:48.590,-5314,-0.250,0.780,1.624
2026-02-17T20:12:48.649,-5312,-0.053,0.665,1.829
2026-02-17T20:12:48.649,-5311,0.111,0.514,1.558
2026-02-17T20:12:48.709,-5310,0.066,0.544,1.388
2026-02-17T20:12:48.709,-5308,0.019,0.455,1.356
2026-02-17T20:12:48.710,-5307,0.117,0.360,1.327
2026-02-17T20:12:48.769,-5304,0.195,0.330,0.861
2026-02-17T20:12:48.769,-5303,0.016,0.379,0.692
2026-02-17T20:12:48.770,-5302,-0.235,0.298,0.551
2026-02-17T20:12:48.828,-5300,-0.266,0.283,0.499
2026-02-17T20:12:48.889,-5299,-0.230,0.327,0.244
2026-02-17T20:12:48.889,-5298,-0.195,0.369,0.025
2026-02-17T20:12:48.890,-5296,-0.150,0.401,-0.384
2026-02-17T20:12:48.949,-5294,-0.095,0.282,-0.859
2026-02-17T20:12:48.949,-5293,-0.322,0.825,-1.413
2026-02-17T20:12:48.949,-5292,-0.436,0.816,-1.588
2026-02-17T20:12:49.009,-5290,-0.477,0.551,-1.673
2026-02-17T20:12:49.010,-5289,-0.366,0.119,-1.373
2026-02-17T20:12:49.010,-5288,-0.335,0.033,-1.139
2026-02-17T20:12:49.128,-5286,-0.244,-0.012,-0.713
2026-02-17T20:12:49.129,-5285,-0.228,0.061,-0.548
2026-02-17T20:12:49.129,-5284,-0.242,0.129,-0.539
2026-02-17T20:12:49.130,-5281,-0.376,0.052,-0.567
2026-02-17T20:12:49.189,-5279,-0.395,-0.071,-0.233
2026-02-17T20:12:49.189,-5278,-0.362,0.146,0.167
2026-02-17T20:12:49.189,-5277,-0.415,0.183,0.144
2026-02-17T20:12:49.248,-5275,-0.434,0.151,0.098
2026-02-17T20:12:49.250,-5274,0.116,0.303,0.753
2026-02-17T20:12:49.250,-5273,0.290,0.434,1.070
2026-02-17T20:12:49.309,-5271,0.278,0.618,1.355
2026-02-17T20:12:49.309,-5270,-0.152,0.782,1.207
2026-02-17T20:12:49.310,-5269,-0.281,0.917,1.149
2026-02-17T20:12:49.369,-5267,-0.052,0.983,1.622
2026-02-17T20:12:49.369,-5266,0.247,0.772,2.425
2026-02-17T20:12:49.428,-5265,0.137,0.685,2.426
2026-02-17T20:12:49.430,-5263,-0.257,0.704,1.818
2026-02-17T20:12:49.430,-5262,-0.369,0.948,1.347
2026-02-17T20:12:49.430,-5261,-0.242,0.816,1.406
2026-02-17T20:12:49.489,-5259,0.078,0.527,1.835
2026-02-17T20:12:49.489,-5258,-0.100,0.353,1.630
2026-02-17T20:12:49.490,-5257,-0.242,0.386,1.352
2026-02-17T20:12:49.549,-5255,-0.411,0.527,0.975
2026-02-17T20:12:49.549,-5254,-0.491,0.668,0.944
2026-02-17T20:12:49.669,-5253,-0.519,0.669,1.110
2026-02-17T20:12:49.669,-5251,-0.448,0.552,1.603
2026-02-17T20:12:49.669,-5250,-0.426,0.472,1.695
2026-02-17T20:12:49.670,-5249,-0.443,0.454,1.544
2026-02-17T20:12:49.729,-5247,-0.366,0.439,1.237
2026-02-17T20:12:49.729,-5246,-0.255,0.461,0.842
2026-02-17T20:12:49.730,-5245,-0.277,0.470,0.796
2026-02-17T20:12:49.788,-5242,-0.248,0.470,0.772
2026-02-17T20:12:49.789,-5241,-0.249,0.440,0.841
2026-02-17T20:12:49.849,-5240,-0.270,0.447,0.966
2026-02-17T20:12:49.909,-5238,-0.371,0.551,1.269
2026-02-17T20:12:49.910,-5237,-0.456,0.654,1.569
2026-02-17T20:12:49.911,-5236,-0.508,0.739,1.774
2026-02-17T20:12:49.911,-5234,-0.524,0.745,2.133
2026-02-17T20:12:49.969,-5232,-0.234,0.849,1.993
2026-02-17T20:12:49.970,-5231,0.024,0.773,2.210
2026-02-17T20:12:49.970,-5230,0.086,0.761,2.007
2026-02-17T20:12:50.028,-5228,0.040,0.710,1.594
2026-02-17T20:12:50.029,-5227,-0.041,0.619,1.478
2026-02-17T20:12:50.030,-5226,-0.057,0.574,1.402
2026-02-17T20:12:50.089,-5224,0.026,0.450,1.341
2026-02-17T20:12:50.089,-5223,0.014,0.461,1.023
2026-02-17T20:12:50.089,-5222,-0.026,0.515,0.895
2026-02-17T20:12:50.149,-5220,-0.166,0.479,0.783
2026-02-17T20:12:50.149,-5219,-0.198,0.374,0.631
2026-02-17T20:12:50.150,-5218,-0.252,0.425,0.517
2026-02-17T20:12:50.208,-5216,-0.137,0.494,0.106
2026-02-17T20:12:50.209,-5215,0.000,0.471,-0.209
2026-02-17T20:12:50.210,-5214,0.039,0.513,-0.375
2026-02-17T20:12:50.269,-5212,0.052,0.557,-0.794
2026-02-17T20:12:50.270,-5211,-0.016,0.735,-1.288
2026-02-17T20:12:50.270,-5210,-0.133,0.741,-1.537
2026-02-17T20:12:50.329,-5208,-0.382,0.520,-1.938
2026-02-17T20:12:50.389,-5207,-0.335,0.044,-1.595
2026-02-17T20:12:50.390,-5206,-0.231,-0.143,-1.227
2026-02-17T20:12:50.390,-5204,-0.132,-0.369,-0.749
2026-02-17T20:12:50.449,-5202,-0.264,-0.493,-0.543
2026-02-17T20:12:50.450,-5201,-0.491,-0.138,-0.790
2026-02-17T20:12:50.509,-5200,-0.478,-0.056,-0.805
2026-02-17T20:12:50.509,-5198,-0.365,0.036,-0.763
2026-02-17T20:12:50.510,-5197,-0.370,0.109,-0.679
2026-02-17T20:12:50.510,-5196,-0.339,0.142,-0.557
2026-02-17T20:12:50.569,-5194,-0.211,0.102,-0.220
2026-02-17T20:12:50.569,-5193,-0.073,0.041,0.167
2026-02-17T20:12:50.570,-5192,-0.105,0.081,0.236
2026-02-17T20:12:50.629,-5190,-0.214,0.226,0.236
2026-02-17T20:12:50.629,-5189,-0.111,0.243,0.348
2026-02-17T20:12:50.630,-5188,0.050,0.252,0.617
2026-02-17T20:12:50.689,-5186,0.236,0.362,0.862
2026-02-17T20:12:50.690,-5185,-0.060,0.814,1.140
2026-02-17T20:12:50.690,-5184,-0.147,0.996,1.285
2026-02-17T20:12:50.749,-5182,0.117,0.869,1.884
2026-02-17T20:12:50.750,-5181,0.016,0.767,1.891
2026-02-17T20:12:50.750,-5180,-0.157,0.898,1.600
2026-02-17T20:12:50.869,-5178,-0.280,1.205,1.128
2026-02-17T20:12:50.869,-5177,-0.244,1.328,1.033
2026-02-17T20:12:50.928,-5176,-0.180,1.309,1.159
2026-02-17T20:12:50.930,-5174,-0.050,1.326,1.739
2026-02-17T20:12:50.930,-5172,-0.531,1.523,1.957
2026-02-17T20:12:50.930,-5171,-0.494,0.862,1.949
2026-02-17T20:12:50.989,-5169,-0.317,0.598,1.699
2026-02-17T20:12:50.990,-5168,-0.429,0.585,1.211
2026-02-17T20:12:50.990,-5167,-0.485,0.614,1.105
2026-02-17T20:12:51.049,-5165,-0.537,0.639,0.968
2026-02-17T20:12:51.050,-5164,-0.515,0.614,0.935
2026-02-17T20:12:51.050,-5163,-0.477,0.602,0.967
2026-02-17T20:12:51.109,-5160,-0.402,0.610,1.204
2026-02-17T20:12:51.109,-5159,-0.389,0.612,1.318
2026-02-17T20:12:51.109,-5158,-0.359,0.618,1.395
2026-02-17T20:12:51.169,-5156,-0.333,0.681,1.492
2026-02-17T20:12:51.169,-5155,-0.380,0.841,1.581
2026-02-17T20:12:51.170,-5154,-0.376,0.859,1.653
2026-02-17T20:12:51.228,-5152,-0.273,0.869,1.793
2026-02-17T20:12:51.229,-5151,-0.166,0.910,1.652
2026-02-17T20:12:51.229,-5150,-0.196,0.952,1.669
2026-02-17T20:12:51.289,-5148,-0.284,0.996,1.843
2026-02-17T20:12:51.289,-5147,-0.021,0.866,2.006
2026-02-17T20:12:51.290,-5146,0.098,0.825,1.776
2026-02-17T20:12:51.348,-5144,0.016,0.900,1.248
2026-02-17T20:12:51.350,-5143,-0.266,0.629,1.323
2026-02-17T20:12:51.350,-5142,-0.163,0.489,1.564
2026-02-17T20:12:51.408,-5140,0.153,0.409,1.533
2026-02-17T20:12:51.409,-5139,0.226,0.437,1.001
2026-02-17T20:12:51.409,-5138,0.169,0.404,0.776
2026-02-17T20:12:51.469,-5136,-0.050,0.178,0.680
2026-02-17T20:12:51.469,-5135,-0.037,0.098,0.820
2026-02-17T20:12:51.470,-5134,0.039,0.183,0.758
2026-02-17T20:12:51.529,-5132,0.037,0.380,0.427
2026-02-17T20:12:51.530,-5131,-0.094,0.548,0.074
2026-02-17T20:12:51.531,-5130,-0.174,0.550,-0.200
2026-02-17T20:12:51.588,-5128,-0.266,0.355,-0.729
2026-02-17T20:12:51.589,-5127,-0.381,0.273,-0.815
2026-02-17T20:12:51.649,-5126,-0.447,0.379,-0.721
2026-02-17T20:12:51.649,-5124,-0.536,0.447,-0.824
2026-02-17T20:12:51.650,-5123,-0.362,0.369,-1.078
2026-02-17T20:12:51.709,-5121,-0.169,0.329,-1.327
2026-02-17T20:12:51.710,-5120,-0.012,0.315,-1.466
2026-02-17T20:12:51.710,-5119,-0.034,0.255,-1.455
2026-02-17T20:12:51.769,-5116,-0.167,0.179,-1.050
2026-02-17T20:12:51.769,-5115,-0.207,0.187,-0.850
2026-02-17T20:12:51.770,-5114,-0.212,0.194,-0.723
2026-02-17T20:12:51.829,-5112,-0.171,0.240,-0.567
2026-02-17T20:12:51.830,-5111,-0.186,0.131,-0.493
2026-02-17T20:12:51.831,-5110,-0.228,0.091,-0.409
2026-02-17T20:12:51.889,-5108,-0.325,0.043,-0.296
2026-02-17T20:12:51.889,-5107,-0.299,0.123,-0.163
2026-02-17T20:12:51.949,-5106,-0.242,0.128,-0.080
2026-02-17T20:12:51.950,-5104,-0.277,0.169,0.183
2026-02-17T20:12:51.950,-5103,-0.376,0.261,0.378
2026-02-17T20:12:51.951,-5102,-0.406,0.292,0.452
2026-02-17T20:12:52.009,-5099,-0.002,0.359,0.799
2026-02-17T20:12:52.010,-5098,0.144,0.413,1.031
2026-02-17T20:12:52.069,-5097,0.137,0.539,1.199
2026-02-17T20:12:52.070,-5095,-0.218,0.991,1.679
2026-02-17T20:12:52.070,-5094,-0.252,1.004,1.895
2026-02-17T20:12:52.070,-5093,-0.127,0.788,1.960
2026-02-17T20:12:52.128,-5090,0.066,0.639,1.505
2026-02-17T20:12:52.128,-5089,-0.007,0.843,1.161
2026-02-17T20:12:52.130,-5088,-0.163,1.012,1.020
2026-02-17T20:12:52.188,-5086,-0.294,1.210,1.251
2026-02-17T20:12:52.189,-5085,-0.173,1.122,1.858
2026-02-17T20:12:52.189,-5084,-0.197,1.116,2.012
2026-02-17T20:12:52.248,-5082,-0.451,1.086,1.928
2026-02-17T20:12:52.249,-5081,-0.561,0.958,1.752
2026-02-17T20:12:52.249,-5080,-0.477,0.848,1.707
2026-02-17T20:12:52.309,-5077,-0.305,0.575,1.571
2026-02-17T20:12:52.310,-5076,-0.331,0.524,1.455
2026-02-17T20:12:52.311,-5075,-0.380,0.524,1.355
2026-02-17T20:12:52.369,-5073,-0.467,0.565,1.184
2026-02-17T20:12:52.370,-5072,-0.452,0.568,1.058
2026-02-17T20:12:52.371,-5071,-0.422,0.567,1.047
2026-02-17T20:12:52.428,-5069,-0.369,0.560,1.127
2026-02-17T20:12:52.429,-5068,-0.333,0.555,1.222
2026-02-17T20:12:52.489,-5067,-0.305,0.551,1.266
2026-02-17T20:12:52.489,-5065,-0.261,0.561,1.301
2026-02-17T20:12:52.489,-5064,-0.250,0.591,1.337
2026-02-17T20:12:52.490,-5063,-0.275,0.631,1.361
2026-02-17T20:12:52.549,-5061,-0.328,0.691,1.430
2026-02-17T20:12:52.549,-5060,-0.343,0.775,1.498
2026-02-17T20:12:52.609,-5059,-0.325,0.800,1.539
2026-02-17T20:12:52.610,-5057,-0.252,0.793,1.632
2026-02-17T20:12:52.610,-5056,-0.146,0.680,1.687
2026-02-17T20:12:52.611,-5055,-0.149,0.711,1.721
2026-02-17T20:12:52.669,-5053,-0.270,0.942,1.635
2026-02-17T20:12:52.669,-5052,-0.261,0.814,1.693
2026-02-17T20:12:52.729,-5051,-0.132,0.706,1.684
2026-02-17T20:12:52.729,-5049,-0.078,0.576,1.468
2026-02-17T20:12:52.729,-5048,-0.083,0.519,1.465
2026-02-17T20:12:52.730,-5047,-0.147,0.480,1.477
2026-02-17T20:12:52.789,-5044,-0.009,0.295,1.489
2026-02-17T20:12:52.790,-5043,0.117,0.290,1.338
2026-02-17T20:12:52.790,-5042,0.134,0.326,1.112
2026-02-17T20:12:52.849,-5040,0.025,0.487,0.629
2026-02-17T20:12:52.850,-5039,-0.353,0.267,0.435
2026-02-17T20:12:52.850,-5038,-0.357,0.085,0.500
2026-02-17T20:12:52.909,-5036,-0.141,0.180,0.447
2026-02-17T20:12:52.909,-5035,-0.106,0.519,0.018
2026-02-17T20:12:52.910,-5034,-0.144,0.669,-0.220
2026-02-17T20:12:52.969,-5032,-0.267,0.569,-0.702
2026-02-17T20:12:52.970,-5031,-0.263,0.569,-0.924
2026-02-17T20:12:52.970,-5030,-0.264,0.659,-1.026
2026-02-17T20:12:53.029,-5028,-0.361,0.842,-1.241
2026-02-17T20:12:53.029,-5027,-0.344,0.640,-1.506
2026-02-17T20:12:53.089,-5026,-0.345,0.402,-1.612
2026-02-17T20:12:53.089,-5024,-0.403,0.046,-1.519
2026-02-17T20:12:53.090,-5023,-0.537,-0.016,-1.043
2026-02-17T20:12:53.090,-5022,-0.549,0.040,-0.772
2026-02-17T20:12:53.148,-5020,-0.497,0.153,-0.423
2026-02-17T20:12:53.150,-5019,-0.348,0.211,-0.459
2026-02-17T20:12:53.150,-5018,-0.316,0.182,-0.548
2026-02-17T20:12:53.209,-5016,-0.391,0.052,-0.562
2026-02-17T20:12:53.209,-5015,-0.366,0.084,-0.203
2026-02-17T20:12:53.210,-5014,-0.330,0.090,0.010
2026-02-17T20:12:53.269,-5012,-0.234,0.086,0.306
2026-02-17T20:12:53.269,-5011,-0.325,0.023,0.242
2026-02-17T20:12:53.329,-5010,-0.324,-0.129,0.325
2026-02-17T20:12:53.330,-5008,-0.037,-0.259,1.072
2026-02-17T20:12:53.330,-5007,0.030,0.107,1.362
2026-02-17T20:12:53.331,-5006,-0.017,0.221,1.329
2026-02-17T20:12:53.389,-5004,-0.092,0.344,1.149
2026-02-17T20:12:53.389,-5003,-0.156,0.478,0.890
2026-02-17T20:12:53.390,-5002,-0.073,0.550,0.953
2026-02-17T20:12:53.448,-5000,0.086,0.689,1.352
2026-02-17T20:12:53.448,-4999,0.114,0.810,1.606
2026-02-17T20:12:53.450,-4998,0.041,0.898,1.676
2026-02-17T20:12:53.509,-4996,-0.241,1.085,1.550
2026-02-17T20:12:53.509,-4995,-0.356,1.183,1.436
2026-02-17T20:12:53.510,-4994,-0.277,1.146,1.498
2026-02-17T20:12:53.568,-4992,-0.173,1.073,1.651
2026-02-17T20:12:53.569,-4991,-0.304,1.030,1.684
2026-02-17T20:12:53.569,-4990,-0.414,0.994,1.660
2026-02-17T20:12:53.629,-4988,-0.478,0.837,1.662
2026-02-17T20:12:53.629,-4987,-0.447,0.689,1.673
2026-02-17T20:12:53.630,-4986,-0.434,0.621,1.644
2026-02-17T20:12:53.688,-4984,-0.508,0.582,1.452
2026-02-17T20:12:53.690,-4983,-0.637,0.633,1.259
2026-02-17T20:12:53.690,-4982,-0.645,0.639,1.215
2026-02-17T20:12:53.748,-4980,-0.547,0.607,1.193
2026-02-17T20:12:53.750,-4979,-0.396,0.615,1.184
2026-02-17T20:12:53.750,-4978,-0.386,0.648,1.196
2026-02-17T20:12:53.809,-4976,-0.357,0.654,1.344
2026-02-17T20:12:53.810,-4975,-0.272,0.637,1.524
2026-02-17T20:12:53.810,-4974,-0.241,0.667,1.552
2026-02-17T20:12:53.869,-4972,-0.367,0.868,1.443
2026-02-17T20:12:53.869,-4971,-0.560,1.019,1.636
2026-02-17T20:12:53.929,-4970,-0.565,1.073,2.055
2026-02-17T20:12:53.930,-4968,-0.158,1.034,2.517
2026-02-17T20:12:53.930,-4967,0.136,0.972,2.094
2026-02-17T20:12:53.930,-4966,0.145,0.972,1.734
2026-02-17T20:12:53.989,-4963,-0.203,0.732,1.772
2026-02-17T20:12:53.990,-4962,-0.090,0.636,2.052
2026-02-17T20:12:53.990,-4961,-0.005,0.669,1.873
2026-02-17T20:12:54.049,-4959,0.026,0.716,1.161
2026-02-17T20:12:54.050,-4958,-0.043,0.553,0.802
2026-02-17T20:12:54.109,-4957,-0.011,0.384,0.874
2026-02-17T20:12:54.110,-4955,0.022,0.250,0.952
2026-02-17T20:12:54.110,-4954,0.001,0.409,0.866
2026-02-17T20:12:54.110,-4953,-0.123,0.424,0.670
2026-02-17T20:12:54.168,-4951,-0.295,0.505,0.264
2026-02-17T20:12:54.169,-4950,-0.331,0.247,0.064
2026-02-17T20:12:54.169,-4949,-0.330,0.190,0.035
2026-02-17T20:12:54.229,-4947,-0.263,0.250,-0.074
2026-02-17T20:12:54.230,-4946,-0.195,0.357,-0.389
2026-02-17T20:12:54.231,-4945,-0.153,0.372,-0.528
2026-02-17T20:12:54.289,-4943,-0.119,0.517,-0.841
2026-02-17T20:12:54.290,-4942,-0.406,0.761,-1.577
2026-02-17T20:12:54.290,-4941,-0.480,0.783,-1.828
2026-02-17T20:12:54.348,-4939,-0.341,0.398,-1.801
2026-02-17T20:12:54.350,-4938,-0.172,0.083,-1.389
2026-02-17T20:12:54.350,-4937,-0.247,0.000,-1.209
2026-02-17T20:12:54.408,-4935,-0.364,-0.131,-0.807
2026-02-17T20:12:54.409,-4934,-0.285,-0.063,-0.333
2026-02-17T20:12:54.409,-4933,-0.265,0.022,-0.315
2026-02-17T20:12:54.469,-4931,-0.347,0.130,-0.542
2026-02-17T20:12:54.469,-4930,-0.467,0.078,-0.744
2026-02-17T20:12:54.470,-4929,-0.445,0.056,-0.661
2026-02-17T20:12:54.529,-4927,-0.357,0.047,-0.134
2026-02-17T20:12:54.589,-4926,-0.318,0.185,0.346
2026-02-17T20:12:54.590,-4925,-0.339,0.237,0.357
2026-02-17T20:12:54.591,-4923,-0.283,0.230,0.285
2026-02-17T20:12:54.592,-4922,-0.204,0.208,0.601
2026-02-17T20:12:54.648,-4920,-0.243,0.419,1.259
2026-02-17T20:12:54.649,-4919,-0.045,0.595,1.433
2026-02-17T20:12:54.650,-4918,0.075,0.537,1.382
2026-02-17T20:12:54.709,-4916,0.067,0.602,1.147
2026-02-17T20:12:54.710,-4915,-0.001,0.773,1.641
2026-02-17T20:12:54.710,-4914,0.089,0.812,2.048
2026-02-17T20:12:54.769,-4912,0.089,0.871,2.358
2026-02-17T20:12:54.770,-4911,-0.239,0.883,1.958
2026-02-17T20:12:54.770,-4910,-0.323,0.888,1.666
2026-02-17T20:12:54.829,-4908,-0.295,0.915,1.315
2026-02-17T20:12:54.829,-4907,-0.297,0.836,1.452
2026-02-17T20:12:54.889,-4906,-0.273,0.764,1.679
2026-02-17T20:12:54.890,-4904,-0.343,0.658,1.914
2026-02-17T20:12:54.890,-4903,-0.541,0.599,1.696
2026-02-17T20:12:54.949,-4901,-0.582,0.552,1.402
2026-02-17T20:12:54.949,-4900,-0.506,0.434,1.432
2026-02-17T20:12:54.950,-4899,-0.515,0.441,1.485
2026-02-17T20:12:55.009,-4897,-0.540,0.493,1.495
2026-02-17T20:12:55.009,-4896,-0.433,0.540,1.355
2026-02-17T20:12:55.069,-4895,-0.373,0.550,1.326
2026-02-17T20:12:55.070,-4893,-0.317,0.585,1.382
2026-02-17T20:12:55.070,-4892,-0.253,0.623,1.651
2026-02-17T20:12:55.070,-4891,-0.228,0.630,1.629
2026-02-17T20:12:55.128,-4889,-0.204,0.679,1.461
2026-02-17T20:12:55.129,-4888,-0.317,0.738,1.416
2026-02-17T20:12:55.129,-4887,-0.404,0.754,1.585
2026-02-17T20:12:55.189,-4885,-0.446,0.779,2.180
2026-02-17T20:12:55.190,-4884,-0.441,0.878,2.532
2026-02-17T20:12:55.190,-4883,-0.431,1.102,2.143
2026-02-17T20:12:55.249,-4881,-0.443,0.968,1.212
2026-02-17T20:12:55.249,-4880,0.154,0.061,1.891
2026-02-17T20:12:55.250,-4879,0.446,0.039,2.142
2026-02-17T20:12:55.309,-4877,0.304,0.380,1.515
2026-02-17T20:12:55.309,-4876,-0.036,0.456,0.895
2026-02-17T20:12:55.310,-4875,-0.160,0.325,0.655
2026-02-17T20:12:55.369,-4873,-0.167,0.064,0.678
2026-02-17T20:12:55.370,-4872,-0.018,0.248,0.652
2026-02-17T20:12:55.370,-4871,-0.020,0.336,0.520
2026-02-17T20:12:55.429,-4869,-0.211,0.419,0.168
2026-02-17T20:12:55.430,-4868,-0.379,0.375,-0.176
2026-02-17T20:12:55.430,-4867,-0.406,0.378,-0.339
2026-02-17T20:12:55.489,-4865,-0.424,0.380,-0.545
2026-02-17T20:12:55.490,-4864,-0.303,0.295,-0.693
2026-02-17T20:12:55.490,-4863,-0.228,0.200,-0.802
2026-02-17T20:12:55.549,-4861,-0.104,0.125,-0.965
2026-02-17T20:12:55.549,-4860,-0.325,0.238,-1.120
2026-02-17T20:12:55.549,-4859,-0.487,0.356,-1.171
2026-02-17T20:12:55.608,-4856,-0.680,0.384,-1.277
2026-02-17T20:12:55.609,-4855,-0.482,0.164,-1.132
2026-02-17T20:12:55.669,-4854,-0.300,0.034,-0.993
2026-02-17T20:12:55.669,-4852,-0.162,0.016,-0.699
2026-02-17T20:12:55.670,-4851,-0.308,0.107,-0.590
2026-02-17T20:12:55.728,-4849,-0.269,0.109,-0.527
2026-02-17T20:12:55.730,-4848,-0.271,0.043,-0.183
2026-02-17T20:12:55.730,-4847,-0.342,-0.006,0.054
2026-02-17T20:12:55.850,-4846,-0.130,0.666,0.425
2026-02-17T20:12:55.851,-4845,0.150,0.943,0.900
2026-02-17T20:12:55.909,-4844,0.397,1.270,1.427
2026-02-17T20:12:55.909,-4843,0.502,1.503,1.886
2026-02-17T20:12:55.909,-4842,0.389,1.573,2.127
2026-02-17T20:12:55.969,-4840,-0.166,1.414,1.852
2026-02-17T20:12:55.970,-4839,-0.420,1.556,1.421
2026-02-17T20:12:55.970,-4838,-0.124,1.510,1.616
2026-02-17T20:12:56.028,-4836,0.206,1.180,2.154
2026-02-17T20:12:56.030,-4835,-0.070,1.234,2.218
2026-02-17T20:12:56.030,-4834,-0.335,1.317,2.041
2026-02-17T20:12:56.089,-4831,-0.576,1.169,1.545
2026-02-17T20:12:56.089,-4830,-0.366,0.925,1.601
2026-02-17T20:12:56.090,-4829,-0.303,0.807,1.648
2026-02-17T20:12:56.149,-4827,-0.352,0.622,1.695
2026-02-17T20:12:56.150,-4826,-0.560,0.621,1.508
2026-02-17T20:12:56.150,-4825,-0.643,0.648,1.397
2026-02-17T20:12:56.209,-4823,-0.726,0.711,1.187
2026-02-17T20:12:56.269,-4822,-0.691,0.706,1.088
2026-02-17T20:12:56.269,-4821,-0.596,0.675,1.111
2026-02-17T20:12:56.270,-4819,-0.414,0.646,1.260
2026-02-17T20:12:56.270,-4818,-0.325,0.648,1.413
2026-02-17T20:12:56.329,-4815,-0.253,0.700,1.536
2026-02-17T20:12:56.330,-4814,-0.291,0.827,1.571
2026-02-17T20:12:56.330,-4813,-0.320,0.912,1.625
2026-02-17T20:12:56.389,-4810,-0.276,0.912,1.751
2026-02-17T20:12:56.390,-4809,-0.153,0.862,1.726
2026-02-17T20:12:56.390,-4808,-0.125,0.851,1.681
2026-02-17T20:12:56.448,-4806,-0.189,0.941,1.650
2026-02-17T20:12:56.449,-4805,-0.080,0.889,1.831
2026-02-17T20:12:56.449,-4804,0.009,0.870,1.798
2026-02-17T20:12:56.509,-4802,0.057,0.844,1.568
2026-02-17T20:12:56.510,-4801,-0.049,0.831,1.626
2026-02-17T20:12:56.510,-4800,-0.074,0.818,1.855
2026-02-17T20:12:56.568,-4798,0.014,0.651,2.048
2026-02-17T20:12:56.569,-4797,0.192,0.780,1.297
2026-02-17T20:12:56.629,-4796,0.209,0.757,0.954
2026-02-17T20:12:56.630,-4794,0.167,0.540,0.680
2026-02-17T20:12:56.630,-4793,0.127,0.576,0.547
2026-02-17T20:12:56.630,-4792,0.051,0.651,0.351
2026-02-17T20:12:56.688,-4790,-0.180,0.730,-0.085
2026-02-17T20:12:56.689,-4789,-0.318,0.603,-0.489
2026-02-17T20:12:56.689,-4788,-0.325,0.513,-0.618
2026-02-17T20:12:56.748,-4785,-0.252,0.646,-0.738
2026-02-17T20:12:56.750,-4784,-0.128,0.806,-0.831
2026-02-17T20:12:56.750,-4783,-0.115,0.854,-1.051
2026-02-17T20:12:56.809,-4781,-0.210,0.700,-1.597
2026-02-17T20:12:56.810,-4780,-0.367,0.615,-1.870
2026-02-17T20:12:56.810,-4779,-0.383,0.475,-1.813
2026-02-17T20:12:56.869,-4777,-0.333,0.213,-1.265
2026-02-17T20:12:56.928,-4776,-0.263,0.002,-0.809
2026-02-17T20:12:56.930,-4775,-0.240,-0.051,-0.543
2026-02-17T20:12:56.931,-4773,-0.216,-0.040,-0.309
2026-02-17T20:12:56.931,-4772,-0.247,0.071,-0.451
2026-02-17T20:12:56.989,-4769,-0.334,-0.171,-0.511
2026-02-17T20:12:56.990,-4768,-0.336,-0.226,-0.064
2026-02-17T20:12:57.049,-4767,-0.287,-0.163,0.069
2026-02-17T20:12:57.049,-4765,-0.298,0.026,0.180
2026-02-17T20:12:57.050,-4764,-0.297,0.096,0.060
2026-02-17T20:12:57.050,-4763,-0.278,0.033,0.004
2026-02-17T20:12:57.109,-4761,-0.194,-0.014,0.159
2026-02-17T20:12:57.109,-4760,-0.008,0.402,0.811
2026-02-17T20:12:57.110,-4759,0.035,0.606,1.067
2026-02-17T20:12:57.169,-4757,0.035,0.827,1.308
2026-02-17T20:12:57.169,-4756,0.225,0.794,1.581
2026-02-17T20:12:57.228,-4755,0.300,0.719,1.665
2026-02-17T20:12:57.229,-4753,0.147,0.882,1.553
2026-02-17T20:12:57.229,-4752,-0.095,1.163,1.592
2026-02-17T20:12:57.230,-4751,-0.134,1.204,1.753
2026-02-17T20:12:57.289,-4749,-0.065,1.079,2.090
2026-02-17T20:12:57.289,-4748,-0.109,0.936,1.982
2026-02-17T20:12:57.290,-4747,-0.156,0.901,1.755
2026-02-17T20:12:57.348,-4745,-0.298,0.976,1.464
2026-02-17T20:12:57.350,-4744,-0.342,0.899,1.646
2026-02-17T20:12:57.350,-4743,-0.295,0.776,1.849
2026-02-17T20:12:57.408,-4740,-0.359,0.564,1.887
2026-02-17T20:12:57.410,-4739,-0.476,0.568,1.646
2026-02-17T20:12:57.410,-4738,-0.540,0.607,1.490
2026-02-17T20:12:57.469,-4736,-0.630,0.630,1.360
2026-02-17T20:12:57.470,-4735,-0.563,0.592,1.506
2026-02-17T20:12:57.529,-4734,-0.495,0.589,1.573
2026-02-17T20:12:57.529,-4732,-0.412,0.630,1.518
2026-02-17T20:12:57.530,-4731,-0.364,0.706,1.473
2026-02-17T20:12:57.589,-4728,-0.225,0.746,1.792
2026-02-17T20:12:57.590,-4727,-0.059,0.816,1.845
2026-02-17T20:12:57.591,-4726,-0.096,0.894,1.744
2026-02-17T20:12:57.649,-4724,-0.205,1.057,1.843
2026-02-17T20:12:57.649,-4723,-0.099,0.927,2.173
2026-02-17T20:12:57.709,-4722,0.065,0.842,2.221
2026-02-17T20:12:57.709,-4720,0.291,0.842,1.687
2026-02-17T20:12:57.710,-4719,0.104,0.841,1.214
2026-02-17T20:12:57.711,-4718,0.003,0.837,1.280
2026-02-17T20:12:57.769,-4716,-0.043,0.650,1.604
2026-02-17T20:12:57.769,-4715,0.086,0.485,1.732
2026-02-17T20:12:57.770,-4714,0.254,0.492,1.663
2026-02-17T20:12:57.829,-4712,0.270,0.549,1.197
2026-02-17T20:12:57.830,-4711,0.137,0.610,0.777
2026-02-17T20:12:57.830,-4710,0.067,0.575,0.590
2026-02-17T20:12:57.889,-4708,-0.001,0.595,0.332
2026-02-17T20:12:57.890,-4707,-0.087,0.699,-0.042
2026-02-17T20:12:57.890,-4706,-0.142,0.725,-0.276
2026-02-17T20:12:57.949,-4704,-0.218,0.949,-0.697
2026-02-17T20:12:58.009,-4703,-0.065,1.114,-1.069
2026-02-17T20:12:58.009,-4702,-0.014,1.195,-1.297
2026-02-17T20:12:58.010,-4700,-0.042,1.069,-1.847
2026-02-17T20:12:58.010,-4699,-0.279,0.618,-1.938
2026-02-17T20:12:58.069,-4697,-0.341,0.251,-1.251
2026-02-17T20:12:58.069,-4696,-0.275,-0.110,-0.406
2026-02-17T20:12:58.070,-4695,-0.225,-0.086,-0.273
2026-02-17T20:12:58.128,-4693,-0.246,0.055,-0.361
2026-02-17T20:12:58.129,-4692,-0.407,0.124,-0.716
2026-02-17T20:12:58.129,-4691,-0.417,0.142,-0.739
2026-02-17T20:12:58.189,-4689,-0.419,0.075,-0.563
2026-02-17T20:12:58.189,-4688,-0.372,0.105,-0.087
2026-02-17T20:12:58.248,-4687,-0.371,0.180,0.125
2026-02-17T20:12:58.249,-4685,-0.326,0.272,0.372
2026-02-17T20:12:58.249,-4684,-0.255,0.200,0.270
2026-02-17T20:12:58.250,-4683,-0.347,0.090,0.157
2026-02-17T20:12:58.309,-4681,0.013,0.343,0.633
2026-02-17T20:12:58.309,-4680,0.637,1.091,1.896
2026-02-17T20:12:58.369,-4679,0.652,1.075,2.160
2026-02-17T20:12:58.369,-4677,0.195,0.679,2.130
2026-02-17T20:12:58.370,-4676,-0.141,0.521,1.588
2026-02-17T20:12:58.429,-4674,0.076,0.730,1.095
2026-02-17T20:12:58.430,-4673,0.148,0.883,1.015
2026-02-17T20:12:58.431,-4672,0.114,0.955,1.150
2026-02-17T20:12:58.489,-4670,-0.022,1.138,1.516
2026-02-17T20:12:58.489,-4669,-0.254,1.263,1.578
2026-02-17T20:12:58.489,-4668,-0.308,1.281,1.569
2026-02-17T20:12:58.548,-4666,-0.238,1.183,1.603
2026-02-17T20:12:58.549,-4665,-0.154,0.919,1.734
2026-02-17T20:12:58.549,-4664,-0.206,0.843,1.788
2026-02-17T20:12:58.609,-4662,-0.411,0.801,1.752
2026-02-17T20:12:58.609,-4661,-0.564,0.742,1.632
2026-02-17T20:12:58.610,-4660,-0.572,0.694,1.564
2026-02-17T20:12:58.669,-4658,-0.523,0.647,1.447
2026-02-17T20:12:58.729,-4657,-0.549,0.646,1.269
2026-02-17T20:12:58.729,-4656,-0.546,0.653,1.256
2026-02-17T20:12:58.730,-4654,-0.438,0.634,1.379
2026-02-17T20:12:58.730,-4653,-0.325,0.627,1.432
2026-02-17T20:12:58.789,-4650,-0.284,0.732,1.462
2026-02-17T20:12:58.789,-4649,-0.286,0.830,1.641
2026-02-17T20:12:58.789,-4648,-0.258,0.834,1.769
2026-02-17T20:12:58.849,-4646,-0.112,0.854,1.860
2026-02-17T20:12:58.850,-4645,-0.096,1.053,1.818
2026-02-17T20:12:58.909,-4644,-0.168,1.160,1.917
2026-02-17T20:12:58.909,-4642,-0.309,1.268,2.373
2026-02-17T20:12:58.909,-4641,-0.330,1.278,2.363
2026-02-17T20:12:58.911,-4640,-0.130,1.260,1.938
2026-02-17T20:12:58.969,-4638,0.044,1.390,1.066
2026-02-17T20:12:58.969,-4637,0.113,0.986,1.055
2026-02-17T20:12:58.969,-4636,0.236,0.756,1.637
2026-02-17T20:12:59.029,-4634,0.324,0.447,2.195
2026-02-17T20:12:59.029,-4633,0.210,0.977,1.208
2026-02-17T20:12:59.029,-4632,0.133,0.934,0.769
2026-02-17T20:12:59.089,-4630,0.223,0.719,0.540
2026-02-17T20:12:59.089,-4629,0.203,0.649,0.289
2026-02-17T20:12:59.090,-4628,0.133,0.655,0.161
2026-02-17T20:12:59.148,-4626,-0.090,0.622,-0.153
2026-02-17T20:12:59.149,-4625,-0.178,0.535,-0.519
2026-02-17T20:12:59.209,-4624,-0.165,0.646,-0.559
2026-02-17T20:12:59.209,-4622,-0.107,1.021,-0.680
2026-02-17T20:12:59.210,-4621,-0.106,1.240,-1.070
2026-02-17T20:12:59.210,-4620,-0.177,1.071,-1.506
2026-02-17T20:12:59.269,-4618,-0.238,0.823,-1.981
2026-02-17T20:12:59.269,-4617,-0.146,0.423,-1.815
2026-02-17T20:12:59.270,-4616,-0.143,0.305,-1.534
2026-02-17T20:12:59.329,-4614,-0.178,0.238,-1.063
2026-02-17T20:12:59.329,-4613,-0.163,0.240,-0.547
2026-02-17T20:12:59.329,-4612,-0.181,0.228,-0.417
2026-02-17T20:12:59.389,-4610,-0.267,0.268,-0.314
2026-02-17T20:12:59.390,-4609,-0.361,0.248,-0.465
2026-02-17T20:12:59.391,-4608,-0.335,0.214,-0.559
2026-02-17T20:12:59.448,-4606,-0.237,0.312,-0.412
2026-02-17T20:12:59.450,-4605,-0.216,0.409,-0.198
2026-02-17T20:12:59.450,-4604,-0.225,0.456,-0.024
2026-02-17T20:12:59.508,-4602,-0.221,0.500,0.285
2026-02-17T20:12:59.509,-4601,0.152,0.637,0.835
2026-02-17T20:12:59.510,-4600,0.288,0.741,1.075
2026-02-17T20:12:59.569,-4598,0.366,1.070,1.629
2026-02-17T20:12:59.570,-4597,0.199,1.088,1.985
2026-02-17T20:12:59.570,-4596,0.101,0.929,2.149
2026-02-17T20:12:59.629,-4593,-0.012,0.665,1.715
2026-02-17T20:12:59.629,-4592,0.034,0.868,1.351
2026-02-17T20:12:59.630,-4591,0.120,0.900,1.335
2026-02-17T20:12:59.689,-4589,0.279,0.854,1.548
2026-02-17T20:12:59.690,-4588,0.165,0.933,1.693
2026-02-17T20:12:59.690,-4587,0.003,0.989,1.686
2026-02-17T20:12:59.749,-4584,-0.285,1.083,1.589
2026-02-17T20:12:59.750,-4583,-0.299,1.109,1.647
2026-02-17T20:12:59.750,-4582,-0.313,1.095,1.698
2026-02-17T20:12:59.809,-4580,-0.317,0.947,1.822
2026-02-17T20:12:59.810,-4579,-0.307,0.697,1.889
2026-02-17T20:12:59.869,-4578,-0.292,0.606,1.868
2026-02-17T20:12:59.870,-4576,-0.270,0.527,1.645
2026-02-17T20:12:59.870,-4575,-0.254,0.505,1.460
2026-02-17T20:12:59.929,-4574,-0.279,0.488,1.380
2026-02-17T20:12:59.989,-4571,-0.498,0.599,1.319
2026-02-17T20:13:00.049,-4570,-0.464,0.620,1.342
2026-02-17T20:13:00.049,-4568,-0.327,0.608,1.453
2026-02-17T20:13:00.050,-4567,-0.266,0.695,1.660
2026-02-17T20:13:00.050,-4565,-0.267,0.796,1.763
2026-02-17T20:13:00.109,-4563,-0.073,0.975,2.156
2026-02-17T20:13:00.110,-4562,0.086,0.860,2.119
2026-02-17T20:13:00.110,-4561,0.126,0.801,2.342
2026-02-17T20:13:00.169,-4559,0.233,0.731,2.285
2026-02-17T20:13:00.169,-4558,0.075,0.955,1.686
2026-02-17T20:13:00.170,-4557,0.049,0.939,1.452
2026-02-17T20:13:00.229,-4555,0.101,0.733,1.184
2026-02-17T20:13:00.230,-4554,0.011,0.699,0.864
2026-02-17T20:13:00.230,-4553,-0.096,0.636,0.715
2026-02-17T20:13:00.349,-4551,-0.141,0.492,0.646
2026-02-17T20:13:00.349,-4550,0.012,0.418,0.630
2026-02-17T20:13:00.350,-4549,0.032,0.487,0.510
2026-02-17T20:13:00.350,-4547,-0.003,0.579,0.151
2026-02-17T20:13:00.408,-4545,0.163,0.658,-0.329
2026-02-17T20:13:00.409,-4544,-0.104,1.179,-1.161
2026-02-17T20:13:00.469,-4543,-0.228,1.224,-1.337
2026-02-17T20:13:00.470,-4541,-0.263,1.103,-1.737
2026-02-17T20:13:00.529,-4540,-0.244,0.669,-1.730
2026-02-17T20:13:00.529,-4538,-0.170,0.318,-1.412
2026-02-17T20:13:00.530,-4537,-0.203,0.117,-0.653
2026-02-17T20:13:00.531,-4536,-0.215,0.183,-0.503
2026-02-17T20:13:00.589,-4534,-0.264,0.328,-0.397
2026-02-17T20:13:00.589,-4533,-0.320,0.439,-0.463
2026-02-17T20:13:00.648,-4532,-0.352,0.438,-0.494
2026-02-17T20:13:00.650,-4530,-0.410,0.401,-0.436
2026-02-17T20:13:00.650,-4529,-0.398,0.390,-0.260
2026-02-17T20:13:00.709,-4526,-0.131,0.529,0.190
2026-02-17T20:13:00.710,-4525,-0.134,0.684,0.390
2026-02-17T20:13:00.711,-4524,-0.145,0.762,0.430
2026-02-17T20:13:00.768,-4522,0.170,1.269,1.065
2026-02-17T20:13:00.769,-4521,0.511,1.701,2.216
2026-02-17T20:13:00.769,-4520,0.402,1.504,2.394
2026-02-17T20:13:00.829,-4518,-0.106,1.270,2.189
2026-02-17T20:13:00.829,-4517,0.020,1.118,2.143
2026-02-17T20:13:00.830,-4516,0.264,0.919,2.217
2026-02-17T20:13:00.888,-4514,0.372,0.769,1.997
2026-02-17T20:13:00.890,-4513,0.063,0.945,1.449
2026-02-17T20:13:00.949,-4512,-0.058,1.013,1.289
2026-02-17T20:13:00.949,-4510,-0.143,1.088,1.180
2026-02-17T20:13:00.951,-4509,-0.153,0.994,1.510
2026-02-17T20:13:00.951,-4508,-0.199,0.937,1.668
2026-02-17T20:13:01.010,-4506,-0.447,0.941,1.736
2026-02-17T20:13:01.010,-4505,-0.631,0.944,1.667
2026-02-17T20:13:01.010,-4504,-0.619,0.881,1.614
2026-02-17T20:13:01.129,-4502,-0.430,0.656,1.424
2026-02-17T20:13:01.130,-4501,-0.319,0.465,1.183
2026-02-17T20:13:01.130,-4500,-0.362,0.462,1.107
2026-02-17T20:13:01.130,-4498,-0.420,0.510,1.048
2026-02-17T20:13:01.189,-4496,-0.426,0.567,1.280
2026-02-17T20:13:01.190,-4495,-0.283,0.592,1.382
2026-02-17T20:13:01.249,-4494,-0.247,0.593,1.415
2026-02-17T20:13:01.250,-4492,-0.237,0.623,1.520
2026-02-17T20:13:01.250,-4491,-0.270,0.735,1.642
2026-02-17T20:13:01.250,-4490,-0.291,0.778,1.664
2026-02-17T20:13:01.309,-4488,-0.288,0.844,1.714
2026-02-17T20:13:01.309,-4487,-0.264,0.907,1.805
2026-02-17T20:13:01.310,-4486,-0.240,0.920,1.827
2026-02-17T20:13:01.369,-4484,-0.205,0.973,2.161
2026-02-17T20:13:01.369,-4483,-0.103,1.028,2.509
2026-02-17T20:13:01.370,-4482,0.048,0.923,2.445
2026-02-17T20:13:01.429,-4480,0.239,0.902,1.915
2026-02-17T20:13:01.430,-4479,0.138,0.875,1.697
2026-02-17T20:13:01.488,-4478,0.132,0.784,1.745
2026-02-17T20:13:01.490,-4476,0.291,0.741,1.700
2026-02-17T20:13:01.490,-4475,0.299,0.854,1.159
2026-02-17T20:13:01.491,-4474,0.280,0.870,0.908
2026-02-17T20:13:01.549,-4472,0.137,0.758,0.635
2026-02-17T20:13:01.550,-4471,0.018,0.734,0.468
2026-02-17T20:13:01.550,-4470,-0.008,0.803,0.329
2026-02-17T20:13:01.609,-4468,-0.178,0.844,-0.017
2026-02-17T20:13:01.609,-4467,-0.072,0.795,-0.398
2026-02-17T20:13:01.669,-4466,0.069,0.864,-0.527
2026-02-17T20:13:01.669,-4464,0.251,0.980,-0.966
2026-02-17T20:13:01.670,-4463,0.082,1.076,-1.341
2026-02-17T20:13:01.670,-4462,-0.052,1.144,-1.367
2026-02-17T20:13:01.729,-4460,-0.382,1.087,-1.423
2026-02-17T20:13:01.729,-4459,-0.591,0.826,-1.466
2026-02-17T20:13:01.730,-4458,-0.654,0.667,-1.446
2026-02-17T20:13:01.789,-4456,-0.608,0.455,-1.181
2026-02-17T20:13:01.789,-4455,-0.339,0.345,-0.683
2026-02-17T20:13:01.849,-4454,-0.238,0.342,-0.492
2026-02-17T20:13:01.850,-4452,-0.216,0.297,-0.361
2026-02-17T20:13:01.851,-4451,-0.243,0.286,-0.345
2026-02-17T20:13:01.851,-4450,-0.284,0.205,-0.352
2026-02-17T20:13:01.909,-4447,-0.178,0.271,0.135
2026-02-17T20:13:01.909,-4446,-0.173,0.385,0.351
2026-02-17T20:13:01.909,-4445,-0.178,0.461,0.433
2026-02-17T20:13:01.969,-4443,-0.275,0.618,0.497
2026-02-17T20:13:01.969,-4442,-0.022,0.837,0.930
2026-02-17T20:13:02.029,-4441,0.230,1.128,1.436
2026-02-17T20:13:02.030,-4439,0.592,1.337,2.158
2026-02-17T20:13:02.030,-4438,0.376,1.060,2.291
2026-02-17T20:13:02.031,-4437,0.150,0.894,2.176
2026-02-17T20:13:02.089,-4435,0.023,0.754,1.639
2026-02-17T20:13:02.089,-4434,0.125,1.057,1.042
2026-02-17T20:13:02.090,-4433,0.121,1.142,1.009
2026-02-17T20:13:02.149,-4431,0.170,1.263,1.490
2026-02-17T20:13:02.149,-4430,0.038,1.304,2.172
2026-02-17T20:13:02.149,-4429,-0.133,1.279,2.230
2026-02-17T20:13:02.208,-4427,-0.477,1.165,2.063
2026-02-17T20:13:02.210,-4426,-0.446,0.921,1.860
2026-02-17T20:13:02.210,-4425,-0.344,0.819,1.754
2026-02-17T20:13:02.268,-4423,-0.301,0.676,1.648
2026-02-17T20:13:02.269,-4422,-0.464,0.571,1.634
2026-02-17T20:13:02.270,-4421,-0.547,0.572,1.576
2026-02-17T20:13:02.328,-4419,-0.626,0.610,1.417
2026-02-17T20:13:02.329,-4418,-0.584,0.621,1.345
2026-02-17T20:13:02.329,-4417,-0.516,0.629,1.342
2026-02-17T20:13:02.389,-4414,-0.401,0.676,1.487
2026-02-17T20:13:02.389,-4413,-0.351,0.665,1.610
2026-02-17T20:13:02.390,-4412,-0.287,0.671,1.710
2026-02-17T20:13:02.448,-4410,-0.168,0.723,1.903
2026-02-17T20:13:02.450,-4409,-0.112,0.904,1.887
2026-02-17T20:13:02.450,-4408,-0.141,0.940,1.918
2026-02-17T20:13:02.508,-4406,-0.156,1.043,2.110
2026-02-17T20:13:02.509,-4405,-0.093,1.185,1.987
2026-02-17T20:13:02.509,-4404,-0.102,1.237,1.869
2026-02-17T20:13:02.569,-4402,-0.095,1.256,2.089
2026-02-17T20:13:02.569,-4401,-0.011,1.082,2.310
2026-02-17T20:13:02.570,-4400,0.152,1.073,2.356
2026-02-17T20:13:02.629,-4397,0.274,1.095,1.150
2026-02-17T20:13:02.629,-4396,0.266,0.834,0.820
2026-02-17T20:13:02.630,-4395,0.268,0.631,0.737
2026-02-17T20:13:02.688,-4393,0.166,0.307,0.914
2026-02-17T20:13:02.689,-4392,0.077,0.620,0.874
2026-02-17T20:13:02.689,-4391,-0.012,0.757,0.624
2026-02-17T20:13:02.749,-4389,-0.263,0.657,0.139
2026-02-17T20:13:02.749,-4388,-0.334,0.215,0.000
2026-02-17T20:13:02.749,-4387,-0.176,0.261,0.047
2026-02-17T20:13:02.809,-4385,0.067,0.865,0.101
2026-02-17T20:13:02.809,-4384,-0.054,1.205,-0.508
2026-02-17T20:13:02.810,-4383,-0.131,1.386,-0.980
2026-02-17T20:13:02.869,-4381,-0.210,1.368,-2.218
2026-02-17T20:13:02.870,-4380,-0.105,1.294,-2.203
2026-02-17T20:13:02.870,-4379,-0.128,1.090,-1.887
2026-02-17T20:13:02.928,-4377,-0.115,0.618,-1.301
2026-02-17T20:13:02.930,-4376,-0.045,0.050,-0.714
2026-02-17T20:13:02.930,-4375,-0.075,-0.018,-0.618
2026-02-17T20:13:02.989,-4373,-0.197,0.012,-0.527
2026-02-17T20:13:02.989,-4372,-0.213,0.103,-0.362
2026-02-17T20:13:02.990,-4371,-0.205,0.116,-0.307
2026-02-17T20:13:03.168,-4370,-0.127,0.623,0.488
2026-02-17T20:13:03.169,-4369,0.036,0.965,0.885
2026-02-17T20:13:03.170,-4368,0.199,1.282,1.327
2026-02-17T20:13:03.171,-4367,0.279,1.403,1.639
2026-02-17T20:13:03.229,-4366,0.237,1.377,1.836
2026-02-17T20:13:03.229,-4365,0.046,1.260,1.793
2026-02-17T20:13:03.230,-4364,-0.072,1.336,1.803
2026-02-17T20:13:03.289,-4362,-0.151,1.483,2.311
2026-02-17T20:13:03.290,-4361,-0.401,1.186,2.366
2026-02-17T20:13:03.291,-4360,-0.441,1.101,2.093
2026-02-17T20:13:03.349,-4358,-0.300,0.967,1.569
2026-02-17T20:13:03.349,-4357,-0.178,0.866,1.227
2026-02-17T20:13:03.409,-4356,-0.122,0.800,1.126
2026-02-17T20:13:03.409,-4353,-0.155,0.790,1.142
2026-02-17T20:13:03.410,-4352,-0.337,0.853,1.279
2026-02-17T20:13:03.468,-4350,-0.482,0.857,1.481
2026-02-17T20:13:03.469,-4349,-0.518,0.748,1.623
2026-02-17T20:13:03.469,-4348,-0.474,0.698,1.641
2026-02-17T20:13:03.532,-4346,-0.428,0.606,1.648
2026-02-17T20:13:03.533,-4345,-0.407,0.587,1.514
2026-02-17T20:13:03.533,-4344,-0.420,0.598,1.407
2026-02-17T20:13:03.589,-4342,-0.419,0.640,1.309
2026-02-17T20:13:03.590,-4341,-0.344,0.655,1.314
2026-02-17T20:13:03.590,-4340,-0.305,0.646,1.333
2026-02-17T20:13:03.649,-4338,-0.316,0.711,1.389
2026-02-17T20:13:03.649,-4337,-0.435,0.818,1.504
2026-02-17T20:13:03.649,-4336,-0.450,0.852,1.558
2026-02-17T20:13:03.708,-4334,-0.302,0.834,1.719
2026-02-17T20:13:03.710,-4333,-0.099,0.815,2.015
2026-02-17T20:13:03.710,-4332,-0.052,0.840,2.274
2026-02-17T20:13:03.769,-4329,0.122,1.096,2.631
2026-02-17T20:13:03.769,-4328,0.199,1.089,2.224
2026-02-17T20:13:03.770,-4327,0.223,1.068,1.954
2026-02-17T20:13:03.829,-4325,0.165,0.986,1.550
2026-02-17T20:13:03.830,-4324,0.097,0.829,1.569
2026-02-17T20:13:03.830,-4323,0.116,0.771,1.619
2026-02-17T20:13:03.888,-4321,0.227,0.739,1.365
2026-02-17T20:13:03.889,-4320,0.249,0.704,1.022
2026-02-17T20:13:03.889,-4319,0.131,0.656,0.854
2026-02-17T20:13:03.949,-4317,-0.065,0.612,0.737
2026-02-17T20:13:03.949,-4316,-0.101,0.656,0.336
2026-02-17T20:13:03.949,-4315,-0.081,0.647,0.184
2026-02-17T20:13:04.009,-4313,-0.132,0.518,-0.121
2026-02-17T20:13:04.009,-4312,-0.217,0.593,-0.372
2026-02-17T20:13:04.010,-4311,-0.206,0.611,-0.545
2026-02-17T20:13:04.129,-4309,-0.135,0.732,-0.862
2026-02-17T20:13:04.129,-4308,-0.106,0.776,-1.236
2026-02-17T20:13:04.130,-4307,-0.209,0.778,-1.489
2026-02-17T20:13:04.130,-4305,-0.303,0.600,-1.697
2026-02-17T20:13:04.189,-4303,-0.148,0.149,-1.369
2026-02-17T20:13:04.190,-4302,-0.260,-0.065,-0.693
2026-02-17T20:13:04.190,-4301,-0.303,-0.029,-0.632
2026-02-17T20:13:04.249,-4299,-0.391,0.064,-0.647
2026-02-17T20:13:04.250,-4298,-0.420,0.079,-0.683
2026-02-17T20:13:04.250,-4297,-0.392,0.059,-0.638
2026-02-17T20:13:04.369,-4295,-0.179,0.041,-0.371
2026-02-17T20:13:04.370,-4294,-0.034,0.060,0.122
2026-02-17T20:13:04.370,-4293,-0.209,0.064,0.138
2026-02-17T20:13:04.371,-4291,-0.517,0.047,0.152
2026-02-17T20:13:04.429,-4289,-0.098,0.101,0.538
2026-02-17T20:13:04.429,-4288,-0.004,0.637,0.789
2026-02-17T20:13:04.430,-4287,-0.227,0.803,0.739
2026-02-17T20:13:04.489,-4285,0.001,0.952,1.141
2026-02-17T20:13:04.489,-4284,0.326,0.833,1.662
2026-02-17T20:13:04.490,-4283,0.343,0.845,1.717
2026-02-17T20:13:04.549,-4281,-0.050,1.170,1.450
2026-02-17T20:13:04.550,-4280,-0.001,1.348,1.758
2026-02-17T20:13:04.550,-4279,0.101,1.311,2.034
2026-02-17T20:13:04.608,-4276,-0.095,1.270,2.369
2026-02-17T20:13:04.609,-4275,-0.421,1.275,2.125
2026-02-17T20:13:04.609,-4274,-0.502,1.221,1.958
2026-02-17T20:13:04.669,-4272,-0.373,0.922,1.943
2026-02-17T20:13:04.669,-4271,-0.104,0.479,2.130
2026-02-17T20:13:04.670,-4270,-0.158,0.419,2.078
2026-02-17T20:13:04.729,-4268,-0.391,0.476,1.637
2026-02-17T20:13:04.730,-4267,-0.464,0.495,1.375
2026-02-17T20:13:04.730,-4266,-0.453,0.497,1.273
2026-02-17T20:13:04.789,-4264,-0.434,0.437,1.203
2026-02-17T20:13:04.789,-4263,-0.459,0.473,1.339
2026-02-17T20:13:04.789,-4262,-0.476,0.528,1.375
2026-02-17T20:13:04.849,-4260,-0.451,0.624,1.484
2026-02-17T20:13:04.849,-4259,-0.236,0.570,1.762
2026-02-17T20:13:04.849,-4258,-0.130,0.582,1.875
2026-02-17T20:13:04.909,-4256,-0.062,0.651,1.864
2026-02-17T20:13:04.910,-4255,-0.195,0.829,2.065
2026-02-17T20:13:04.910,-4254,-0.209,0.869,2.252
2026-02-17T20:13:05.029,-4252,-0.104,0.841,2.320
2026-02-17T20:13:05.030,-4251,0.133,0.734,2.041
2026-02-17T20:13:05.031,-4250,0.199,0.688,1.885
2026-02-17T20:13:05.031,-4248,0.132,0.640,1.743
2026-02-17T20:13:05.089,-4246,0.079,0.583,1.653
2026-02-17T20:13:05.089,-4245,0.084,0.487,0.929
2026-02-17T20:13:05.090,-4244,-0.043,0.494,0.798
2026-02-17T20:13:05.148,-4242,-0.133,0.283,1.037
2026-02-17T20:13:05.149,-4241,0.062,0.536,0.734
2026-02-17T20:13:05.149,-4240,0.006,0.651,0.492
2026-02-17T20:13:05.208,-4238,-0.171,0.788,0.006
2026-02-17T20:13:05.208,-4237,-0.259,0.787,-0.298
2026-02-17T20:13:05.268,-4236,-0.201,0.679,-0.491
2026-02-17T20:13:05.269,-4234,0.053,0.489,-0.566
2026-02-17T20:13:05.271,-4233,0.276,0.876,-0.637
2026-02-17T20:13:05.271,-4232,0.286,1.044,-0.848
2026-02-17T20:13:05.329,-4230,0.055,1.235,-1.632
2026-02-17T20:13:05.329,-4229,-0.305,0.896,-2.318
2026-02-17T20:13:05.330,-4228,-0.368,0.527,-2.360
2026-02-17T20:13:05.448,-4226,-0.362,0.059,-1.706
2026-02-17T20:13:05.449,-4225,-0.218,-0.099,-0.813
2026-02-17T20:13:05.449,-4224,-0.143,-0.063,-0.519
2026-02-17T20:13:05.449,-4222,-0.099,0.039,-0.094
2026-02-17T20:13:05.509,-4220,-0.395,0.091,-0.419
2026-02-17T20:13:05.510,-4219,-0.227,-0.100,-0.381
2026-02-17T20:13:05.510,-4218,-0.244,-0.105,-0.322
2026-02-17T20:13:05.568,-4216,-0.308,-0.010,-0.162
2026-02-17T20:13:05.569,-4215,-0.267,0.145,0.049
2026-02-17T20:13:05.628,-4214,-0.178,0.198,0.151
2026-02-17T20:13:05.629,-4212,-0.353,0.358,0.290
2026-02-17T20:13:05.629,-4211,-0.174,0.559,0.496
2026-02-17T20:13:05.630,-4210,0.000,0.774,0.796
2026-02-17T20:13:05.749,-4208,0.403,1.092,1.667
2026-02-17T20:13:05.750,-4207,0.279,0.870,2.114
2026-02-17T20:13:05.750,-4206,0.000,0.768,1.906
2026-02-17T20:13:05.750,-4204,-0.201,0.870,1.545
2026-02-17T20:13:05.809,-4202,0.263,0.713,1.812
2026-02-17T20:13:05.809,-4201,-0.206,0.928,1.328
2026-02-17T20:13:05.810,-4200,-0.327,0.967,1.173
2026-02-17T20:13:05.868,-4198,-0.319,0.974,1.200
2026-02-17T20:13:05.869,-4197,-0.210,0.912,1.357
2026-02-17T20:13:05.928,-4196,-0.193,0.878,1.393
2026-02-17T20:13:05.930,-4194,-0.280,0.803,1.403
2026-02-17T20:13:05.989,-4193,-0.388,0.755,1.505
2026-02-17T20:13:05.990,-4192,-0.406,0.731,1.584
2026-02-17T20:13:05.990,-4190,-0.443,0.659,1.740
2026-02-17T20:13:05.991,-4189,-0.544,0.617,1.750
2026-02-17T20:13:06.049,-4187,-0.630,0.680,1.455
2026-02-17T20:13:06.050,-4186,-0.514,0.734,1.287
2026-02-17T20:13:06.051,-4185,-0.458,0.727,1.290
2026-02-17T20:13:06.109,-4183,-0.404,0.769,1.423
2026-02-17T20:13:06.109,-4182,-0.396,0.844,1.545
2026-02-17T20:13:06.110,-4181,-0.379,0.894,1.553
2026-02-17T20:13:06.168,-4179,-0.360,0.992,1.581
2026-02-17T20:13:06.169,-4178,-0.299,1.012,1.598
2026-02-17T20:13:06.228,-4177,-0.227,1.022,1.595
2026-02-17T20:13:06.230,-4175,-0.202,1.051,1.657
2026-02-17T20:13:06.230,-4174,-0.118,1.026,1.820
2026-02-17T20:13:06.231,-4173,-0.062,0.982,1.795
2026-02-17T20:13:06.289,-4171,0.156,0.760,1.652
2026-02-17T20:13:06.289,-4170,0.190,0.702,1.578
2026-02-17T20:13:06.349,-4169,0.180,0.667,1.675
2026-02-17T20:13:06.349,-4167,0.213,0.746,2.026
2026-02-17T20:13:06.350,-4166,0.185,0.870,1.856
2026-02-17T20:13:06.409,-4164,0.256,0.833,1.570
2026-02-17T20:13:06.410,-4163,0.125,1.033,0.978
2026-02-17T20:13:06.410,-4162,0.114,1.118,0.703
2026-02-17T20:13:06.529,-4160,0.061,1.013,0.373
2026-02-17T20:13:06.530,-4159,0.081,1.088,0.071
2026-02-17T20:13:06.531,-4158,0.051,1.121,-0.143
2026-02-17T20:13:06.531,-4156,-0.081,1.255,-0.617
2026-02-17T20:13:06.589,-4154,-0.162,1.274,-1.220
2026-02-17T20:13:06.589,-4153,0.077,0.822,-1.850
2026-02-17T20:13:06.590,-4152,0.094,0.646,-1.786
2026-02-17T20:13:06.648,-4150,-0.063,0.430,-1.540
2026-02-17T20:13:06.649,-4149,-0.246,0.164,-1.078
2026-02-17T20:13:06.651,-4148,-0.184,0.116,-0.679
2026-02-17T20:13:06.709,-4146,-0.098,0.177,-0.356
2026-02-17T20:13:06.710,-4145,-0.206,0.318,-0.306
2026-02-17T20:13:06.710,-4144,-0.296,0.391,-0.374
2026-02-17T20:13:06.769,-4142,-0.394,0.490,-0.500
2026-02-17T20:13:06.770,-4141,-0.440,0.488,-0.515
2026-02-17T20:13:06.770,-4140,-0.500,0.426,-0.528
2026-02-17T20:13:06.829,-4138,-0.377,0.431,-0.197
2026-02-17T20:13:06.830,-4137,0.011,0.817,0.404
2026-02-17T20:13:06.830,-4136,0.147,1.011,0.675
2026-02-17T20:13:06.889,-4134,0.224,1.340,1.057
2026-02-17T20:13:06.889,-4133,0.183,1.481,1.232
2026-02-17T20:13:06.890,-4132,0.394,1.583,1.709
2026-02-17T20:13:06.949,-4130,0.640,1.271,2.529
2026-02-17T20:13:06.950,-4129,0.290,0.828,2.313
2026-02-17T20:13:07.009,-4128,0.055,0.928,1.961
2026-02-17T20:13:07.010,-4126,-0.099,1.321,1.318
2026-02-17T20:13:07.010,-4125,0.183,1.096,1.659
2026-02-17T20:13:07.010,-4124,0.250,1.038,1.909
2026-02-17T20:13:07.069,-4122,-0.063,1.118,1.979
2026-02-17T20:13:07.069,-4121,-0.566,1.147,1.541
2026-02-17T20:13:07.070,-4120,-0.591,1.115,1.438
2026-02-17T20:13:07.129,-4118,-0.441,0.922,1.606
2026-02-17T20:13:07.130,-4117,-0.312,0.665,1.886
2026-02-17T20:13:07.131,-4116,-0.322,0.562,1.951
2026-02-17T20:13:07.189,-4114,-0.497,0.508,1.839
2026-02-17T20:13:07.189,-4113,-0.575,0.542,1.512
2026-02-17T20:13:07.189,-4112,-0.538,0.549,1.452
2026-02-17T20:13:07.309,-4110,-0.480,0.556,1.468
2026-02-17T20:13:07.312,-4109,-0.490,0.696,1.602
2026-02-17T20:13:07.312,-4108,-0.480,0.801,1.679
2026-02-17T20:13:07.312,-4106,-0.422,0.890,1.818
2026-02-17T20:13:07.369,-4104,-0.216,0.958,1.846
2026-02-17T20:13:07.369,-4103,-0.163,1.093,1.599
2026-02-17T20:13:07.370,-4102,-0.167,1.132,1.757
2026-02-17T20:13:07.489,-4100,-0.152,1.164,2.276
2026-02-17T20:13:07.490,-4099,0.045,0.987,2.341
2026-02-17T20:13:07.490,-4098,0.165,0.984,2.169
2026-02-17T20:13:07.549,-4096,0.270,1.061,1.690
2026-02-17T20:13:07.550,-4095,0.182,0.889,1.157
2026-02-17T20:13:07.550,-4094,0.199,0.904,0.894
2026-02-17T20:13:07.609,-4092,0.167,0.975,0.542
2026-02-17T20:13:07.610,-4091,0.059,0.934,0.131
2026-02-17T20:13:07.610,-4090,-0.024,0.921,-0.023
2026-02-17T20:13:07.669,-4088,-0.105,0.805,-0.323
2026-02-17T20:13:07.669,-4087,0.004,0.832,-0.592
2026-02-17T20:13:07.669,-4086,0.082,0.895,-0.659
2026-02-17T20:13:07.729,-4084,0.096,1.269,-1.035
2026-02-17T20:13:07.729,-4083,-0.228,1.202,-2.083
2026-02-17T20:13:07.730,-4082,-0.219,1.058,-2.293
2026-02-17T20:13:07.789,-4080,-0.046,0.569,-2.007
2026-02-17T20:13:07.789,-4079,0.008,0.264,-1.422
2026-02-17T20:13:07.789,-4078,-0.056,0.117,-1.158
2026-02-17T20:13:07.910,-4076,-0.231,-0.123,-0.717
2026-02-17T20:13:07.910,-4075,-0.356,-0.318,-0.359
2026-02-17T20:13:07.911,-4074,-0.371,-0.312,-0.262
2026-02-17T20:13:07.911,-4072,-0.420,-0.265,-0.238
2026-02-17T20:13:08.028,-4070,-0.593,-0.584,-0.333
2026-02-17T20:13:08.030,-4069,-0.386,-0.457,0.219
2026-02-17T20:13:08.030,-4068,-0.458,-0.475,0.169
2026-02-17T20:13:08.031,-4066,-0.692,-0.565,0.080
2026-02-17T20:13:08.088,-4064,-0.634,-0.469,0.977
2026-02-17T20:13:08.090,-4063,-1.190,-0.203,0.718
2026-02-17T20:13:08.090,-4062,-1.301,-0.138,0.772
2026-02-17T20:13:08.149,-4060,-1.276,-0.168,1.053
2026-02-17T20:13:08.149,-4059,-1.121,-0.352,1.224
2026-02-17T20:13:08.150,-4058,-1.040,-0.374,1.127
2026-02-17T20:13:08.209,-4056,-0.929,-0.345,0.836
2026-02-17T20:13:08.209,-4055,-0.914,-0.363,0.777
2026-02-17T20:13:08.210,-4054,-0.946,-0.359,0.732
2026-02-17T20:13:08.269,-4052,-0.905,-0.339,0.634
2026-02-17T20:13:08.269,-4051,-0.824,-0.348,0.524
2026-02-17T20:13:08.328,-4050,-0.802,-0.347,0.456
2026-02-17T20:13:08.329,-4048,-0.761,-0.349,0.390
2026-02-17T20:13:08.329,-4047,-0.762,-0.339,0.401
2026-02-17T20:13:08.330,-4046,-0.747,-0.339,0.447
2026-02-17T20:13:08.389,-4044,-0.744,-0.342,0.472
2026-02-17T20:13:08.389,-4043,-0.750,-0.342,0.461
2026-02-17T20:13:08.390,-4042,-0.747,-0.347,0.470
2026-02-17T20:13:08.509,-4040,-0.761,-0.350,0.505
2026-02-17T20:13:08.509,-4039,-0.758,-0.365,0.532
2026-02-17T20:13:08.510,-4038,-0.763,-0.374,0.535
2026-02-17T20:13:08.510,-4036,-0.755,-0.392,0.563
