timestamp,ctr,ax_g,ay_g,az_g
2026-02-17T20:05:50.115,26384,-0.194,0.293,0.958
2026-02-17T20:05:50.130,26385,-0.154,0.323,0.959
2026-02-17T20:05:50.145,26386,-0.170,0.310,0.908
2026-02-17T20:05:50.160,26387,-0.192,0.285,0.875
2026-02-17T20:05:50.175,26388,-0.188,0.318,0.835
2026-02-17T20:05:50.175,26389,-0.221,0.300,0.879
2026-02-17T20:05:50.190,26390,-0.230,0.279,0.919
2026-02-17T20:05:50.205,26391,-0.208,0.263,0.944
2026-02-17T20:05:50.219,26392,-0.229,0.268,0.952
2026-02-17T20:05:50.234,26393,-0.211,0.288,0.942
2026-02-17T20:05:50.236,26394,-0.219,0.285,0.935
2026-02-17T20:05:50.250,26395,-0.188,0.298,0.929
2026-02-17T20:05:50.265,26396,-0.189,0.300,0.915
2026-02-17T20:05:50.280,26397,-0.189,0.330,0.924
2026-02-17T20:05:50.295,26398,-0.185,0.303,0.956
2026-02-17T20:05:50.295,26399,-0.189,0.288,0.964
2026-02-17T20:05:50.310,26400,-0.274,0.242,0.957
2026-02-17T20:05:50.325,26401,-0.169,0.234,0.990
2026-02-17T20:05:50.340,26402,-0.196,0.231,0.982
2026-02-17T20:05:50.354,26403,-0.243,0.248,0.990
2026-02-17T20:05:50.355,26404,-0.219,0.242,1.025
2026-02-17T20:05:50.370,26405,-0.205,0.246,1.079
2026-02-17T20:05:50.385,26406,-0.281,0.198,1.068
2026-02-17T20:05:50.400,26407,-0.204,0.271,1.144
2026-02-17T20:05:50.415,26408,-0.261,0.323,1.065
2026-02-17T20:05:50.415,26409,-0.327,0.306,0.959
2026-02-17T20:05:50.430,26410,-0.279,0.314,0.897
2026-02-17T20:05:50.444,26411,-0.308,0.477,0.915
2026-02-17T20:05:50.459,26412,-0.066,0.767,1.081
2026-02-17T20:05:50.475,26413,0.241,1.170,1.250
2026-02-17T20:05:50.475,26414,0.440,1.530,1.221
2026-02-17T20:05:50.490,26415,0.542,1.724,1.021
2026-02-17T20:05:50.520,26416,0.518,1.503,0.857
2026-02-17T20:05:50.521,26417,0.403,1.400,0.734
2026-02-17T20:05:50.534,26418,0.320,1.348,0.658
2026-02-17T20:05:50.536,26419,0.255,1.248,0.625
2026-02-17T20:05:50.549,26420,0.178,1.283,0.625
2026-02-17T20:05:50.564,26421,0.175,1.368,0.752
2026-02-17T20:05:50.580,26422,0.217,1.412,0.802
2026-02-17T20:05:50.595,26423,0.411,1.377,0.728
2026-02-17T20:05:50.595,26424,0.552,1.211,0.530
2026-02-17T20:05:50.610,26425,0.641,0.866,0.234
2026-02-17T20:05:50.625,26426,0.587,0.443,0.134
2026-02-17T20:05:50.640,26427,0.541,-0.051,0.232
2026-02-17T20:05:50.654,26428,0.457,-0.502,0.345
2026-02-17T20:05:50.655,26429,0.354,-0.998,0.566
2026-02-17T20:05:50.669,26430,0.235,-1.371,0.899
2026-02-17T20:05:50.684,26431,0.416,-1.412,1.093
2026-02-17T20:05:50.700,26432,0.546,-1.505,1.107
2026-02-17T20:05:50.714,26433,0.319,-1.817,0.984
2026-02-17T20:05:50.715,26434,-0.290,-2.402,1.009
2026-02-17T20:05:50.730,26435,-1.088,-3.162,1.619
2026-02-17T20:05:50.745,26436,-1.465,-3.073,2.696
2026-02-17T20:05:50.759,26437,-1.876,-3.034,3.632
2026-02-17T20:05:50.775,26438,-1.509,-2.098,3.654
2026-02-17T20:05:50.775,26439,-0.523,-2.021,2.480
2026-02-17T20:05:50.790,26440,0.012,-1.684,1.177
2026-02-17T20:05:50.805,26441,0.306,-1.391,0.135
2026-02-17T20:05:50.820,26442,0.368,-1.194,-0.039
2026-02-17T20:05:50.834,26443,0.262,-1.014,0.409
2026-02-17T20:05:50.834,26444,0.121,-0.855,0.842
2026-02-17T20:05:50.849,26445,0.073,-0.771,1.012
2026-02-17T20:05:50.864,26446,0.047,-0.632,0.984
2026-02-17T20:05:50.880,26447,0.169,-0.423,0.940
2026-02-17T20:05:50.895,26448,0.354,-0.054,0.829
2026-02-17T20:05:50.895,26449,0.475,0.298,0.669
2026-02-17T20:05:50.910,26450,0.452,0.631,0.585
2026-02-17T20:05:50.925,26451,0.333,0.820,0.512
2026-02-17T20:05:50.940,26452,0.307,0.893,0.598
2026-02-17T20:05:50.954,26453,0.391,0.998,0.789
2026-02-17T20:05:50.955,26454,0.450,1.070,0.896
2026-02-17T20:05:50.984,26455,0.440,1.130,0.931
2026-02-17T20:05:50.985,26456,0.397,1.227,0.949
2026-02-17T20:05:51.000,26457,0.338,1.274,0.899
2026-02-17T20:05:51.014,26458,0.335,1.331,0.906
2026-02-17T20:05:51.015,26459,0.424,1.504,0.937
2026-02-17T20:05:51.030,26460,0.542,1.676,0.927
2026-02-17T20:05:51.045,26461,0.608,1.764,0.835
2026-02-17T20:05:51.060,26462,0.633,1.778,0.771
2026-02-17T20:05:51.060,26463,0.673,1.784,0.829
2026-02-17T20:05:51.075,26464,0.681,1.740,0.902
2026-02-17T20:05:51.090,26465,0.611,1.599,0.964
2026-02-17T20:05:51.105,26466,0.572,1.581,0.967
2026-02-17T20:05:51.120,26467,0.503,1.666,0.918
2026-02-17T20:05:51.120,26468,0.503,1.707,0.731
2026-02-17T20:05:51.135,26469,0.513,1.607,0.431
2026-02-17T20:05:51.149,26470,0.525,1.407,0.250
2026-02-17T20:05:51.165,26471,0.550,1.101,0.228
2026-02-17T20:05:51.179,26472,0.519,0.730,0.327
2026-02-17T20:05:51.180,26473,0.448,0.286,0.402
2026-02-17T20:05:51.195,26474,0.337,-0.223,0.611
2026-02-17T20:05:51.210,26475,0.296,-0.589,0.811
2026-02-17T20:05:51.224,26476,0.379,-0.756,0.883
2026-02-17T20:05:51.240,26477,0.649,-0.902,0.794
2026-02-17T20:05:51.240,26478,0.874,-1.069,0.670
2026-02-17T20:05:51.255,26479,1.057,-1.337,0.603
2026-02-17T20:05:51.270,26480,1.042,-1.702,0.451
2026-02-17T20:05:51.284,26481,0.723,-2.158,0.587
2026-02-17T20:05:51.300,26482,0.265,-2.472,1.073
2026-02-17T20:05:51.301,26483,-0.179,-2.459,1.820
2026-02-17T20:05:51.330,26484,-1.387,-2.012,2.843
2026-02-17T20:05:51.345,26485,-2.037,-2.090,3.019
2026-02-17T20:05:51.345,26486,-1.929,-1.946,2.637
2026-02-17T20:05:51.360,26487,-1.360,-1.815,1.792
2026-02-17T20:05:51.375,26488,-0.536,-1.793,1.189
2026-02-17T20:05:51.390,26489,0.080,-1.799,1.033
2026-02-17T20:05:51.405,26490,0.418,-1.764,1.113
2026-02-17T20:05:51.405,26491,0.535,-1.678,1.221
2026-02-17T20:05:51.419,26492,0.487,-1.537,1.257
2026-02-17T20:05:51.464,26493,0.371,-1.320,1.100
2026-02-17T20:05:51.465,26494,0.267,-1.122,0.861
2026-02-17T20:05:51.465,26495,0.309,-0.846,0.693
2026-02-17T20:05:51.525,26497,0.225,-0.445,0.730
2026-02-17T20:05:51.526,26498,0.377,-0.140,0.787
2026-02-17T20:05:51.526,26499,0.518,0.110,0.761
2026-02-17T20:05:51.585,26501,0.395,0.544,0.274
2026-02-17T20:05:51.586,26502,0.158,0.680,0.184
2026-02-17T20:05:51.586,26503,0.101,0.775,0.337
2026-02-17T20:05:51.645,26505,0.084,1.019,0.760
2026-02-17T20:05:51.645,26506,0.352,1.471,0.902
2026-02-17T20:05:51.646,26507,0.349,1.660,0.875
2026-02-17T20:05:51.705,26509,0.810,2.098,0.752
2026-02-17T20:05:51.705,26510,1.069,2.142,0.522
2026-02-17T20:05:51.706,26511,1.004,1.930,0.529
2026-02-17T20:05:51.765,26513,0.718,1.565,1.015
2026-02-17T20:05:51.765,26514,0.430,1.146,1.405
2026-02-17T20:05:51.765,26515,0.244,0.929,1.437
2026-02-17T20:05:51.825,26517,0.104,0.791,1.179
2026-02-17T20:05:51.825,26518,0.156,0.731,0.765
2026-02-17T20:05:51.825,26519,0.150,0.671,0.606
2026-02-17T20:05:51.885,26521,0.330,0.452,0.488
2026-02-17T20:05:51.885,26522,0.532,-0.227,0.490
2026-02-17T20:05:51.886,26523,0.622,-0.618,0.506
2026-02-17T20:05:51.945,26525,0.766,-1.311,0.621
2026-02-17T20:05:51.945,26526,0.493,-2.124,1.078
2026-02-17T20:05:51.946,26527,0.165,-2.155,1.465
2026-02-17T20:05:52.004,26529,-0.676,-1.807,2.103
2026-02-17T20:05:52.005,26530,-2.008,-1.809,2.663
2026-02-17T20:05:52.006,26531,-1.860,-1.530,2.548
2026-02-17T20:05:52.065,26533,-0.497,-1.225,1.433
2026-02-17T20:05:52.066,26534,0.286,-1.280,0.741
2026-02-17T20:05:52.066,26535,0.361,-1.333,0.784
2026-02-17T20:05:52.125,26537,0.195,-1.411,1.231
2026-02-17T20:05:52.126,26538,-0.091,-1.345,1.233
2026-02-17T20:05:52.185,26539,-0.070,-1.061,1.228
2026-02-17T20:05:52.185,26541,0.013,-0.512,1.064
2026-02-17T20:05:52.186,26542,0.470,0.094,0.704
2026-02-17T20:05:52.245,26544,0.411,0.532,0.371
2026-02-17T20:05:52.245,26545,0.286,0.757,0.851
2026-02-17T20:05:52.245,26546,0.210,0.888,1.082
2026-02-17T20:05:52.305,26548,0.105,1.148,1.228
2026-02-17T20:05:52.305,26549,0.065,1.416,1.184
2026-02-17T20:05:52.305,26550,0.074,1.561,1.125
2026-02-17T20:05:52.365,26552,0.322,1.843,0.986
2026-02-17T20:05:52.365,26553,0.602,1.782,0.693
2026-02-17T20:05:52.366,26554,0.548,1.677,0.606
2026-02-17T20:05:52.424,26556,0.409,1.648,0.645
2026-02-17T20:05:52.424,26557,0.330,1.435,0.727
2026-02-17T20:05:52.426,26558,0.277,1.282,0.737
2026-02-17T20:05:52.485,26560,0.207,0.858,0.800
2026-02-17T20:05:52.485,26561,0.147,0.550,0.878
2026-02-17T20:05:52.486,26562,0.229,0.408,0.829
2026-02-17T20:05:52.544,26564,0.448,0.071,0.672
2026-02-17T20:05:52.544,26565,0.640,-0.597,0.340
2026-02-17T20:05:52.546,26566,0.797,-0.987,0.317
2026-02-17T20:05:52.605,26568,1.109,-1.578,0.612
2026-02-17T20:05:52.606,26569,1.012,-1.819,1.044
2026-02-17T20:05:52.606,26570,0.595,-1.877,1.421
2026-02-17T20:05:52.665,26572,-1.135,-2.131,2.472
2026-02-17T20:05:52.666,26573,-1.914,-1.641,2.818
2026-02-17T20:05:52.666,26574,-1.353,-1.484,2.331
2026-02-17T20:05:52.724,26576,0.114,-1.264,1.221
2026-02-17T20:05:52.726,26577,0.549,-1.140,0.645
2026-02-17T20:05:52.726,26578,0.328,-1.198,0.770
2026-02-17T20:05:52.784,26580,-0.106,-1.139,1.074
2026-02-17T20:05:52.786,26581,-0.108,-1.052,1.062
2026-02-17T20:05:52.786,26582,-0.023,-0.934,0.987
2026-02-17T20:05:52.844,26584,0.413,-0.586,0.775
2026-02-17T20:05:52.846,26585,0.358,0.171,0.564
2026-02-17T20:05:52.846,26586,0.175,0.212,0.422
2026-02-17T20:05:52.904,26588,0.075,0.458,0.458
2026-02-17T20:05:52.965,26589,0.198,0.554,0.799
2026-02-17T20:05:52.966,26590,0.264,0.622,0.948
2026-02-17T20:05:52.966,26592,0.320,0.950,0.996
2026-02-17T20:05:53.025,26593,0.142,1.045,1.042
2026-02-17T20:05:53.025,26595,0.130,1.239,1.253
2026-02-17T20:05:53.026,26596,0.367,1.732,1.453
2026-02-17T20:05:53.026,26597,0.483,1.778,1.207
2026-02-17T20:05:53.084,26599,0.505,1.657,0.815
2026-02-17T20:05:53.086,26600,0.384,1.332,0.769
2026-02-17T20:05:53.086,26601,0.292,1.124,0.873
2026-02-17T20:05:53.144,26604,-0.074,0.732,1.235
2026-02-17T20:05:53.145,26605,-0.055,0.717,1.271
2026-02-17T20:05:53.145,26606,0.019,0.650,1.093
2026-02-17T20:05:53.204,26608,0.349,0.431,0.512
2026-02-17T20:05:53.205,26609,0.371,0.008,0.039
2026-02-17T20:05:53.205,26610,0.350,-0.304,0.174
2026-02-17T20:05:53.264,26612,0.588,-0.906,0.651
2026-02-17T20:05:53.265,26613,1.116,-1.424,0.821
2026-02-17T20:05:53.265,26614,1.079,-1.667,0.612
2026-02-17T20:05:53.324,26616,0.036,-2.235,1.421
2026-02-17T20:05:53.325,26617,-1.093,-1.746,2.518
2026-02-17T20:05:53.326,26618,-2.118,-1.627,2.938
2026-02-17T20:05:53.384,26620,-2.048,-1.316,2.257
2026-02-17T20:05:53.385,26621,0.123,-0.882,0.691
2026-02-17T20:05:53.385,26622,0.369,-0.810,0.520
2026-02-17T20:05:53.445,26624,0.276,-1.038,1.234
2026-02-17T20:05:53.445,26625,0.217,-0.822,1.250
2026-02-17T20:05:53.505,26626,0.046,-0.778,0.906
2026-02-17T20:05:53.506,26628,-0.101,-0.803,0.554
2026-02-17T20:05:53.506,26629,0.029,-0.559,0.622
2026-02-17T20:05:53.506,26630,0.200,-0.475,0.717
2026-02-17T20:05:53.564,26632,0.365,0.177,0.896
2026-02-17T20:05:53.565,26633,0.212,0.519,0.795
2026-02-17T20:05:53.565,26634,0.162,0.534,0.761
2026-02-17T20:05:53.624,26636,0.273,0.538,0.902
2026-02-17T20:05:53.626,26637,0.471,0.708,1.100
2026-02-17T20:05:53.626,26638,0.360,0.707,1.046
2026-02-17T20:05:53.685,26640,0.033,0.768,1.056
2026-02-17T20:05:53.685,26641,0.003,0.871,1.273
2026-02-17T20:05:53.685,26642,0.041,0.915,1.244
2026-02-17T20:05:53.744,26644,0.199,0.952,1.165
2026-02-17T20:05:53.744,26645,0.300,0.986,1.043
2026-02-17T20:05:53.746,26646,0.307,0.968,0.999
2026-02-17T20:05:53.804,26648,0.305,0.892,1.026
2026-02-17T20:05:53.805,26649,0.278,0.855,1.160
2026-02-17T20:05:53.805,26650,0.278,0.891,1.198
2026-02-17T20:05:53.865,26652,0.223,0.944,1.165
2026-02-17T20:05:53.866,26653,0.270,1.050,1.043
2026-02-17T20:05:53.866,26654,0.271,1.031,0.857
2026-02-17T20:05:53.925,26656,0.083,0.862,0.549
2026-02-17T20:05:53.926,26657,0.074,0.545,0.503
2026-02-17T20:05:53.926,26658,0.100,0.315,0.554
2026-02-17T20:05:53.985,26660,0.505,-0.194,0.693
2026-02-17T20:05:54.045,26661,1.103,-1.296,0.142
2026-02-17T20:05:54.045,26662,1.209,-1.740,0.000
2026-02-17T20:05:54.046,26664,0.968,-2.288,0.710
2026-02-17T20:05:54.046,26665,-0.349,-2.164,2.497
2026-02-17T20:05:54.104,26667,-2.866,-2.031,3.471
2026-02-17T20:05:54.104,26668,0.249,-0.781,0.613
2026-02-17T20:05:54.106,26669,1.121,-0.169,-0.082
2026-02-17T20:05:54.165,26671,0.988,0.023,0.111
2026-02-17T20:05:54.165,26672,-0.112,-0.567,0.947
2026-02-17T20:05:54.165,26673,-0.307,-0.806,1.025
2026-02-17T20:05:54.225,26675,-0.297,-1.204,1.137
2026-02-17T20:05:54.225,26676,0.223,-1.321,1.222
2026-02-17T20:05:54.225,26677,0.309,-1.343,1.130
2026-02-17T20:05:54.285,26679,0.164,-1.084,0.769
2026-02-17T20:05:54.285,26680,-0.056,-0.660,0.686
2026-02-17T20:05:54.286,26681,-0.063,-0.492,0.612
2026-02-17T20:05:54.346,26683,0.085,-0.338,0.656
2026-02-17T20:05:54.346,26684,0.251,0.248,0.845
2026-02-17T20:05:54.347,26685,0.218,0.449,0.866
2026-02-17T20:05:54.405,26687,0.182,0.669,0.986
2026-02-17T20:05:54.405,26688,0.070,0.894,1.009
2026-02-17T20:05:54.405,26689,-0.094,0.953,0.957
2026-02-17T20:05:54.465,26691,-0.159,0.991,1.095
2026-02-17T20:05:54.465,26692,0.101,1.437,1.505
2026-02-17T20:05:54.466,26693,0.139,1.526,1.515
2026-02-17T20:05:54.525,26695,0.207,1.499,1.255
2026-02-17T20:05:54.526,26696,0.233,1.372,1.039
2026-02-17T20:05:54.526,26697,0.169,1.258,0.996
2026-02-17T20:05:54.584,26699,0.025,1.063,1.092
2026-02-17T20:05:54.585,26700,-0.160,0.889,1.016
2026-02-17T20:05:54.585,26701,-0.220,0.835,0.894
2026-02-17T20:05:54.645,26703,-0.265,0.744,0.783
2026-02-17T20:05:54.646,26704,0.050,0.602,0.931
2026-02-17T20:05:54.646,26705,0.192,0.443,0.901
2026-02-17T20:05:54.705,26707,0.438,-0.108,0.606
2026-02-17T20:05:54.713,26708,0.891,-1.141,0.315
2026-02-17T20:05:54.713,26709,1.063,-1.514,0.392
2026-02-17T20:05:54.764,26711,0.983,-1.921,0.758
2026-02-17T20:05:54.765,26712,0.456,-1.717,1.172
2026-02-17T20:05:54.765,26713,-0.497,-1.887,1.666
2026-02-17T20:05:54.884,26715,-2.960,-2.196,3.114
2026-02-17T20:05:54.886,26716,-1.405,-1.210,2.446
2026-02-17T20:05:54.886,26717,-0.183,-1.012,1.754
2026-02-17T20:05:54.945,26719,0.744,-0.455,0.303
2026-02-17T20:05:54.946,26721,-0.127,-0.632,0.847
2026-02-17T20:05:54.946,26722,0.080,-0.670,1.016
2026-02-17T20:05:54.946,26723,0.197,-0.569,1.133
2026-02-17T20:05:55.004,26725,0.257,-0.321,1.111
2026-02-17T20:05:55.006,26726,-0.068,-0.411,0.915
2026-02-17T20:05:55.006,26727,-0.168,-0.387,0.865
2026-02-17T20:05:55.064,26729,-0.194,-0.279,0.775
2026-02-17T20:05:55.065,26730,0.001,-0.148,0.657
2026-02-17T20:05:55.065,26731,0.060,-0.106,0.680
2026-02-17T20:05:55.125,26733,-0.037,0.132,0.902
2026-02-17T20:05:55.125,26734,-0.145,0.331,1.110
2026-02-17T20:05:55.126,26735,-0.185,0.455,1.136
2026-02-17T20:05:55.185,26737,-0.026,0.496,1.163
2026-02-17T20:05:55.185,26738,0.379,0.809,1.181
2026-02-17T20:05:55.186,26739,0.487,0.974,1.117
2026-02-17T20:05:55.245,26741,0.316,1.071,0.988
2026-02-17T20:05:55.246,26742,0.204,1.209,1.165
2026-02-17T20:05:55.246,26743,0.181,1.277,1.273
2026-02-17T20:05:55.305,26745,0.133,1.389,1.236
2026-02-17T20:05:55.305,26746,0.144,1.184,0.855
2026-02-17T20:05:55.306,26747,0.150,1.082,0.719
2026-02-17T20:05:55.365,26749,0.097,0.891,0.620
2026-02-17T20:05:55.366,26750,0.029,0.815,0.717
2026-02-17T20:05:55.425,26751,0.025,0.768,0.876
2026-02-17T20:05:55.426,26753,-0.122,0.650,1.143
2026-02-17T20:05:55.426,26754,-0.043,0.468,0.960
2026-02-17T20:05:55.426,26755,0.011,0.328,0.796
2026-02-17T20:05:55.485,26757,0.171,-0.012,0.572
2026-02-17T20:05:55.485,26758,0.227,-0.177,0.686
2026-02-17T20:05:55.485,26759,0.284,-0.369,0.673
2026-02-17T20:05:55.545,26761,0.535,-0.886,0.704
2026-02-17T20:05:55.545,26762,0.691,-1.210,0.958
2026-02-17T20:05:55.545,26763,0.647,-1.360,1.092
2026-02-17T20:05:55.605,26765,0.024,-1.598,1.661
2026-02-17T20:05:55.606,26766,-0.973,-1.378,2.164
2026-02-17T20:05:55.606,26767,-1.627,-1.400,2.328
2026-02-17T20:05:55.665,26769,-1.976,-1.289,2.441
2026-02-17T20:05:55.666,26770,-0.460,-1.014,1.232
2026-02-17T20:05:55.666,26771,0.036,-0.827,0.749
2026-02-17T20:05:55.724,26773,0.393,-0.595,0.388
2026-02-17T20:05:55.725,26774,0.237,-0.919,0.870
2026-02-17T20:05:55.726,26775,0.144,-1.086,0.970
2026-02-17T20:05:55.785,26777,-0.060,-1.046,0.730
2026-02-17T20:05:55.786,26778,-0.240,-0.860,0.537
2026-02-17T20:05:55.786,26779,-0.218,-0.786,0.635
2026-02-17T20:05:55.844,26781,-0.004,-0.569,0.908
2026-02-17T20:05:55.846,26782,0.399,-0.234,1.193
2026-02-17T20:05:55.846,26783,0.428,-0.124,1.022
2026-02-17T20:05:55.904,26785,0.109,0.387,0.689
2026-02-17T20:05:55.905,26786,-0.348,0.772,0.568
2026-02-17T20:05:55.905,26787,-0.370,0.782,0.766
2026-02-17T20:05:55.964,26789,0.035,0.845,1.296
2026-02-17T20:05:55.965,26790,0.271,1.145,1.404
2026-02-17T20:05:55.965,26791,0.230,1.208,1.232
2026-02-17T20:05:56.024,26793,0.088,1.339,1.090
2026-02-17T20:05:56.025,26794,0.059,1.587,1.255
2026-02-17T20:05:56.025,26795,0.035,1.721,1.279
2026-02-17T20:05:56.084,26797,0.075,1.766,1.149
2026-02-17T20:05:56.086,26798,0.110,1.516,0.808
2026-02-17T20:05:56.086,26799,0.091,1.394,0.723
2026-02-17T20:05:56.145,26801,0.047,1.091,0.938
2026-02-17T20:05:56.145,26802,0.063,0.923,1.175
2026-02-17T20:05:56.146,26803,0.018,0.761,1.067
2026-02-17T20:05:56.205,26805,0.037,0.371,0.685
2026-02-17T20:05:56.205,26806,0.221,-0.201,0.350
2026-02-17T20:05:56.264,26807,0.305,-0.469,0.423
2026-02-17T20:05:56.264,26809,0.397,-0.996,0.770
2026-02-17T20:05:56.266,26810,0.670,-1.332,0.702
2026-02-17T20:05:56.325,26812,0.867,-1.841,0.631
2026-02-17T20:05:56.325,26813,-0.599,-1.828,2.070
2026-02-17T20:05:56.326,26814,-1.292,-1.633,2.336
2026-02-17T20:05:56.385,26816,-2.036,-1.382,2.565
2026-02-17T20:05:56.385,26817,-0.563,-0.987,1.476
2026-02-17T20:05:56.386,26818,0.035,-0.910,0.827
2026-02-17T20:05:56.445,26820,0.288,-0.811,0.267
2026-02-17T20:05:56.445,26821,0.127,-0.868,0.971
2026-02-17T20:05:56.445,26822,0.154,-0.880,1.093
2026-02-17T20:05:56.505,26824,0.005,-0.882,0.880
2026-02-17T20:05:56.505,26825,-0.114,-0.904,0.584
2026-02-17T20:05:56.507,26826,-0.167,-0.833,0.499
2026-02-17T20:05:56.565,26828,-0.142,-0.581,0.804
2026-02-17T20:05:56.566,26829,0.276,-0.158,1.098
2026-02-17T20:05:56.567,26830,0.315,0.018,0.892
2026-02-17T20:05:56.625,26832,0.012,0.471,0.905
2026-02-17T20:05:56.626,26833,-0.098,0.619,0.863
2026-02-17T20:05:56.626,26834,-0.058,0.635,0.941
2026-02-17T20:05:56.684,26836,0.146,0.716,1.091
2026-02-17T20:05:56.684,26837,0.171,0.770,1.284
2026-02-17T20:05:56.686,26838,0.178,0.896,1.313
2026-02-17T20:05:56.745,26840,0.205,1.083,1.336
2026-02-17T20:05:56.746,26841,0.113,1.184,1.228
2026-02-17T20:05:56.746,26842,0.095,1.196,1.189
2026-02-17T20:05:56.804,26844,0.159,1.136,1.185
2026-02-17T20:05:56.805,26845,0.206,1.032,1.138
2026-02-17T20:05:56.806,26846,0.158,1.010,1.045
2026-02-17T20:05:56.865,26848,0.127,1.010,0.986
2026-02-17T20:05:56.865,26849,0.141,0.969,0.963
2026-02-17T20:05:56.867,26850,0.149,0.884,0.944
2026-02-17T20:05:56.924,26852,0.114,0.699,0.937
2026-02-17T20:05:56.925,26853,0.054,0.416,1.045
2026-02-17T20:05:56.926,26854,0.057,0.309,0.986
2026-02-17T20:05:56.984,26856,0.358,-0.040,0.668
2026-02-17T20:05:56.986,26857,0.577,-0.651,0.420
2026-02-17T20:05:56.986,26858,0.656,-0.982,0.423
2026-02-17T20:05:57.045,26860,0.745,-1.465,0.406
2026-02-17T20:05:57.046,26861,0.574,-1.913,0.803
2026-02-17T20:05:57.046,26862,0.104,-1.898,1.358
2026-02-17T20:05:57.105,26864,-1.498,-1.357,2.786
2026-02-17T20:05:57.105,26865,-2.682,-1.721,2.785
2026-02-17T20:05:57.106,26866,-2.218,-1.506,2.443
2026-02-17T20:05:57.165,26868,-0.366,-1.061,1.341
2026-02-17T20:05:57.165,26869,0.400,-0.804,0.940
2026-02-17T20:05:57.166,26870,0.379,-0.774,0.998
2026-02-17T20:05:57.225,26872,0.287,-0.792,1.012
2026-02-17T20:05:57.226,26873,0.205,-0.817,0.815
2026-02-17T20:05:57.227,26874,0.207,-0.770,0.731
2026-02-17T20:05:57.285,26876,0.168,-0.681,0.583
2026-02-17T20:05:57.285,26877,-0.091,-0.361,0.675
2026-02-17T20:05:57.286,26878,-0.053,-0.119,0.780
2026-02-17T20:05:57.345,26880,-0.237,0.197,0.853
2026-02-17T20:05:57.345,26881,-0.138,0.311,1.057
2026-02-17T20:05:57.347,26882,0.066,0.378,1.059
2026-02-17T20:05:57.405,26884,0.253,0.850,0.895
2026-02-17T20:05:57.406,26885,-0.191,1.001,0.613
2026-02-17T20:05:57.406,26886,-0.261,1.003,0.677
2026-02-17T20:05:57.465,26888,-0.317,1.033,0.956
2026-02-17T20:05:57.466,26889,-0.065,1.017,1.419
2026-02-17T20:05:57.466,26890,0.091,1.058,1.505
2026-02-17T20:05:57.525,26892,0.274,1.120,1.386
2026-02-17T20:05:57.525,26893,0.202,1.107,1.150
2026-02-17T20:05:57.526,26894,0.117,1.061,1.025
2026-02-17T20:05:57.585,26896,0.018,0.909,1.032
2026-02-17T20:05:57.586,26897,-0.056,0.873,1.300
2026-02-17T20:05:57.586,26898,-0.041,0.920,1.338
2026-02-17T20:05:57.644,26900,-0.100,0.873,1.137
2026-02-17T20:05:57.646,26901,-0.040,0.685,0.888
2026-02-17T20:05:57.646,26902,0.058,0.589,0.870
2026-02-17T20:05:57.705,26904,0.199,0.408,0.783
2026-02-17T20:05:57.705,26905,0.209,0.145,0.580
2026-02-17T20:05:57.706,26906,0.175,-0.033,0.523
2026-02-17T20:05:57.765,26908,0.398,-0.574,0.498
2026-02-17T20:05:57.766,26909,0.693,-1.306,0.479
2026-02-17T20:05:57.824,26910,0.864,-1.417,0.509
2026-02-17T20:05:57.826,26912,0.739,-1.664,0.740
2026-02-17T20:05:57.826,26913,-0.880,-1.754,2.028
2026-02-17T20:05:57.827,26914,-2.031,-1.996,2.485
2026-02-17T20:05:57.885,26916,-2.300,-1.742,2.351
2026-02-17T20:05:57.886,26917,-0.979,-1.388,1.346
2026-02-17T20:05:57.886,26918,-0.311,-1.234,0.777
2026-02-17T20:05:57.945,26920,0.046,-0.948,0.319
2026-02-17T20:05:57.946,26921,0.135,-0.866,0.899
2026-02-17T20:05:57.946,26922,0.198,-0.835,1.092
2026-02-17T20:05:58.005,26924,0.078,-0.813,1.311
2026-02-17T20:05:58.006,26925,0.020,-0.376,1.152
2026-02-17T20:05:58.006,26926,-0.011,-0.158,0.891
2026-02-17T20:05:58.065,26928,0.068,-0.047,0.666
2026-02-17T20:05:58.065,26929,0.383,0.125,0.951
2026-02-17T20:05:58.066,26930,0.244,0.127,1.114
2026-02-17T20:05:58.125,26932,-0.036,0.407,1.232
2026-02-17T20:05:58.125,26933,-0.218,0.524,1.035
2026-02-17T20:05:58.125,26934,-0.277,0.646,0.943
2026-02-17T20:05:58.185,26936,-0.210,0.728,0.799
2026-02-17T20:05:58.186,26937,-0.012,0.878,0.699
2026-02-17T20:05:58.186,26938,0.072,0.977,0.746
2026-02-17T20:05:58.245,26940,0.083,1.066,0.874
2026-02-17T20:05:58.245,26941,0.089,1.284,1.207
2026-02-17T20:05:58.246,26942,0.127,1.395,1.244
2026-02-17T20:05:58.305,26944,0.207,1.331,1.067
2026-02-17T20:05:58.305,26945,0.263,1.135,0.787
2026-02-17T20:05:58.306,26946,0.223,1.048,0.687
2026-02-17T20:05:58.364,26948,0.116,0.915,0.663
2026-02-17T20:05:58.365,26949,0.056,0.863,0.815
2026-02-17T20:05:58.366,26950,0.030,0.810,0.894
2026-02-17T20:05:58.425,26952,-0.050,0.582,0.933
2026-02-17T20:05:58.425,26953,-0.064,0.293,1.013
2026-02-17T20:05:58.425,26954,-0.011,0.335,1.087
2026-02-17T20:05:58.484,26956,0.128,0.368,0.965
2026-02-17T20:05:58.485,26957,0.296,-0.034,0.629
2026-02-17T20:05:58.485,26958,0.382,-0.346,0.606
2026-02-17T20:05:58.545,26960,0.417,-0.590,0.704
2026-02-17T20:05:58.545,26961,0.497,-0.950,0.712
2026-02-17T20:05:58.546,26962,0.536,-1.221,0.707
2026-02-17T20:05:58.605,26964,0.419,-1.475,1.111
2026-02-17T20:05:58.606,26965,-0.323,-1.423,1.726
2026-02-17T20:05:58.606,26966,-0.947,-1.398,1.871
2026-02-17T20:05:58.665,26968,-1.617,-1.284,2.105
2026-02-17T20:05:58.665,26969,-0.963,-0.879,1.611
2026-02-17T20:05:58.666,26970,-0.342,-0.899,1.259
2026-02-17T20:05:58.725,26972,0.183,-0.780,0.692
2026-02-17T20:05:58.725,26973,0.331,-0.658,0.860
2026-02-17T20:05:58.726,26974,0.324,-0.737,0.929
2026-02-17T20:05:58.785,26976,-0.016,-0.841,1.108
2026-02-17T20:05:58.785,26977,-0.141,-0.792,1.118
2026-02-17T20:05:58.786,26978,-0.162,-0.802,1.026
2026-02-17T20:05:58.845,26980,-0.035,-0.713,0.839
2026-02-17T20:05:58.846,26981,0.311,-0.377,0.908
2026-02-17T20:05:58.846,26982,0.178,-0.095,1.028
2026-02-17T20:05:58.905,26984,0.006,0.048,1.056
2026-02-17T20:05:58.905,26985,-0.117,0.162,1.010
2026-02-17T20:05:58.965,26986,-0.026,0.210,1.052
2026-02-17T20:05:58.966,26988,0.116,0.528,1.092
2026-02-17T20:05:58.966,26989,-0.031,0.854,1.149
2026-02-17T20:05:58.967,26990,-0.005,0.933,1.175
2026-02-17T20:05:59.025,26992,-0.053,1.053,1.163
2026-02-17T20:05:59.025,26993,-0.143,1.153,1.049
2026-02-17T20:05:59.025,26994,-0.101,1.203,1.019
2026-02-17T20:05:59.085,26996,0.171,1.337,0.976
2026-02-17T20:05:59.086,26997,0.308,1.361,0.758
2026-02-17T20:05:59.086,26998,0.313,1.294,0.636
2026-02-17T20:05:59.145,27000,0.231,1.065,0.643
2026-02-17T20:05:59.146,27001,0.200,0.792,0.895
2026-02-17T20:05:59.146,27002,0.151,0.673,0.995
2026-02-17T20:05:59.205,27004,0.090,0.530,1.199
2026-02-17T20:05:59.205,27005,0.055,0.444,1.345
2026-02-17T20:05:59.206,27006,0.049,0.465,1.381
2026-02-17T20:05:59.265,27008,0.129,0.328,1.203
2026-02-17T20:05:59.266,27009,0.201,-0.136,0.621
2026-02-17T20:05:59.266,27010,0.239,-0.374,0.491
2026-02-17T20:05:59.325,27012,0.413,-0.702,0.612
2026-02-17T20:05:59.325,27013,0.641,-1.373,0.757
2026-02-17T20:05:59.325,27014,0.662,-1.608,0.723
2026-02-17T20:05:59.385,27016,0.350,-1.717,1.223
2026-02-17T20:05:59.385,27017,-0.295,-1.475,1.701
2026-02-17T20:05:59.386,27018,-0.951,-1.367,1.850
2026-02-17T20:05:59.445,27020,-1.850,-1.468,1.741
2026-02-17T20:05:59.446,27021,-0.919,-1.053,1.315
2026-02-17T20:05:59.446,27022,-0.377,-0.915,1.048
2026-02-17T20:05:59.505,27024,0.212,-0.667,0.823
2026-02-17T20:05:59.505,27025,0.042,-0.890,0.951
2026-02-17T20:05:59.506,27026,-0.056,-0.962,0.906
2026-02-17T20:05:59.565,27028,-0.135,-1.065,0.617
2026-02-17T20:05:59.565,27029,0.181,-0.837,0.676
2026-02-17T20:05:59.566,27030,0.263,-0.753,0.755
2026-02-17T20:05:59.625,27032,0.195,-0.598,0.961
2026-02-17T20:05:59.625,27033,0.028,-0.124,0.909
2026-02-17T20:05:59.626,27034,-0.111,0.020,0.789
2026-02-17T20:05:59.684,27036,-0.170,0.222,0.751
2026-02-17T20:05:59.685,27037,0.029,0.257,1.173
2026-02-17T20:05:59.685,27038,0.218,0.419,1.301
2026-02-17T20:05:59.745,27040,0.203,0.793,1.119
2026-02-17T20:05:59.745,27041,0.030,0.927,1.033
2026-02-17T20:05:59.804,27042,0.013,0.927,1.093
2026-02-17T20:05:59.805,27044,-0.138,1.062,1.146
2026-02-17T20:05:59.805,27045,-0.214,1.126,1.032
2026-02-17T20:05:59.807,27046,-0.204,1.130,0.978
2026-02-17T20:05:59.865,27048,-0.124,1.086,1.016
2026-02-17T20:05:59.865,27049,-0.016,1.073,1.138
2026-02-17T20:05:59.866,27050,0.077,1.093,1.173
2026-02-17T20:05:59.925,27053,0.121,0.926,0.869
2026-02-17T20:05:59.925,27054,0.163,0.845,0.830
2026-02-17T20:05:59.926,27055,0.195,0.809,0.866
2026-02-17T20:05:59.986,27057,0.121,0.695,0.889
2026-02-17T20:05:59.986,27058,0.025,0.575,0.957
2026-02-17T20:05:59.986,27059,0.011,0.460,1.050
2026-02-17T20:06:00.045,27061,0.032,0.206,1.154
2026-02-17T20:06:00.046,27062,0.086,-0.028,0.920
2026-02-17T20:06:00.046,27063,0.199,-0.203,0.809
2026-02-17T20:06:00.105,27065,0.455,-0.701,0.608
2026-02-17T20:06:00.105,27066,0.460,-1.194,0.598
2026-02-17T20:06:00.106,27067,0.558,-1.362,0.739
2026-02-17T20:06:00.164,27069,0.376,-1.399,1.033
2026-02-17T20:06:00.164,27070,-0.467,-1.480,1.482
2026-02-17T20:06:00.166,27071,-0.758,-1.380,1.661
2026-02-17T20:06:00.225,27073,-1.341,-1.230,1.856
2026-02-17T20:06:00.225,27074,-0.799,-0.904,1.472
2026-02-17T20:06:00.225,27075,-0.487,-0.908,1.237
2026-02-17T20:06:00.285,27077,-0.097,-0.928,0.869
2026-02-17T20:06:00.286,27078,0.089,-1.026,0.917
2026-02-17T20:06:00.286,27079,0.140,-1.111,0.948
2026-02-17T20:06:00.345,27081,-0.044,-1.410,1.189
2026-02-17T20:06:00.345,27082,-0.152,-1.005,1.342
2026-02-17T20:06:00.346,27083,-0.203,-0.769,1.102
2026-02-17T20:06:00.404,27085,-0.107,-0.535,0.410
2026-02-17T20:06:00.405,27086,0.261,-0.195,0.582
2026-02-17T20:06:00.405,27087,0.351,0.021,0.690
2026-02-17T20:06:00.464,27089,0.225,0.628,1.064
2026-02-17T20:06:00.466,27090,-0.058,0.896,0.973
2026-02-17T20:06:00.466,27091,-0.114,0.916,0.970
2026-02-17T20:06:00.526,27093,-0.050,0.962,0.968
2026-02-17T20:06:00.526,27094,0.074,1.221,0.784
2026-02-17T20:06:00.526,27095,0.088,1.337,0.785
2026-02-17T20:06:00.585,27097,0.021,1.405,0.905
2026-02-17T20:06:00.586,27098,0.060,1.428,1.170
2026-02-17T20:06:00.586,27099,0.191,1.537,1.319
2026-02-17T20:06:00.644,27101,0.306,1.557,1.083
2026-02-17T20:06:00.646,27102,0.274,1.369,0.691
2026-02-17T20:06:00.646,27103,0.249,1.221,0.630
2026-02-17T20:06:00.705,27105,0.193,0.959,0.808
2026-02-17T20:06:00.705,27106,-0.029,0.654,1.362
2026-02-17T20:06:00.705,27107,-0.073,0.593,1.497
2026-02-17T20:06:00.764,27109,0.047,0.287,1.278
2026-02-17T20:06:00.764,27110,0.307,-0.205,0.176
2026-02-17T20:06:00.766,27111,0.379,-0.512,-0.008
2026-02-17T20:06:00.825,27113,0.591,-1.051,0.328
2026-02-17T20:06:00.885,27114,0.647,-1.666,0.677
2026-02-17T20:06:00.885,27115,0.615,-1.860,0.945
2026-02-17T20:06:00.886,27117,0.227,-1.720,1.539
2026-02-17T20:06:00.945,27119,-2.379,-1.907,1.821
2026-02-17T20:06:00.946,27120,-0.386,-1.375,1.225
2026-02-17T20:06:00.946,27121,-0.121,-1.458,1.067
2026-02-17T20:06:01.005,27123,0.146,-1.608,1.145
2026-02-17T20:06:01.005,27124,-0.093,-1.551,1.138
2026-02-17T20:06:01.006,27125,-0.095,-1.336,1.028
2026-02-17T20:06:01.065,27127,-0.085,-0.630,0.570
2026-02-17T20:06:01.066,27128,0.161,-0.176,0.182
2026-02-17T20:06:01.066,27129,0.386,-0.009,0.349
2026-02-17T20:06:01.124,27131,0.442,0.704,0.646
2026-02-17T20:06:01.126,27132,-0.104,1.107,0.749
2026-02-17T20:06:01.126,27133,-0.221,1.191,0.890
2026-02-17T20:06:01.185,27135,-0.279,1.216,1.182
2026-02-17T20:06:01.186,27136,0.130,1.251,1.189
2026-02-17T20:06:01.186,27137,0.294,1.361,1.046
2026-02-17T20:06:01.244,27139,0.418,1.515,0.885
2026-02-17T20:06:01.245,27140,0.339,1.482,0.853
2026-02-17T20:06:01.245,27141,0.296,1.432,0.815
2026-02-17T20:06:01.305,27143,0.242,1.243,0.860
2026-02-17T20:06:01.306,27144,0.208,1.114,0.883
2026-02-17T20:06:01.306,27145,0.137,1.061,0.880
2026-02-17T20:06:01.365,27147,-0.034,0.910,1.050
2026-02-17T20:06:01.365,27148,-0.008,0.765,1.293
2026-02-17T20:06:01.366,27149,-0.036,0.712,1.241
2026-02-17T20:06:01.425,27151,-0.044,0.561,1.093
2026-02-17T20:06:01.425,27152,-0.006,0.392,0.750
2026-02-17T20:06:01.427,27153,0.025,0.277,0.427
2026-02-17T20:06:01.485,27155,-0.080,-0.721,-0.080
2026-02-17T20:06:01.485,27156,-0.122,-1.329,1.246
2026-02-17T20:06:01.486,27157,0.400,-0.996,1.606
2026-02-17T20:06:01.545,27159,0.989,-0.862,1.082
2026-02-17T20:06:01.546,27160,0.737,-1.604,0.782
2026-02-17T20:06:01.547,27161,0.410,-1.515,1.390
2026-02-17T20:06:01.605,27163,-0.786,-1.288,1.708
2026-02-17T20:06:01.605,27164,-1.413,-1.403,1.606
2026-02-17T20:06:01.606,27165,-1.060,-1.106,1.896
2026-02-17T20:06:01.664,27167,0.077,-0.640,1.338
2026-02-17T20:06:01.666,27168,0.376,-0.362,0.493
2026-02-17T20:06:01.667,27169,0.051,-0.517,0.186
2026-02-17T20:06:01.724,27171,-0.603,-1.154,0.431
2026-02-17T20:06:01.726,27172,-0.267,-1.597,1.230
2026-02-17T20:06:01.727,27173,-0.065,-1.655,1.372
2026-02-17T20:06:01.784,27175,-0.067,-1.499,1.426
2026-02-17T20:06:01.785,27176,-0.149,-1.123,1.337
2026-02-17T20:06:01.785,27177,-0.092,-0.944,1.195
2026-02-17T20:06:01.845,27179,0.406,-0.424,0.661
2026-02-17T20:06:01.845,27180,0.545,0.265,0.211
2026-02-17T20:06:01.846,27181,0.513,0.611,0.221
2026-02-17T20:06:01.905,27183,0.180,0.842,0.568
2026-02-17T20:06:01.905,27184,0.000,0.932,1.076
2026-02-17T20:06:01.965,27185,0.112,0.930,1.231
2026-02-17T20:06:01.965,27187,0.269,1.142,1.155
2026-02-17T20:06:01.965,27188,0.244,1.228,0.891
2026-02-17T20:06:01.967,27189,0.200,1.307,0.832
2026-02-17T20:06:02.025,27191,0.109,1.365,0.930
2026-02-17T20:06:02.025,27192,-0.003,1.373,1.015
2026-02-17T20:06:02.025,27193,0.004,1.385,1.016
2026-02-17T20:06:02.084,27195,0.113,1.336,0.858
2026-02-17T20:06:02.086,27196,0.216,1.219,0.686
2026-02-17T20:06:02.086,27197,0.206,1.007,0.664
2026-02-17T20:06:02.144,27199,0.142,1.009,0.992
2026-02-17T20:06:02.145,27200,0.149,0.916,1.236
2026-02-17T20:06:02.145,27201,0.122,0.839,1.250
2026-02-17T20:06:02.205,27203,0.075,0.640,1.057
2026-02-17T20:06:02.205,27204,0.115,0.339,0.773
2026-02-17T20:06:02.206,27205,0.132,0.143,0.627
2026-02-17T20:06:02.265,27207,0.131,-0.216,0.630
2026-02-17T20:06:02.266,27208,0.275,-0.449,0.735
2026-02-17T20:06:02.267,27209,0.400,-0.800,0.734
2026-02-17T20:06:02.325,27211,0.731,-1.452,0.832
2026-02-17T20:06:02.325,27212,0.341,-1.720,1.093
2026-02-17T20:06:02.384,27213,-0.194,-2.020,1.163
2026-02-17T20:06:02.385,27215,-1.147,-1.836,1.740
2026-02-17T20:06:02.385,27216,-1.794,-1.307,1.880
2026-02-17T20:06:02.387,27217,-1.460,-1.157,1.780
2026-02-17T20:06:02.444,27219,-0.124,-0.833,1.014
2026-02-17T20:06:02.446,27220,0.469,-0.370,0.459
2026-02-17T20:06:02.446,27221,0.264,-0.450,0.534
2026-02-17T20:06:02.504,27223,-0.228,-0.698,0.598
2026-02-17T20:06:02.505,27224,-0.326,-1.051,0.668
2026-02-17T20:06:02.505,27225,-0.297,-1.226,0.766
2026-02-17T20:06:02.565,27227,0.043,-1.313,1.053
2026-02-17T20:06:02.566,27228,-0.004,-1.271,1.390
2026-02-17T20:06:02.566,27229,0.020,-1.225,1.395
2026-02-17T20:06:02.625,27231,0.075,-0.904,1.136
2026-02-17T20:06:02.625,27232,0.155,-0.356,0.585
2026-02-17T20:06:02.626,27233,0.258,-0.231,0.365
2026-02-17T20:06:02.685,27235,0.129,0.264,0.398
2026-02-17T20:06:02.686,27236,-0.031,0.467,0.919
2026-02-17T20:06:02.686,27237,0.039,0.661,1.245
2026-02-17T20:06:02.745,27239,0.215,0.883,1.509
2026-02-17T20:06:02.745,27240,0.082,1.000,1.145
2026-02-17T20:06:02.746,27241,0.062,1.121,1.000
2026-02-17T20:06:02.805,27243,0.016,1.195,0.728
2026-02-17T20:06:02.805,27244,-0.046,1.161,0.563
2026-02-17T20:06:02.806,27245,-0.058,1.137,0.581
2026-02-17T20:06:02.864,27247,-0.080,0.986,0.638
2026-02-17T20:06:02.865,27248,-0.051,1.002,0.838
2026-02-17T20:06:02.866,27249,-0.065,0.960,0.876
2026-02-17T20:06:02.925,27251,-0.035,0.822,0.854
2026-02-17T20:06:02.925,27252,-0.003,0.777,0.940
2026-02-17T20:06:02.984,27253,0.000,0.774,1.005
2026-02-17T20:06:02.984,27255,-0.092,0.783,1.171
2026-02-17T20:06:02.986,27256,0.031,0.922,1.263
2026-02-17T20:06:02.986,27257,0.150,0.954,1.172
2026-02-17T20:06:03.045,27259,0.284,0.881,0.932
2026-02-17T20:06:03.045,27260,0.283,0.695,0.850
2026-02-17T20:06:03.045,27261,0.178,0.551,0.877
2026-02-17T20:06:03.104,27263,0.047,0.352,0.983
2026-02-17T20:06:03.105,27264,0.000,0.062,0.905
2026-02-17T20:06:03.106,27265,-0.010,-0.158,0.789
2026-02-17T20:06:03.164,27267,0.141,-0.316,0.623
2026-02-17T20:06:03.224,27268,0.323,-0.426,0.507
2026-02-17T20:06:03.226,27269,0.286,-0.840,0.433
2026-02-17T20:06:03.226,27271,0.304,-1.252,0.882
2026-02-17T20:06:03.226,27272,0.164,-1.193,1.399
2026-02-17T20:06:03.285,27274,-0.065,-1.278,1.511
2026-02-17T20:06:03.285,27275,-0.770,-1.059,1.851
2026-02-17T20:06:03.286,27276,-1.095,-1.003,1.733
2026-02-17T20:06:03.345,27278,-1.030,-0.978,1.199
2026-02-17T20:06:03.346,27279,-0.345,-0.806,1.020
2026-02-17T20:06:03.346,27280,-0.025,-0.691,1.038
2026-02-17T20:06:03.405,27282,0.165,-0.781,1.108
2026-02-17T20:06:03.406,27283,-0.018,-1.133,1.164
2026-02-17T20:06:03.406,27284,-0.069,-1.176,1.143
2026-02-17T20:06:03.465,27286,-0.048,-1.228,0.903
2026-02-17T20:06:03.466,27287,-0.026,-1.002,0.434
2026-02-17T20:06:03.466,27288,-0.039,-0.944,0.310
2026-02-17T20:06:03.525,27290,0.030,-0.694,0.464
2026-02-17T20:06:03.526,27291,0.237,-0.355,0.874
2026-02-17T20:06:03.526,27292,0.313,-0.174,1.003
2026-02-17T20:06:03.585,27294,0.212,0.176,0.970
2026-02-17T20:06:03.585,27295,0.004,0.654,1.075
2026-02-17T20:06:03.586,27296,-0.026,0.726,1.069
2026-02-17T20:06:03.644,27298,-0.003,0.701,0.930
2026-02-17T20:06:03.646,27299,-0.010,0.931,0.848
2026-02-17T20:06:03.646,27300,-0.169,0.982,1.027
2026-02-17T20:06:03.705,27302,-0.272,1.143,1.467
2026-02-17T20:06:03.705,27303,-0.333,1.159,1.581
2026-02-17T20:06:03.706,27304,-0.356,1.115,1.494
2026-02-17T20:06:03.765,27306,-0.290,0.949,1.177
2026-02-17T20:06:03.766,27307,-0.081,0.885,0.957
2026-02-17T20:06:03.767,27308,-0.025,0.869,0.854
2026-02-17T20:06:03.825,27310,-0.032,0.855,0.687
2026-02-17T20:06:03.826,27311,-0.018,0.835,0.656
2026-02-17T20:06:03.826,27312,0.029,0.859,0.755
2026-02-17T20:06:03.884,27314,0.091,0.853,0.841
2026-02-17T20:06:03.886,27315,-0.068,0.581,0.945
2026-02-17T20:06:03.886,27316,-0.061,0.490,1.142
2026-02-17T20:06:03.945,27318,0.043,0.422,1.436
2026-02-17T20:06:03.946,27319,0.115,0.282,1.159
2026-02-17T20:06:03.946,27320,0.132,0.219,0.863
2026-02-17T20:06:04.005,27322,0.190,-0.153,0.476
2026-02-17T20:06:04.005,27323,0.123,-0.654,0.675
2026-02-17T20:06:04.006,27324,0.050,-0.820,0.783
2026-02-17T20:06:04.065,27326,0.167,-1.261,0.662
2026-02-17T20:06:04.065,27327,0.472,-1.511,0.743
2026-02-17T20:06:04.125,27328,0.366,-1.526,1.068
2026-02-17T20:06:04.126,27330,-0.212,-1.420,1.680
2026-02-17T20:06:04.126,27331,-1.225,-1.269,2.171
2026-02-17T20:06:04.185,27332,-1.549,-1.275,2.203
2026-02-17T20:06:04.186,27334,-1.153,-1.006,1.686
2026-02-17T20:06:04.186,27335,-0.349,-0.939,0.651
2026-02-17T20:06:04.187,27336,-0.185,-0.910,0.515
2026-02-17T20:06:04.244,27338,0.064,-0.979,0.993
2026-02-17T20:06:04.246,27339,0.136,-1.026,1.143
2026-02-17T20:06:04.246,27340,0.057,-1.043,0.940
2026-02-17T20:06:04.304,27342,-0.175,-0.913,0.388
2026-02-17T20:06:04.306,27343,-0.141,-0.871,0.533
2026-02-17T20:06:04.306,27344,-0.142,-0.780,0.824
2026-02-17T20:06:04.365,27346,-0.001,-0.174,1.427
2026-02-17T20:06:04.365,27347,0.162,0.225,1.122
2026-02-17T20:06:04.365,27348,0.221,0.362,0.885
2026-02-17T20:06:04.425,27350,0.253,0.540,0.558
2026-02-17T20:06:04.426,27351,0.113,0.867,0.414
2026-02-17T20:06:04.426,27352,-0.001,0.949,0.393
2026-02-17T20:06:04.545,27354,-0.159,1.022,0.573
2026-02-17T20:06:04.545,27355,-0.219,1.075,1.003
2026-02-17T20:06:04.546,27356,-0.177,1.112,1.231
2026-02-17T20:06:04.605,27358,0.041,1.025,1.549
2026-02-17T20:06:04.605,27359,-0.162,0.597,1.191
2026-02-17T20:06:04.605,27360,-0.199,0.632,1.085
2026-02-17T20:06:04.665,27362,-0.256,0.733,1.061
2026-02-17T20:06:04.666,27363,-0.293,0.803,1.260
2026-02-17T20:06:04.666,27364,-0.255,0.786,1.253
2026-02-17T20:06:04.725,27366,-0.163,0.691,1.063
2026-02-17T20:06:04.725,27367,0.049,0.655,0.774
2026-02-17T20:06:04.726,27368,0.070,0.619,0.649
2026-02-17T20:06:04.785,27370,0.113,0.371,0.595
2026-02-17T20:06:04.785,27371,0.203,0.220,0.709
2026-02-17T20:06:04.785,27372,0.250,0.106,0.714
2026-02-17T20:06:04.844,27374,0.407,-0.397,0.558
2026-02-17T20:06:04.845,27375,0.588,-0.961,0.511
2026-02-17T20:06:04.846,27376,0.682,-1.202,0.464
2026-02-17T20:06:04.905,27378,0.460,-1.469,0.709
2026-02-17T20:06:04.906,27379,-0.288,-1.638,1.564
2026-02-17T20:06:04.906,27380,-0.696,-1.412,2.024
2026-02-17T20:06:04.965,27382,-1.709,-1.211,2.613
2026-02-17T20:06:04.965,27383,-0.949,-0.792,2.031
2026-02-17T20:06:04.966,27384,-0.309,-0.695,1.452
2026-02-17T20:06:05.025,27386,0.263,-0.519,0.844
2026-02-17T20:06:05.025,27387,0.329,-0.462,0.958
2026-02-17T20:06:05.026,27388,0.275,-0.564,1.067
2026-02-17T20:06:05.085,27390,0.209,-0.652,1.070
2026-02-17T20:06:05.085,27391,-0.435,-0.783,0.633
2026-02-17T20:06:05.144,27392,-0.461,-0.815,0.556
2026-02-17T20:06:05.146,27394,-0.129,-0.733,0.692
2026-02-17T20:06:05.146,27395,0.252,-0.616,1.005
2026-02-17T20:06:05.205,27397,0.116,-0.356,1.265
2026-02-17T20:06:05.205,27398,0.135,0.104,1.061
2026-02-17T20:06:05.206,27399,0.167,0.131,0.933
2026-02-17T20:06:05.265,27401,-0.081,0.233,0.698
2026-02-17T20:06:05.265,27402,-0.396,0.223,0.944
2026-02-17T20:06:05.266,27403,-0.399,0.248,1.245
2026-02-17T20:06:05.325,27405,-0.313,0.446,1.701
2026-02-17T20:06:05.326,27406,-0.175,0.613,1.576
2026-02-17T20:06:05.326,27407,-0.077,0.715,1.417
2026-02-17T20:06:05.385,27409,-0.021,0.897,1.273
2026-02-17T20:06:05.386,27410,-0.010,1.000,1.264
2026-02-17T20:06:05.386,27411,-0.052,0.982,1.219
2026-02-17T20:06:05.445,27413,-0.057,0.874,1.082
2026-02-17T20:06:05.446,27414,-0.023,0.826,0.976
2026-02-17T20:06:05.446,27415,0.008,0.850,0.977
2026-02-17T20:06:05.504,27417,0.011,0.952,0.981
2026-02-17T20:06:05.505,27418,-0.006,0.864,1.098
2026-02-17T20:06:05.505,27419,0.000,0.827,1.219
2026-02-17T20:06:05.565,27421,-0.010,0.772,1.320
2026-02-17T20:06:05.566,27422,-0.025,0.651,1.256
2026-02-17T20:06:05.566,27423,-0.031,0.580,1.142
2026-02-17T20:06:05.625,27425,0.015,0.370,0.749
2026-02-17T20:06:05.627,27426,0.111,0.125,0.267
2026-02-17T20:06:05.627,27427,0.148,-0.048,0.147
2026-02-17T20:06:05.685,27429,0.155,-0.435,0.363
2026-02-17T20:06:05.685,27430,0.574,-1.045,0.573
2026-02-17T20:06:05.685,27431,0.780,-1.378,0.526
2026-02-17T20:06:05.745,27433,0.681,-1.994,0.586
2026-02-17T20:06:05.745,27434,-0.278,-1.686,1.892
2026-02-17T20:06:05.747,27435,-0.994,-1.470,2.312
2026-02-17T20:06:05.805,27437,-2.256,-1.423,2.514
2026-02-17T20:06:05.805,27438,-1.075,-0.979,1.723
2026-02-17T20:06:05.805,27439,-0.453,-0.894,1.221
2026-02-17T20:06:05.865,27441,0.176,-0.745,0.894
2026-02-17T20:06:05.866,27442,0.268,-0.852,1.174
2026-02-17T20:06:05.866,27443,0.244,-1.073,1.116
2026-02-17T20:06:05.924,27445,-0.028,-1.257,0.935
2026-02-17T20:06:05.926,27446,-0.172,-0.882,0.585
2026-02-17T20:06:05.926,27447,-0.186,-0.767,0.458
2026-02-17T20:06:05.985,27449,0.054,-0.461,0.574
2026-02-17T20:06:05.986,27450,0.180,0.095,0.808
2026-02-17T20:06:05.986,27451,0.083,0.258,0.867
2026-02-17T20:06:06.045,27453,-0.041,0.610,0.829
2026-02-17T20:06:06.045,27454,-0.081,0.698,0.882
2026-02-17T20:06:06.046,27455,-0.103,0.802,0.914
2026-02-17T20:06:06.105,27457,-0.146,0.829,0.891
2026-02-17T20:06:06.105,27458,-0.162,0.915,1.144
2026-02-17T20:06:06.106,27459,-0.135,1.055,1.310
2026-02-17T20:06:06.166,27461,0.047,1.250,1.639
2026-02-17T20:06:06.166,27462,0.342,1.191,1.754
2026-02-17T20:06:06.167,27463,0.413,1.130,1.671
2026-02-17T20:06:06.225,27465,0.367,0.961,1.442
2026-02-17T20:06:06.226,27466,0.192,0.679,1.166
2026-02-17T20:06:06.226,27467,0.137,0.587,1.161
2026-02-17T20:06:06.285,27469,0.049,0.653,1.308
2026-02-17T20:06:06.286,27470,-0.069,0.748,1.252
2026-02-17T20:06:06.286,27471,-0.106,0.736,1.182
2026-02-17T20:06:06.345,27473,-0.145,0.649,1.110
2026-02-17T20:06:06.345,27474,-0.108,0.455,0.982
2026-02-17T20:06:06.346,27475,-0.073,0.371,0.861
2026-02-17T20:06:06.405,27477,0.002,0.232,0.555
2026-02-17T20:06:06.405,27478,0.244,-0.134,0.365
2026-02-17T20:06:06.406,27479,0.405,-0.350,0.400
2026-02-17T20:06:06.465,27481,0.713,-1.137,0.359
2026-02-17T20:06:06.466,27482,1.023,-2.101,0.372
2026-02-17T20:06:06.466,27483,0.937,-2.169,0.547
2026-02-17T20:06:06.525,27485,0.152,-1.834,2.011
2026-02-17T20:06:06.526,27486,-1.615,-1.834,3.065
2026-02-17T20:06:06.584,27487,-2.883,-1.838,3.649
2026-02-17T20:06:06.586,27489,-1.508,-1.225,2.315
2026-02-17T20:06:06.586,27490,0.567,-0.837,0.722
2026-02-17T20:06:06.587,27491,0.707,-0.596,0.370
2026-02-17T20:06:06.644,27493,0.352,-0.727,1.060
2026-02-17T20:06:06.646,27494,0.058,-1.000,1.270
2026-02-17T20:06:06.646,27495,-0.077,-1.048,1.074
2026-02-17T20:06:06.704,27497,-0.402,-0.925,0.708
2026-02-17T20:06:06.706,27498,-0.158,-0.746,0.647
2026-02-17T20:06:06.706,27499,0.093,-0.641,0.746
2026-02-17T20:06:06.766,27501,0.316,-0.302,0.854
2026-02-17T20:06:06.767,27502,0.234,-0.038,0.836
2026-02-17T20:06:06.767,27503,-0.017,0.087,0.794
2026-02-17T20:06:06.825,27505,-0.138,0.260,0.833
2026-02-17T20:06:06.826,27506,-0.014,0.484,0.752
2026-02-17T20:06:06.827,27507,0.131,0.643,0.752
2026-02-17T20:06:06.885,27509,0.217,0.909,0.727
2026-02-17T20:06:06.885,27510,0.015,1.137,0.991
2026-02-17T20:06:06.886,27511,-0.046,1.352,1.131
2026-02-17T20:06:06.945,27513,0.006,1.279,1.155
2026-02-17T20:06:06.946,27514,0.109,1.104,0.945
2026-02-17T20:06:06.946,27515,0.202,1.144,0.911
2026-02-17T20:06:07.005,27517,0.250,1.160,0.831
2026-02-17T20:06:07.006,27518,0.238,1.202,0.822
2026-02-17T20:06:07.006,27519,0.179,1.143,0.798
2026-02-17T20:06:07.065,27521,0.100,0.996,0.756
2026-02-17T20:06:07.065,27522,0.124,1.050,0.877
2026-02-17T20:06:07.066,27523,0.194,1.070,0.886
2026-02-17T20:06:07.124,27525,0.205,0.986,0.758
2026-02-17T20:06:07.125,27526,0.049,0.759,0.932
2026-02-17T20:06:07.125,27527,0.041,0.688,1.089
2026-02-17T20:06:07.185,27529,0.025,0.586,1.294
2026-02-17T20:06:07.185,27530,-0.109,0.246,1.084
2026-02-17T20:06:07.186,27531,-0.111,0.106,0.966
2026-02-17T20:06:07.245,27533,0.116,-0.231,0.723
2026-02-17T20:06:07.245,27534,0.496,-0.671,0.648
2026-02-17T20:06:07.246,27535,0.660,-1.030,0.604
2026-02-17T20:06:07.305,27537,0.803,-1.726,0.574
2026-02-17T20:06:07.305,27538,0.589,-1.692,0.792
2026-02-17T20:06:07.305,27539,0.093,-1.809,1.244
2026-02-17T20:06:07.364,27541,-1.622,-1.860,2.181
2026-02-17T20:06:07.366,27542,-1.903,-1.212,3.050
2026-02-17T20:06:07.367,27543,-1.275,-0.941,2.555
2026-02-17T20:06:07.424,27545,0.294,-0.835,1.164
2026-02-17T20:06:07.425,27546,0.290,-0.803,0.638
2026-02-17T20:06:07.484,27547,0.184,-0.877,0.874
2026-02-17T20:06:07.545,27549,0.136,-1.140,1.030
2026-02-17T20:06:07.546,27550,-0.072,-1.085,0.923
2026-02-17T20:06:07.546,27551,-0.216,-1.065,0.805
2026-02-17T20:06:07.605,27553,-0.207,-0.874,0.730
2026-02-17T20:06:07.605,27554,-0.020,0.363,0.701
2026-02-17T20:06:07.605,27555,-0.067,0.456,0.793
2026-02-17T20:06:07.664,27557,0.093,0.638,1.105
2026-02-17T20:06:07.666,27558,0.230,0.924,1.085
2026-02-17T20:06:07.667,27559,0.169,0.922,0.941
2026-02-17T20:06:07.725,27561,0.010,0.960,0.889
2026-02-17T20:06:07.726,27562,-0.033,1.013,1.122
2026-02-17T20:06:07.726,27563,-0.051,1.050,1.168
2026-02-17T20:06:07.785,27565,-0.180,1.031,1.134
2026-02-17T20:06:07.785,27566,-0.222,1.096,1.203
2026-02-17T20:06:07.785,27567,-0.196,1.157,1.229
2026-02-17T20:06:07.845,27569,-0.163,1.233,1.061
2026-02-17T20:06:07.846,27570,-0.102,1.141,0.830
2026-02-17T20:06:07.846,27571,-0.022,1.049,0.771
2026-02-17T20:06:07.905,27573,0.047,0.850,0.833
2026-02-17T20:06:07.906,27574,-0.161,0.694,1.148
2026-02-17T20:06:07.906,27575,-0.224,0.516,1.309
2026-02-17T20:06:07.964,27577,-0.199,0.437,1.485
2026-02-17T20:06:07.966,27578,0.241,0.207,1.010
2026-02-17T20:06:07.967,27579,0.421,-0.040,0.530
2026-02-17T20:06:08.025,27581,0.640,-0.713,0.135
2026-02-17T20:06:08.025,27582,0.879,-1.643,0.230
2026-02-17T20:06:08.026,27583,0.815,-2.027,0.383
2026-02-17T20:06:08.085,27585,0.374,-1.904,1.076
2026-02-17T20:06:08.085,27586,-0.615,-1.700,1.875
2026-02-17T20:06:08.086,27587,-1.382,-1.609,2.249
2026-02-17T20:06:08.145,27589,-2.222,-1.534,3.014
2026-02-17T20:06:08.145,27590,-0.392,-1.007,1.621
2026-02-17T20:06:08.146,27591,0.142,-0.908,0.869
2026-02-17T20:06:08.205,27593,0.271,-0.788,0.641
2026-02-17T20:06:08.205,27594,0.182,-0.913,1.069
2026-02-17T20:06:08.205,27595,0.128,-1.097,1.162
2026-02-17T20:06:08.264,27597,0.054,-1.254,1.098
2026-02-17T20:06:08.265,27598,-0.023,-0.934,0.798
2026-02-17T20:06:08.267,27599,-0.046,-0.741,0.600
2026-02-17T20:06:08.325,27601,-0.010,-0.420,0.363
2026-02-17T20:06:08.325,27602,0.164,-0.284,0.597
2026-02-17T20:06:08.325,27603,0.300,-0.127,0.751
2026-02-17T20:06:08.385,27605,0.260,0.312,1.043
2026-02-17T20:06:08.385,27606,0.063,0.633,1.131
2026-02-17T20:06:08.386,27607,0.036,0.664,1.175
2026-02-17T20:06:08.445,27609,-0.134,0.886,1.197
2026-02-17T20:06:08.445,27610,-0.252,0.971,1.037
2026-02-17T20:06:08.446,27611,-0.314,0.929,0.949
2026-02-17T20:06:08.505,27613,-0.296,0.967,0.963
2026-02-17T20:06:08.506,27614,0.022,1.301,1.386
2026-02-17T20:06:08.506,27615,0.352,1.611,1.508
2026-02-17T20:06:08.565,27617,0.503,1.871,1.221
2026-02-17T20:06:08.565,27618,0.536,1.559,0.710
2026-02-17T20:06:08.566,27619,0.467,1.318,0.639
2026-02-17T20:06:08.625,27621,0.245,0.879,0.692
2026-02-17T20:06:08.625,27622,-0.163,0.618,1.018
2026-02-17T20:06:08.625,27623,-0.336,0.556,1.278
2026-02-17T20:06:08.685,27625,-0.384,0.537,1.503
2026-02-17T20:06:08.686,27626,-0.046,0.334,0.990
2026-02-17T20:06:08.686,27627,0.075,0.273,0.647
2026-02-17T20:06:08.804,27629,0.524,0.009,0.231
2026-02-17T20:06:08.805,27630,0.762,-0.691,0.219
2026-02-17T20:06:08.805,27631,0.799,-1.175,0.246
2026-02-17T20:06:08.807,27633,0.849,-1.875,0.346
2026-02-17T20:06:08.865,27635,-0.004,-2.102,2.274
2026-02-17T20:06:08.866,27636,-1.784,-1.340,2.706
2026-02-17T20:06:08.866,27637,-0.968,-1.044,2.046
2026-02-17T20:06:08.924,27639,0.172,-0.590,0.654
2026-02-17T20:06:08.926,27640,0.370,-0.413,0.674
2026-02-17T20:06:08.926,27641,0.189,-0.550,0.968
2026-02-17T20:06:08.985,27643,0.194,-0.721,1.155
2026-02-17T20:06:08.985,27644,0.005,-1.018,1.015
2026-02-17T20:06:08.986,27645,0.089,-1.110,0.955
2026-02-17T20:06:09.045,27647,0.066,-0.993,0.807
2026-02-17T20:06:09.045,27648,-0.162,-0.843,0.735
2026-02-17T20:06:09.046,27649,-0.123,-0.671,0.864
2026-02-17T20:06:09.105,27651,-0.036,-0.289,1.268
2026-02-17T20:06:09.105,27652,0.193,-0.120,1.149
2026-02-17T20:06:09.168,27653,0.175,0.091,0.937
2026-02-17T20:06:09.169,27655,0.000,0.330,0.495
2026-02-17T20:06:09.169,27656,-0.012,0.638,0.678
2026-02-17T20:06:09.169,27657,0.031,0.636,0.827
2026-02-17T20:06:09.226,27659,0.146,0.701,1.058
2026-02-17T20:06:09.226,27660,0.098,0.766,1.131
2026-02-17T20:06:09.284,27661,0.067,0.836,1.166
2026-02-17T20:06:09.286,27663,0.020,1.039,1.237
2026-02-17T20:06:09.286,27664,-0.005,1.131,1.243
2026-02-17T20:06:09.345,27666,-0.046,1.146,1.198
2026-02-17T20:06:09.346,27667,-0.025,0.948,1.126
2026-02-17T20:06:09.346,27668,-0.043,0.893,1.108
2026-02-17T20:06:09.404,27670,0.007,0.761,1.088
2026-02-17T20:06:09.406,27671,0.035,0.547,1.081
2026-02-17T20:06:09.406,27672,0.080,0.533,1.125
2026-02-17T20:06:09.465,27674,-0.031,0.544,1.112
2026-02-17T20:06:09.466,27675,-0.182,0.403,1.290
2026-02-17T20:06:09.466,27676,-0.176,0.284,1.356
2026-02-17T20:06:09.525,27678,0.023,0.124,1.086
2026-02-17T20:06:09.526,27679,0.209,-0.160,0.394
2026-02-17T20:06:09.526,27680,0.333,-0.311,0.158
2026-02-17T20:06:09.584,27682,0.570,-0.813,0.298
2026-02-17T20:06:09.586,27683,0.625,-1.553,0.490
2026-02-17T20:06:09.586,27684,0.630,-1.715,0.679
2026-02-17T20:06:09.705,27686,0.329,-1.780,1.290
2026-02-17T20:06:09.765,27687,-0.971,-1.471,2.417
2026-02-17T20:06:09.765,27688,-2.032,-1.565,2.911
2026-02-17T20:06:09.766,27690,-1.857,-1.109,2.366
2026-02-17T20:06:09.824,27692,0.032,-1.180,0.979
2026-02-17T20:06:09.825,27693,-0.300,-1.073,0.850
2026-02-17T20:06:09.825,27694,-0.191,-0.898,0.851
2026-02-17T20:06:09.885,27696,0.134,-0.571,0.840
2026-02-17T20:06:09.885,27697,0.290,-0.208,0.686
2026-02-17T20:06:09.886,27698,0.210,-0.035,0.702
2026-02-17T20:06:09.945,27700,0.092,0.292,0.959
2026-02-17T20:06:09.946,27701,0.145,0.473,1.023
2026-02-17T20:06:09.946,27702,0.047,0.587,0.929
2026-02-17T20:06:10.004,27704,-0.057,0.626,0.810
2026-02-17T20:06:10.006,27705,-0.144,0.843,0.984
2026-02-17T20:06:10.006,27706,-0.204,0.890,1.090
2026-02-17T20:06:10.065,27708,-0.267,1.025,1.325
2026-02-17T20:06:10.066,27709,-0.211,1.100,1.430
2026-02-17T20:06:10.067,27710,-0.150,1.116,1.417
2026-02-17T20:06:10.125,27712,-0.020,1.097,1.260
2026-02-17T20:06:10.126,27713,0.150,1.032,0.957
2026-02-17T20:06:10.126,27714,0.159,1.006,0.813
2026-02-17T20:06:10.184,27716,0.096,0.975,0.718
2026-02-17T20:06:10.186,27717,-0.005,0.968,0.913
2026-02-17T20:06:10.186,27718,-0.048,0.901,1.054
2026-02-17T20:06:10.245,27720,-0.073,0.733,1.350
2026-02-17T20:06:10.246,27721,-0.040,0.591,1.456
2026-02-17T20:06:10.246,27722,-0.018,0.543,1.324
2026-02-17T20:06:10.305,27724,0.089,0.191,0.879
2026-02-17T20:06:10.306,27725,0.294,-0.417,0.360
2026-02-17T20:06:10.365,27726,0.362,-0.691,0.369
2026-02-17T20:06:10.365,27728,0.646,-1.413,0.501
2026-02-17T20:06:10.366,27729,0.774,-2.033,0.275
2026-02-17T20:06:10.366,27730,0.922,-2.233,0.400
2026-02-17T20:06:10.425,27732,0.216,-1.716,1.331
2026-02-17T20:06:10.426,27733,-1.517,-1.644,2.256
2026-02-17T20:06:10.426,27734,-1.977,-1.670,2.391
2026-02-17T20:06:10.485,27736,-1.388,-1.163,2.335
2026-02-17T20:06:10.486,27737,-0.231,-1.044,1.320
2026-02-17T20:06:10.486,27738,0.029,-1.110,1.088
2026-02-17T20:06:10.545,27740,0.146,-1.278,1.087
2026-02-17T20:06:10.546,27741,0.161,-1.338,1.184
2026-02-17T20:06:10.546,27742,0.084,-1.195,1.057
2026-02-17T20:06:10.604,27744,-0.024,-0.765,0.561
2026-02-17T20:06:10.664,27745,0.087,-0.503,0.468
2026-02-17T20:06:10.666,27746,0.208,-0.295,0.618
2026-02-17T20:06:10.666,27748,0.282,0.120,0.740
2026-02-17T20:06:10.667,27749,0.133,0.322,0.629
2026-02-17T20:06:10.725,27751,-0.017,0.644,0.752
2026-02-17T20:06:10.725,27752,-0.057,0.894,0.960
2026-02-17T20:06:10.725,27753,-0.026,0.909,0.935
2026-02-17T20:06:10.784,27755,-0.115,0.889,0.902
2026-02-17T20:06:10.786,27756,-0.185,1.013,1.212
2026-02-17T20:06:10.786,27757,-0.192,1.098,1.414
2026-02-17T20:06:10.845,27759,-0.108,1.174,1.606
2026-02-17T20:06:10.846,27760,-0.041,1.081,1.414
2026-02-17T20:06:10.847,27761,0.014,1.031,1.316
2026-02-17T20:06:10.905,27763,0.042,0.967,1.050
2026-02-17T20:06:10.905,27764,0.036,0.974,0.833
2026-02-17T20:06:10.906,27765,-0.018,0.874,0.777
2026-02-17T20:06:10.965,27767,-0.052,0.715,0.858
2026-02-17T20:06:10.966,27768,-0.107,0.549,1.148
2026-02-17T20:06:10.966,27769,-0.246,0.565,1.388
2026-02-17T20:06:11.024,27771,-0.248,0.470,1.721
2026-02-17T20:06:11.025,27772,0.001,0.227,1.468
2026-02-17T20:06:11.025,27773,0.179,0.081,1.097
2026-02-17T20:06:11.085,27775,0.533,-0.205,0.278
2026-02-17T20:06:11.086,27776,0.624,-0.695,0.184
2026-02-17T20:06:11.086,27777,0.744,-1.107,0.280
2026-02-17T20:06:11.144,27779,0.766,-1.742,0.622
2026-02-17T20:06:11.146,27780,0.438,-1.900,0.972
2026-02-17T20:06:11.205,27781,-0.024,-1.908,1.148
2026-02-17T20:06:11.265,27783,-1.249,-1.734,2.019
2026-02-17T20:06:11.325,27784,-1.891,-1.435,2.872
2026-02-17T20:06:11.326,27785,-1.256,-1.118,2.497
2026-02-17T20:06:11.326,27787,-0.169,-1.221,1.261
2026-02-17T20:06:11.327,27789,0.239,-1.121,0.756
2026-02-17T20:06:11.384,27791,-0.071,-1.070,0.722
2026-02-17T20:06:11.386,27792,0.114,-0.141,0.489
2026-02-17T20:06:11.386,27793,0.166,0.024,0.578
2026-02-17T20:06:11.445,27795,0.198,0.428,0.849
2026-02-17T20:06:11.446,27796,0.097,0.727,0.858
2026-02-17T20:06:11.447,27797,-0.012,0.835,0.771
2026-02-17T20:06:11.504,27799,-0.167,0.908,0.797
2026-02-17T20:06:11.565,27800,-0.175,0.880,1.068
2026-02-17T20:06:11.565,27801,-0.167,0.851,1.129
2026-02-17T20:06:11.565,27803,-0.172,0.909,1.266
2026-02-17T20:06:11.567,27804,-0.145,0.976,1.453
2026-02-17T20:06:11.625,27806,0.116,1.075,1.588
2026-02-17T20:06:11.625,27807,0.138,0.865,1.260
2026-02-17T20:06:11.626,27808,0.168,0.843,1.204
2026-02-17T20:06:11.685,27810,0.142,0.871,1.116
2026-02-17T20:06:11.686,27811,-0.004,0.903,1.068
2026-02-17T20:06:11.686,27812,-0.022,0.816,1.061
2026-02-17T20:06:11.745,27814,0.020,0.602,1.063
2026-02-17T20:06:11.746,27815,-0.087,0.320,1.153
2026-02-17T20:06:11.805,27816,-0.098,0.287,1.246
2026-02-17T20:06:11.806,27818,-0.019,0.122,1.445
2026-02-17T20:06:11.806,27819,0.211,-0.127,1.160
2026-02-17T20:06:11.806,27820,0.330,-0.464,0.746
2026-02-17T20:06:11.865,27822,0.591,-1.196,0.125
2026-02-17T20:06:11.866,27823,0.860,-1.934,0.067
2026-02-17T20:06:11.866,27824,0.924,-2.019,0.183
2026-02-17T20:06:11.925,27826,0.372,-1.661,0.906
2026-02-17T20:06:11.925,27827,-1.197,-1.756,1.926
2026-02-17T20:06:11.985,27828,-1.908,-1.818,2.339
2026-02-17T20:06:11.986,27830,-1.679,-1.187,2.821
2026-02-17T20:06:11.986,27831,-0.138,-1.076,1.307
2026-02-17T20:06:11.986,27832,0.254,-0.973,0.904
2026-02-17T20:06:12.045,27834,0.236,-0.839,0.542
2026-02-17T20:06:12.046,27835,-0.046,-0.865,0.821
2026-02-17T20:06:12.105,27836,-0.107,-0.968,0.834
2026-02-17T20:06:12.106,27838,-0.108,-1.074,0.781
2026-02-17T20:06:12.106,27839,-0.173,-0.739,0.738
2026-02-17T20:06:12.107,27840,-0.193,-0.509,0.704
2026-02-17T20:06:12.164,27842,-0.100,-0.023,0.692
2026-02-17T20:06:12.165,27843,0.022,0.156,0.672
2026-02-17T20:06:12.225,27844,0.100,0.264,0.678
2026-02-17T20:06:12.225,27846,0.040,0.545,0.639
2026-02-17T20:06:12.227,27847,0.089,0.704,0.812
2026-02-17T20:06:12.227,27848,0.128,0.774,0.959
2026-02-17T20:06:12.284,27850,-0.044,0.713,0.981
2026-02-17T20:06:12.286,27851,-0.095,0.637,1.075
2026-02-17T20:06:12.287,27852,-0.101,0.585,1.148
2026-02-17T20:06:12.345,27854,-0.145,0.512,1.243
2026-02-17T20:06:12.346,27855,0.060,0.314,1.621
2026-02-17T20:06:12.346,27856,0.201,0.356,1.795
2026-02-17T20:06:12.405,27858,0.338,0.541,1.891
2026-02-17T20:06:12.406,27859,0.305,0.604,1.758
2026-02-17T20:06:12.407,27860,0.264,0.680,1.579
2026-02-17T20:06:12.464,27862,0.240,0.729,1.203
2026-02-17T20:06:12.465,27863,0.238,0.814,1.021
2026-02-17T20:06:12.465,27864,0.187,0.763,1.033
2026-02-17T20:06:12.525,27866,0.116,0.501,1.258
2026-02-17T20:06:12.526,27867,0.132,0.306,1.368
2026-02-17T20:06:12.526,27868,0.140,0.250,1.239
2026-02-17T20:06:12.584,27870,0.035,0.208,0.946
2026-02-17T20:06:12.586,27871,-0.080,0.073,0.897
2026-02-17T20:06:12.586,27872,-0.081,-0.043,0.882
2026-02-17T20:06:12.645,27874,-0.006,-0.370,0.613
2026-02-17T20:06:12.645,27875,0.540,-1.087,0.251
2026-02-17T20:06:12.647,27876,1.013,-1.278,0.240
2026-02-17T20:06:12.705,27878,1.426,-2.612,-0.034
2026-02-17T20:06:12.706,27879,0.824,-1.949,0.130
2026-02-17T20:06:12.706,27880,-0.156,-2.020,0.867
2026-02-17T20:06:12.765,27882,-2.695,-2.504,3.031
2026-02-17T20:06:12.766,27883,-1.064,-1.007,2.976
2026-02-17T20:06:12.767,27884,-0.193,-1.206,2.024
2026-02-17T20:06:12.825,27886,0.751,-1.299,0.610
2026-02-17T20:06:12.825,27887,0.589,-1.284,0.368
2026-02-17T20:06:12.826,27888,0.372,-1.325,0.661
2026-02-17T20:06:12.885,27890,0.000,-1.391,1.094
2026-02-17T20:06:12.885,27891,-0.258,-1.047,0.707
2026-02-17T20:06:12.886,27892,-0.150,-0.840,0.635
2026-02-17T20:06:12.945,27894,0.186,-0.450,0.571
2026-02-17T20:06:12.946,27895,0.350,-0.187,0.553
2026-02-17T20:06:13.004,27896,0.317,-0.020,0.549
2026-02-17T20:06:13.006,27899,-0.069,0.623,0.765
2026-02-17T20:06:13.006,27900,-0.140,0.854,0.981
2026-02-17T20:06:13.006,27901,-0.193,0.893,1.052
2026-02-17T20:06:13.065,27903,-0.291,0.963,1.007
2026-02-17T20:06:13.065,27904,-0.171,1.098,1.055
2026-02-17T20:06:13.066,27905,-0.162,1.310,1.053
2026-02-17T20:06:13.125,27908,-0.093,1.715,1.388
2026-02-17T20:06:13.126,27909,0.208,1.731,1.829
2026-02-17T20:06:13.126,27910,0.452,1.689,1.998
2026-02-17T20:06:13.185,27912,0.573,1.467,1.650
2026-02-17T20:06:13.186,27913,0.257,1.069,0.968
2026-02-17T20:06:13.186,27914,0.169,0.940,0.849
2026-02-17T20:06:13.245,27916,-0.089,0.752,0.787
2026-02-17T20:06:13.246,27917,-0.203,0.556,0.721
2026-02-17T20:06:13.246,27918,-0.156,0.525,0.680
2026-02-17T20:06:13.304,27920,0.136,0.326,0.559
2026-02-17T20:06:13.306,27921,0.319,-0.165,0.256
2026-02-17T20:06:13.365,27922,0.385,-0.451,0.292
2026-02-17T20:06:13.366,27924,0.599,-1.489,0.368
2026-02-17T20:06:13.366,27925,1.022,-2.150,0.478
2026-02-17T20:06:13.367,27926,1.230,-2.284,0.578
2026-02-17T20:06:13.424,27928,0.407,-2.151,1.426
2026-02-17T20:06:13.426,27929,-3.049,-2.279,3.495
2026-02-17T20:06:13.426,27930,-3.362,-1.830,3.999
2026-02-17T20:06:13.484,27932,-0.901,-1.515,1.985
2026-02-17T20:06:13.486,27933,0.521,-1.178,0.311
2026-02-17T20:06:13.486,27934,0.501,-1.127,0.434
2026-02-17T20:06:13.545,27936,0.207,-1.037,1.176
2026-02-17T20:06:13.545,27937,-0.039,-1.002,1.027
2026-02-17T20:06:13.546,27938,-0.052,-0.910,0.722
2026-02-17T20:06:13.605,27940,-0.039,-0.721,0.566
2026-02-17T20:06:13.606,27941,0.203,0.006,0.735
2026-02-17T20:06:13.606,27942,0.271,0.239,0.663
2026-02-17T20:06:13.664,27944,0.110,0.638,0.327
2026-02-17T20:06:13.665,27945,0.020,0.668,0.319
2026-02-17T20:06:13.724,27946,-0.040,0.674,0.468
2026-02-17T20:06:13.726,27948,-0.171,0.691,0.887
2026-02-17T20:06:13.784,27949,-0.099,0.683,1.010
2026-02-17T20:06:13.786,27950,-0.065,0.725,0.952
2026-02-17T20:06:13.794,27952,-0.031,0.852,0.877
2026-02-17T20:06:13.794,27953,0.003,1.075,0.922
2026-02-17T20:06:13.845,27955,-0.058,1.159,0.996
2026-02-17T20:06:13.846,27956,-0.072,0.994,1.301
2026-02-17T20:06:13.846,27957,-0.050,0.930,1.398
2026-02-17T20:06:13.904,27959,-0.040,0.894,1.392
2026-02-17T20:06:13.906,27960,-0.051,0.784,1.171
2026-02-17T20:06:13.906,27961,-0.054,0.710,1.043
2026-02-17T20:06:13.965,27964,-0.063,0.579,0.849
2026-02-17T20:06:13.967,27965,-0.096,0.576,0.806
2026-02-17T20:06:13.967,27966,-0.088,0.508,0.827
2026-02-17T20:06:14.025,27968,-0.011,0.467,1.029
2026-02-17T20:06:14.025,27969,0.070,0.400,1.070
2026-02-17T20:06:14.025,27970,0.146,0.257,0.974
2026-02-17T20:06:14.086,27972,0.160,0.011,0.771
2026-02-17T20:06:14.086,27973,0.230,-0.403,0.631
2026-02-17T20:06:14.086,27974,0.341,-0.586,0.598
2026-02-17T20:06:14.145,27976,0.557,-1.075,0.658
2026-02-17T20:06:14.205,27977,0.555,-1.380,0.753
2026-02-17T20:06:14.205,27978,0.333,-1.491,0.816
2026-02-17T20:06:14.207,27980,-0.666,-1.761,1.262
2026-02-17T20:06:14.208,27981,-1.687,-1.526,2.175
2026-02-17T20:06:14.265,27983,-1.145,-1.077,2.052
2026-02-17T20:06:14.266,27984,0.089,-0.856,0.787
2026-02-17T20:06:14.325,27985,0.210,-0.732,0.668
2026-02-17T20:06:14.385,27987,0.091,-0.769,0.775
2026-02-17T20:06:14.385,27988,-0.047,-0.619,0.870
2026-02-17T20:06:14.385,27989,-0.139,-0.581,0.792
2026-02-17T20:06:14.386,27991,-0.196,-0.572,0.672
2026-02-17T20:06:14.445,27993,0.015,-0.503,1.154
2026-02-17T20:06:14.445,27994,-0.021,0.231,0.837
2026-02-17T20:06:14.446,27995,0.000,0.259,0.839
2026-02-17T20:06:14.505,27997,0.014,0.276,0.956
2026-02-17T20:06:14.506,27998,-0.020,0.314,0.984
2026-02-17T20:06:14.506,27999,-0.092,0.395,0.952
2026-02-17T20:06:14.565,28001,-0.262,0.508,0.873
2026-02-17T20:06:14.566,28002,-0.266,0.604,0.991
2026-02-17T20:06:14.566,28003,-0.265,0.649,1.059
2026-02-17T20:06:14.625,28005,-0.262,0.727,1.188
2026-02-17T20:06:14.626,28006,-0.168,0.729,1.213
2026-02-17T20:06:14.626,28007,-0.040,0.728,1.243
2026-02-17T20:06:14.684,28009,0.138,0.754,1.217
2026-02-17T20:06:14.745,28010,0.131,0.758,1.122
2026-02-17T20:06:14.745,28011,0.079,0.732,1.098
2026-02-17T20:06:14.746,28013,-0.044,0.602,1.135
2026-02-17T20:06:14.746,28014,-0.135,0.430,1.238
2026-02-17T20:06:14.804,28016,-0.165,0.394,1.205
2026-02-17T20:06:14.805,28017,-0.097,0.339,0.890
2026-02-17T20:06:14.805,28018,-0.034,0.230,0.854
2026-02-17T20:06:14.865,28020,0.071,-0.009,0.880
2026-02-17T20:06:14.865,28021,0.052,-0.237,0.858
2026-02-17T20:06:14.866,28022,0.088,-0.305,0.792
2026-02-17T20:06:14.925,28024,0.147,-0.542,0.686
2026-02-17T20:06:14.925,28025,0.132,-0.909,0.686
2026-02-17T20:06:14.925,28026,0.033,-1.018,0.781
2026-02-17T20:06:14.985,28029,-0.184,-0.942,1.170
2026-02-17T20:06:14.986,28030,-0.215,-0.890,1.146
2026-02-17T20:06:14.986,28031,-0.203,-0.894,1.074
2026-02-17T20:06:15.044,28033,-0.283,-1.125,0.964
2026-02-17T20:06:15.046,28034,-0.593,-1.376,1.293
2026-02-17T20:06:15.046,28035,-0.687,-1.271,1.596
2026-02-17T20:06:15.105,28037,-0.470,-0.984,1.562
2026-02-17T20:06:15.106,28038,-0.133,-0.972,0.961
2026-02-17T20:06:15.106,28039,-0.002,-1.007,0.761
2026-02-17T20:06:15.165,28041,0.188,-1.033,0.714
2026-02-17T20:06:15.225,28042,0.118,-0.936,0.861
2026-02-17T20:06:15.225,28043,0.016,-0.822,0.921
2026-02-17T20:06:15.227,28045,-0.124,-0.298,1.002
2026-02-17T20:06:15.227,28046,-0.127,0.035,0.790
2026-02-17T20:06:15.285,28048,-0.093,0.253,0.709
2026-02-17T20:06:15.285,28049,0.054,0.613,0.805
2026-02-17T20:06:15.286,28050,-0.027,0.785,0.871
2026-02-17T20:06:15.344,28052,-0.075,1.103,1.061
2026-02-17T20:06:15.345,28053,-0.092,1.197,1.123
2026-02-17T20:06:15.345,28054,-0.120,1.188,1.111
2026-02-17T20:06:15.404,28056,-0.129,1.159,1.120
2026-02-17T20:06:15.406,28057,-0.029,1.143,1.172
2026-02-17T20:06:15.406,28058,-0.008,1.114,1.200
2026-02-17T20:06:15.465,28060,0.084,1.017,1.125
2026-02-17T20:06:15.466,28061,0.085,0.830,0.961
2026-02-17T20:06:15.466,28062,0.056,0.792,0.961
2026-02-17T20:06:15.524,28064,-0.053,0.733,0.952
2026-02-17T20:06:15.526,28065,-0.128,0.643,0.983
2026-02-17T20:06:15.526,28066,-0.121,0.564,1.088
2026-02-17T20:06:15.586,28068,-0.093,0.446,1.340
2026-02-17T20:06:15.644,28069,-0.001,0.180,0.993
2026-02-17T20:06:15.644,28070,0.029,0.111,0.765
2026-02-17T20:06:15.704,28072,0.112,-0.178,0.489
2026-02-17T20:06:15.706,28074,0.122,-0.821,0.779
2026-02-17T20:06:15.706,28075,0.380,-1.224,0.712
2026-02-17T20:06:15.706,28076,0.282,-1.236,0.789
2026-02-17T20:06:15.765,28078,-0.373,-1.392,1.018
2026-02-17T20:06:15.765,28079,-1.069,-1.682,1.342
2026-02-17T20:06:15.766,28080,-1.221,-1.640,1.709
2026-02-17T20:06:15.824,28082,-0.874,-1.123,2.152
2026-02-17T20:06:15.826,28083,-0.162,-0.952,1.377
2026-02-17T20:06:15.827,28084,0.066,-0.857,0.976
2026-02-17T20:06:15.885,28086,0.185,-0.748,0.604
2026-02-17T20:06:15.885,28087,0.078,-0.916,0.782
2026-02-17T20:06:15.886,28088,0.013,-0.912,0.884
2026-02-17T20:06:15.944,28090,-0.108,-0.799,0.958
2026-02-17T20:06:15.946,28091,-0.234,-0.591,0.767
2026-02-17T20:06:15.946,28092,-0.203,-0.483,0.700
2026-02-17T20:06:16.004,28095,0.158,-0.266,0.853
2026-02-17T20:06:16.005,28096,0.172,-0.169,0.952
2026-02-17T20:06:16.006,28097,0.102,0.021,1.023
2026-02-17T20:06:16.065,28099,-0.020,0.539,1.153
2026-02-17T20:06:16.066,28100,-0.057,0.630,1.116
2026-02-17T20:06:16.066,28101,-0.130,0.652,1.084
2026-02-17T20:06:16.125,28103,-0.215,0.639,0.915
2026-02-17T20:06:16.125,28104,-0.264,0.808,0.772
2026-02-17T20:06:16.126,28105,-0.279,0.868,0.753
2026-02-17T20:06:16.185,28107,-0.323,0.990,0.888
2026-02-17T20:06:16.185,28108,-0.279,1.089,1.089
2026-02-17T20:06:16.186,28109,-0.263,1.090,1.117
2026-02-17T20:06:16.245,28112,-0.050,0.966,1.111
2026-02-17T20:06:16.246,28113,0.010,0.876,1.040
2026-02-17T20:06:16.246,28114,0.004,0.825,0.961
2026-02-17T20:06:16.304,28116,-0.046,0.646,0.936
2026-02-17T20:06:16.306,28117,-0.032,0.541,1.175
2026-02-17T20:06:16.306,28118,-0.027,0.550,1.212
2026-02-17T20:06:16.365,28120,-0.020,0.491,1.200
2026-02-17T20:06:16.365,28121,-0.005,0.403,1.158
2026-02-17T20:06:16.367,28122,-0.034,0.340,1.131
2026-02-17T20:06:16.425,28124,-0.118,0.079,1.053
2026-02-17T20:06:16.425,28125,-0.090,-0.310,0.677
2026-02-17T20:06:16.425,28126,-0.042,-0.364,0.635
2026-02-17T20:06:16.484,28128,0.028,-0.551,0.760
2026-02-17T20:06:16.486,28129,-0.060,-0.991,0.575
2026-02-17T20:06:16.486,28130,-0.092,-1.237,0.354
2026-02-17T20:06:16.545,28132,-0.002,-1.096,0.529
2026-02-17T20:06:16.546,28133,-0.161,-0.968,1.344
2026-02-17T20:06:16.546,28134,-0.261,-0.933,1.486
2026-02-17T20:06:16.605,28136,-0.455,-1.241,1.280
2026-02-17T20:06:16.606,28137,-0.489,-1.158,1.343
2026-02-17T20:06:16.606,28138,-0.471,-1.120,1.408
2026-02-17T20:06:16.665,28140,-0.295,-0.758,1.288
2026-02-17T20:06:16.666,28141,-0.117,-0.668,0.950
2026-02-17T20:06:16.667,28142,-0.025,-0.633,0.893
2026-02-17T20:06:16.725,28144,0.096,-0.705,0.919
2026-02-17T20:06:16.725,28145,-0.004,-0.749,1.064
2026-02-17T20:06:16.726,28146,-0.064,-0.707,1.059
2026-02-17T20:06:16.785,28148,-0.184,-0.583,0.807
2026-02-17T20:06:16.786,28149,-0.262,-0.421,0.577
2026-02-17T20:06:16.787,28150,-0.164,-0.317,0.667
2026-02-17T20:06:16.845,28152,-0.027,-0.142,0.831
2026-02-17T20:06:16.845,28153,-0.020,-0.090,0.798
2026-02-17T20:06:16.846,28154,-0.081,0.027,0.746
2026-02-17T20:06:16.905,28156,-0.115,0.072,0.802
2026-02-17T20:06:16.905,28157,-0.183,0.254,1.131
2026-02-17T20:06:16.906,28158,-0.228,0.245,1.242
2026-02-17T20:06:16.965,28160,-0.284,0.426,1.286
2026-02-17T20:06:16.966,28161,-0.301,0.679,1.243
2026-02-17T20:06:16.966,28162,-0.297,0.846,1.289
2026-02-17T20:06:17.025,28164,-0.150,1.108,1.375
2026-02-17T20:06:17.025,28165,0.162,1.251,1.280
2026-02-17T20:06:17.025,28166,0.250,1.211,1.106
2026-02-17T20:06:17.084,28168,0.314,0.958,0.911
2026-02-17T20:06:17.145,28169,0.203,0.696,0.999
2026-02-17T20:06:17.146,28170,0.169,0.562,1.103
2026-02-17T20:06:17.146,28172,0.004,0.406,1.252
2026-02-17T20:06:17.147,28173,-0.122,0.330,1.268
2026-02-17T20:06:17.204,28175,-0.127,0.230,1.185
2026-02-17T20:06:17.206,28176,-0.088,0.246,1.222
2026-02-17T20:06:17.206,28177,-0.081,0.229,1.261
2026-02-17T20:06:17.264,28179,-0.029,0.180,1.267
2026-02-17T20:06:17.324,28180,-0.111,-0.058,1.120
2026-02-17T20:06:17.326,28181,-0.105,-0.086,1.113
2026-02-17T20:06:17.326,28183,-0.035,-0.102,0.861
2026-02-17T20:06:17.385,28185,0.121,-0.214,0.474
2026-02-17T20:06:17.385,28186,0.430,-0.837,0.646
2026-02-17T20:06:17.387,28187,0.405,-1.080,0.701
2026-02-17T20:06:17.445,28190,0.211,-1.454,0.880
2026-02-17T20:06:17.445,28191,-0.110,-1.273,1.097
2026-02-17T20:06:17.446,28192,-0.420,-1.130,1.307
2026-02-17T20:06:17.505,28194,-1.256,-1.204,1.576
2026-02-17T20:06:17.506,28195,-0.908,-0.831,1.963
2026-02-17T20:06:17.506,28196,-0.416,-0.679,1.765
2026-02-17T20:06:17.565,28198,0.002,-0.605,1.103
2026-02-17T20:06:17.566,28199,0.066,-0.480,0.711
2026-02-17T20:06:17.625,28200,0.048,-0.507,0.621
2026-02-17T20:06:17.626,28202,0.003,-0.604,0.775
2026-02-17T20:06:17.684,28203,0.013,-0.758,0.940
2026-02-17T20:06:17.686,28204,-0.025,-0.905,1.043
2026-02-17T20:06:17.686,28207,-0.213,-0.520,1.138
2026-02-17T20:06:17.687,28208,-0.170,-0.439,0.970
2026-02-17T20:06:17.745,28210,0.081,-0.353,0.801
2026-02-17T20:06:17.746,28211,0.146,0.195,0.688
2026-02-17T20:06:17.746,28212,0.125,0.275,0.637
2026-02-17T20:06:17.805,28214,-0.036,0.265,0.713
2026-02-17T20:06:17.806,28215,-0.065,0.273,0.879
2026-02-17T20:06:17.806,28216,-0.092,0.315,0.966
2026-02-17T20:06:17.865,28218,-0.127,0.354,1.064
2026-02-17T20:06:17.866,28219,-0.056,0.438,1.214
2026-02-17T20:06:17.867,28220,0.118,0.448,1.251
2026-02-17T20:06:17.925,28222,0.063,0.523,1.204
2026-02-17T20:06:17.925,28223,-0.105,0.630,1.093
2026-02-17T20:06:17.926,28224,-0.229,0.633,1.055
2026-02-17T20:06:17.985,28226,-0.389,0.566,1.204
2026-02-17T20:06:17.985,28227,-0.376,0.506,1.443
2026-02-17T20:06:17.987,28228,-0.297,0.517,1.456
2026-02-17T20:06:18.045,28230,-0.145,0.568,1.220
2026-02-17T20:06:18.045,28231,-0.130,0.595,0.950
2026-02-17T20:06:18.046,28232,-0.123,0.572,0.939
2026-02-17T20:06:18.104,28234,-0.139,0.454,1.019
2026-02-17T20:06:18.106,28235,-0.192,0.294,1.117
2026-02-17T20:06:18.106,28236,-0.206,0.223,1.135
2026-02-17T20:06:18.165,28238,-0.137,0.122,1.145
2026-02-17T20:06:18.165,28239,0.009,0.149,1.074
2026-02-17T20:06:18.165,28240,0.034,0.152,1.074
2026-02-17T20:06:18.225,28242,0.083,0.162,1.165
2026-02-17T20:06:18.226,28243,0.095,0.105,1.199
2026-02-17T20:06:18.227,28244,0.090,0.049,1.142
2026-02-17T20:06:18.285,28246,0.114,-0.071,0.863
2026-02-17T20:06:18.285,28247,0.166,-0.229,0.620
2026-02-17T20:06:18.286,28248,0.246,-0.450,0.525
2026-02-17T20:06:18.345,28250,0.339,-0.817,0.625
2026-02-17T20:06:18.345,28251,0.226,-0.880,0.667
2026-02-17T20:06:18.347,28252,0.189,-1.040,0.568
2026-02-17T20:06:18.404,28254,-0.083,-1.282,0.769
2026-02-17T20:06:18.406,28255,-0.779,-1.126,1.503
2026-02-17T20:06:18.407,28256,-1.228,-1.057,1.712
2026-02-17T20:06:18.465,28258,-1.307,-0.920,1.893
2026-02-17T20:06:18.467,28259,-0.273,-0.584,1.479
2026-02-17T20:06:18.467,28260,-0.046,-0.432,1.271
2026-02-17T20:06:18.524,28262,-0.042,-0.425,0.909
2026-02-17T20:06:18.526,28263,-0.206,-0.607,0.951
2026-02-17T20:06:18.526,28264,-0.201,-0.617,1.079
2026-02-17T20:06:18.584,28266,-0.051,-0.546,1.056
2026-02-17T20:06:18.586,28267,-0.085,-0.520,0.693
2026-02-17T20:06:18.586,28268,-0.101,-0.516,0.641
2026-02-17T20:06:18.645,28270,-0.069,-0.553,0.687
2026-02-17T20:06:18.646,28271,-0.026,-0.482,0.757
2026-02-17T20:06:18.646,28272,-0.040,-0.431,0.748
2026-02-17T20:06:18.705,28274,-0.088,-0.158,0.665
2026-02-17T20:06:18.705,28275,-0.047,0.094,0.821
2026-02-17T20:06:18.707,28276,-0.063,0.117,0.919
2026-02-17T20:06:18.764,28278,-0.086,0.133,1.017
2026-02-17T20:06:18.765,28279,-0.134,0.237,1.116
2026-02-17T20:06:18.765,28280,-0.178,0.341,1.122
2026-02-17T20:06:18.825,28282,-0.233,0.342,1.111
2026-02-17T20:06:18.825,28283,-0.275,0.325,1.200
2026-02-17T20:06:18.825,28284,-0.242,0.286,1.279
2026-02-17T20:06:18.885,28287,-0.214,0.416,1.270
2026-02-17T20:06:18.886,28288,-0.258,0.461,1.226
2026-02-17T20:06:18.886,28289,-0.278,0.473,1.263
2026-02-17T20:06:18.944,28291,-0.318,0.458,1.349
2026-02-17T20:06:18.946,28292,-0.435,0.348,1.484
2026-02-17T20:06:18.946,28293,-0.441,0.332,1.498
2026-02-17T20:06:19.004,28295,-0.408,0.266,1.308
2026-02-17T20:06:19.005,28296,-0.328,0.181,1.086
2026-02-17T20:06:19.005,28297,-0.261,0.193,1.056
2026-02-17T20:06:19.065,28299,-0.111,0.386,1.047
2026-02-17T20:06:19.066,28300,-0.056,0.506,0.992
2026-02-17T20:06:19.067,28301,-0.020,0.447,0.976
2026-02-17T20:06:19.124,28303,-0.061,0.118,0.885
2026-02-17T20:06:19.126,28304,-0.050,-0.053,1.095
2026-02-17T20:06:19.126,28305,-0.026,-0.062,1.189
2026-02-17T20:06:19.185,28308,0.093,-0.110,0.813
2026-02-17T20:06:19.186,28309,0.206,-0.328,0.545
2026-02-17T20:06:19.187,28310,0.303,-0.533,0.445
2026-02-17T20:06:19.245,28312,0.423,-0.895,0.426
2026-02-17T20:06:19.245,28313,0.234,-1.122,0.611
2026-02-17T20:06:19.245,28314,0.172,-1.200,0.697
2026-02-17T20:06:19.306,28316,-0.031,-1.309,1.075
2026-02-17T20:06:19.306,28317,-0.551,-1.120,1.536
2026-02-17T20:06:19.307,28318,-0.816,-1.092,1.564
2026-02-17T20:06:19.365,28320,-1.077,-1.064,1.750
2026-02-17T20:06:19.366,28321,-0.429,-0.900,1.799
2026-02-17T20:06:19.367,28322,-0.059,-0.744,1.588
2026-02-17T20:06:19.425,28324,-0.007,-0.671,0.761
2026-02-17T20:06:19.485,28325,-0.095,-0.636,0.615
2026-02-17T20:06:19.485,28326,-0.041,-0.565,0.814
2026-02-17T20:06:19.486,28328,-0.029,-0.642,1.072
2026-02-17T20:06:19.486,28329,-0.057,-0.642,0.996
2026-02-17T20:06:19.545,28331,-0.112,-0.578,0.796
2026-02-17T20:06:19.545,28332,-0.060,-0.398,0.926
2026-02-17T20:06:19.546,28333,0.037,-0.382,0.959
2026-02-17T20:06:19.605,28335,0.055,-0.017,0.909
2026-02-17T20:06:19.605,28336,-0.139,0.281,0.760
2026-02-17T20:06:19.605,28337,-0.176,0.344,0.842
2026-02-17T20:06:19.665,28339,-0.147,0.403,1.128
2026-02-17T20:06:19.665,28340,-0.050,0.482,1.210
2026-02-17T20:06:19.665,28341,0.003,0.455,1.138
2026-02-17T20:06:19.724,28343,0.009,0.452,1.046
2026-02-17T20:06:19.725,28344,0.063,0.603,1.137
2026-02-17T20:06:19.725,28345,0.061,0.647,1.124
2026-02-17T20:06:19.785,28347,0.020,0.697,1.089
2026-02-17T20:06:19.786,28348,-0.044,0.684,1.070
2026-02-17T20:06:19.786,28349,-0.092,0.671,1.064
2026-02-17T20:06:19.845,28352,-0.128,0.569,1.110
2026-02-17T20:06:19.845,28353,-0.127,0.577,1.108
2026-02-17T20:06:19.846,28354,-0.106,0.567,1.070
2026-02-17T20:06:19.904,28356,-0.018,0.503,0.963
2026-02-17T20:06:19.906,28357,0.004,0.386,1.014
2026-02-17T20:06:19.906,28358,-0.011,0.335,1.112
2026-02-17T20:06:19.965,28360,-0.082,0.211,1.264
2026-02-17T20:06:19.966,28361,-0.024,0.180,1.299
2026-02-17T20:06:19.966,28362,0.034,0.156,1.180
2026-02-17T20:06:20.024,28364,0.144,-0.041,0.920
2026-02-17T20:06:20.025,28365,0.086,-0.314,0.681
2026-02-17T20:06:20.025,28366,0.053,-0.471,0.672
2026-02-17T20:06:20.085,28368,-0.010,-0.711,0.728
2026-02-17T20:06:20.086,28369,0.119,-0.704,0.798
2026-02-17T20:06:20.146,28370,0.053,-0.700,0.803
2026-02-17T20:06:20.147,28372,0.159,-0.826,0.806
2026-02-17T20:06:20.147,28373,0.235,-0.838,0.906
2026-02-17T20:06:20.148,28374,0.162,-0.804,1.045
2026-02-17T20:06:20.265,28376,0.056,-0.895,1.074
2026-02-17T20:06:20.266,28377,-0.527,-0.812,1.580
2026-02-17T20:06:20.267,28378,-1.049,-0.778,1.852
2026-02-17T20:06:20.267,28380,-1.319,-0.611,2.056
2026-02-17T20:06:20.325,28382,-0.030,-0.418,0.909
2026-02-17T20:06:20.325,28383,0.249,0.084,0.341
2026-02-17T20:06:20.326,28384,-0.093,-0.138,0.416
2026-02-17T20:06:20.384,28386,-0.325,-0.588,0.574
2026-02-17T20:06:20.386,28387,-0.283,-0.895,0.939
2026-02-17T20:06:20.386,28388,-0.192,-1.034,1.144
2026-02-17T20:06:20.445,28390,-0.075,-1.179,1.480
2026-02-17T20:06:20.446,28391,-0.035,-1.038,1.359
2026-02-17T20:06:20.446,28392,-0.040,-1.093,1.195
2026-02-17T20:06:20.505,28394,0.002,-1.257,0.864
2026-02-17T20:06:20.505,28395,0.068,-1.084,0.633
2026-02-17T20:06:20.506,28396,0.027,-0.817,0.564
2026-02-17T20:06:20.565,28398,-0.037,-0.369,0.541
2026-02-17T20:06:20.565,28399,-0.083,-0.118,0.735
2026-02-17T20:06:20.566,28400,-0.060,-0.108,0.903
2026-02-17T20:06:20.625,28402,0.131,0.114,1.180
2026-02-17T20:06:20.625,28403,0.130,0.350,1.195
2026-02-17T20:06:20.625,28404,0.102,0.421,1.186
2026-02-17T20:06:20.685,28407,0.045,0.611,1.281
2026-02-17T20:06:20.685,28408,-0.057,0.704,1.237
2026-02-17T20:06:20.686,28409,-0.135,0.762,1.172
2026-02-17T20:06:20.745,28411,-0.311,0.706,1.150
2026-02-17T20:06:20.745,28412,-0.314,0.788,1.314
2026-02-17T20:06:20.746,28413,-0.281,0.802,1.287
2026-02-17T20:06:20.805,28415,-0.179,0.809,1.172
2026-02-17T20:06:20.806,28416,-0.147,0.749,1.056
2026-02-17T20:06:20.806,28417,-0.132,0.709,1.009
2026-02-17T20:06:20.866,28419,-0.130,0.576,0.908
2026-02-17T20:06:20.867,28420,-0.121,0.522,0.928
2026-02-17T20:06:20.867,28421,-0.132,0.493,0.907
2026-02-17T20:06:20.925,28423,-0.173,0.410,0.863
2026-02-17T20:06:20.925,28424,-0.133,0.341,0.928
2026-02-17T20:06:20.925,28425,-0.099,0.338,0.979
2026-02-17T20:06:20.985,28427,0.000,0.280,1.034
2026-02-17T20:06:20.986,28428,0.104,0.194,0.927
2026-02-17T20:06:21.045,28429,0.192,0.063,0.809
2026-02-17T20:06:21.045,28431,0.123,-0.148,0.672
2026-02-17T20:06:21.046,28432,0.153,-0.488,0.737
2026-02-17T20:06:21.105,28434,0.287,-0.802,0.671
2026-02-17T20:06:21.105,28435,0.439,-1.161,0.457
2026-02-17T20:06:21.165,28436,0.354,-1.225,0.698
2026-02-17T20:06:21.166,28438,-0.285,-1.225,1.485
2026-02-17T20:06:21.224,28439,-1.120,-1.207,1.931
2026-02-17T20:06:21.226,28440,-1.382,-1.138,2.095
2026-02-17T20:06:21.226,28442,-0.750,-0.657,2.005
2026-02-17T20:06:21.285,28444,0.006,-0.502,1.128
2026-02-17T20:06:21.294,28445,0.064,-0.589,1.198
2026-02-17T20:06:21.294,28446,0.039,-0.617,1.165
2026-02-17T20:06:21.344,28448,-0.012,-0.757,1.026
2026-02-17T20:06:21.346,28449,-0.066,-0.738,0.870
2026-02-17T20:06:21.346,28450,-0.124,-0.782,0.943
2026-02-17T20:06:21.405,28452,-0.133,-0.528,1.364
2026-02-17T20:06:21.465,28453,0.052,-0.340,1.117
2026-02-17T20:06:21.466,28454,0.028,-0.282,0.844
2026-02-17T20:06:21.466,28456,0.052,-0.106,0.513
2026-02-17T20:06:21.525,28458,-0.069,0.469,0.734
2026-02-17T20:06:21.525,28459,-0.089,0.845,0.907
2026-02-17T20:06:21.526,28460,-0.111,0.918,0.850
2026-02-17T20:06:21.585,28462,-0.149,1.026,0.771
2026-02-17T20:06:21.586,28463,-0.159,1.146,0.753
2026-02-17T20:06:21.586,28464,-0.156,1.170,0.752
2026-02-17T20:06:21.644,28466,-0.141,1.111,0.838
2026-02-17T20:06:21.645,28467,-0.059,0.973,0.960
2026-02-17T20:06:21.646,28468,-0.076,0.889,0.925
2026-02-17T20:06:21.705,28470,-0.070,0.747,0.837
2026-02-17T20:06:21.706,28471,-0.105,0.562,0.781
2026-02-17T20:06:21.707,28472,-0.129,0.473,0.828
2026-02-17T20:06:21.764,28474,-0.200,0.324,0.965
2026-02-17T20:06:21.766,28475,-0.336,0.109,1.042
2026-02-17T20:06:21.767,28476,-0.365,0.062,1.104
2026-02-17T20:06:21.825,28478,-0.217,0.060,1.146
2026-02-17T20:06:21.826,28479,0.093,-0.024,0.968
2026-02-17T20:06:21.827,28480,0.199,-0.179,0.864
2026-02-17T20:06:21.884,28482,0.194,-0.548,0.740
2026-02-17T20:06:21.886,28483,0.054,-0.890,0.819
2026-02-17T20:06:21.886,28484,0.057,-1.003,0.954
2026-02-17T20:06:21.945,28486,0.021,-0.988,1.162
2026-02-17T20:06:21.945,28487,-0.169,-0.819,1.113
2026-02-17T20:06:21.946,28488,-0.135,-0.846,1.075
2026-02-17T20:06:22.004,28490,0.021,-0.753,1.107
2026-02-17T20:06:22.005,28491,-0.081,-0.571,1.155
2026-02-17T20:06:22.066,28492,-0.210,-0.654,1.127
2026-02-17T20:06:22.066,28494,-0.505,-0.793,1.340
2026-02-17T20:06:22.068,28495,-0.518,-0.782,1.640
2026-02-17T20:06:22.068,28496,-0.393,-0.722,1.631
2026-02-17T20:06:22.125,28498,-0.148,-0.669,1.404
2026-02-17T20:06:22.126,28499,-0.064,-0.715,1.232
2026-02-17T20:06:22.185,28500,-0.077,-0.756,1.159
2026-02-17T20:06:22.186,28502,-0.135,-0.710,1.015
2026-02-17T20:06:22.186,28503,-0.207,-0.641,0.753
2026-02-17T20:06:22.186,28504,-0.203,-0.666,0.688
2026-02-17T20:06:22.245,28506,-0.210,-0.528,0.753
2026-02-17T20:06:22.245,28507,-0.228,-0.039,0.740
2026-02-17T20:06:22.246,28508,-0.228,0.108,0.671
2026-02-17T20:06:22.304,28510,-0.276,0.349,0.747
2026-02-17T20:06:22.305,28511,-0.209,0.390,0.928
2026-02-17T20:06:22.306,28512,-0.170,0.456,1.017
2026-02-17T20:06:22.365,28514,-0.003,0.656,1.054
2026-02-17T20:06:22.365,28515,0.032,0.851,0.938
2026-02-17T20:06:22.367,28516,0.028,0.890,0.897
2026-02-17T20:06:22.425,28518,0.000,0.971,0.952
2026-02-17T20:06:22.426,28519,-0.081,0.911,0.970
2026-02-17T20:06:22.426,28520,-0.130,0.860,1.007
2026-02-17T20:06:22.485,28522,-0.157,0.819,1.120
2026-02-17T20:06:22.485,28523,-0.111,0.767,0.995
2026-02-17T20:06:22.486,28524,-0.082,0.728,0.905
2026-02-17T20:06:22.545,28526,-0.021,0.591,0.818
2026-02-17T20:06:22.545,28527,-0.035,0.454,0.946
2026-02-17T20:06:22.605,28528,-0.064,0.448,1.049
2026-02-17T20:06:22.606,28530,-0.141,0.415,1.150
2026-02-17T20:06:22.606,28531,-0.178,0.217,1.002
2026-02-17T20:06:22.606,28532,-0.135,0.133,0.900
2026-02-17T20:06:22.665,28534,-0.177,-0.044,0.815
2026-02-17T20:06:22.666,28535,-0.259,0.017,1.109
2026-02-17T20:06:22.666,28536,-0.295,0.088,1.301
2026-02-17T20:06:22.725,28538,-0.227,0.200,1.394
2026-02-17T20:06:22.725,28539,0.049,0.047,0.850
2026-02-17T20:06:22.785,28540,0.183,-0.073,0.614
2026-02-17T20:06:22.786,28542,0.324,-0.193,0.499
2026-02-17T20:06:22.845,28543,0.203,-0.400,0.720
2026-02-17T20:06:22.846,28544,0.101,-0.571,0.870
2026-02-17T20:06:22.846,28546,0.140,-0.855,0.976
2026-02-17T20:06:22.846,28547,0.069,-0.943,0.984
2026-02-17T20:06:22.904,28549,-0.549,-1.133,1.251
2026-02-17T20:06:22.906,28550,-0.833,-0.826,1.959
2026-02-17T20:06:22.906,28551,-0.666,-0.670,1.965
2026-02-17T20:06:22.965,28553,-0.302,-0.526,1.447
2026-02-17T20:06:22.967,28554,-0.152,-0.454,0.876
2026-02-17T20:06:22.967,28555,-0.159,-0.481,0.744
2026-02-17T20:06:23.025,28557,-0.156,-0.478,1.031
2026-02-17T20:06:23.026,28558,-0.081,-0.536,1.283
2026-02-17T20:06:23.026,28559,-0.015,-0.573,1.312
2026-02-17T20:06:23.085,28562,-0.056,-0.611,0.989
2026-02-17T20:06:23.086,28563,-0.183,-0.558,0.808
2026-02-17T20:06:23.086,28564,-0.215,-0.489,0.755
2026-02-17T20:06:23.144,28566,-0.222,-0.429,0.819
2026-02-17T20:06:23.146,28567,-0.173,-0.403,0.959
2026-02-17T20:06:23.147,28568,-0.160,-0.304,0.991
2026-02-17T20:06:23.206,28570,-0.180,0.063,0.875
2026-02-17T20:06:23.207,28571,-0.131,0.462,0.697
2026-02-17T20:06:23.207,28572,-0.094,0.560,0.700
2026-02-17T20:06:23.265,28574,0.008,0.517,0.812
2026-02-17T20:06:23.266,28575,0.107,0.624,0.941
2026-02-17T20:06:23.266,28576,0.018,0.696,0.948
2026-02-17T20:06:23.325,28578,-0.040,0.765,1.043
2026-02-17T20:06:23.326,28579,0.004,0.691,1.239
2026-02-17T20:06:23.326,28580,0.038,0.652,1.300
2026-02-17T20:06:23.384,28582,0.059,0.632,1.321
2026-02-17T20:06:23.385,28583,0.068,0.594,1.300
2026-02-17T20:06:23.385,28584,0.057,0.573,1.256
2026-02-17T20:06:23.445,28586,0.001,0.429,1.121
2026-02-17T20:06:23.446,28587,-0.041,0.162,1.030
2026-02-17T20:06:23.446,28588,-0.075,0.045,1.062
2026-02-17T20:06:23.506,28590,-0.121,0.050,1.292
2026-02-17T20:06:23.506,28591,-0.098,0.080,1.360
2026-02-17T20:06:23.506,28592,-0.074,0.097,1.319
2026-02-17T20:06:23.565,28594,-0.010,0.216,1.207
2026-02-17T20:06:23.566,28595,0.049,0.246,1.128
2026-02-17T20:06:23.566,28596,0.047,0.127,1.087
2026-02-17T20:06:23.625,28598,0.032,-0.147,1.016
2026-02-17T20:06:23.626,28599,0.100,-0.167,0.913
2026-02-17T20:06:23.626,28600,0.149,-0.178,0.778
2026-02-17T20:06:23.684,28603,0.251,-0.415,0.403
2026-02-17T20:06:23.685,28604,0.281,-0.594,0.434
2026-02-17T20:06:23.686,28605,0.265,-0.784,0.493
2026-02-17T20:06:23.745,28607,0.205,-1.191,0.683
2026-02-17T20:06:23.745,28608,0.102,-1.269,1.046
2026-02-17T20:06:23.746,28609,0.040,-1.025,1.189
2026-02-17T20:06:23.804,28611,-0.793,-0.872,1.486
2026-02-17T20:06:23.806,28612,-1.216,-0.867,1.869
2026-02-17T20:06:23.806,28613,-0.915,-0.601,1.836
2026-02-17T20:06:23.865,28615,-0.092,-0.449,1.280
2026-02-17T20:06:23.865,28616,0.259,-0.299,0.912
2026-02-17T20:06:23.866,28617,0.255,-0.283,0.907
2026-02-17T20:06:23.925,28619,0.093,-0.312,1.080
2026-02-17T20:06:23.925,28620,-0.061,-0.466,1.106
2026-02-17T20:06:23.926,28621,-0.100,-0.575,1.059
2026-02-17T20:06:23.985,28624,-0.145,-0.757,1.051
2026-02-17T20:06:23.986,28625,-0.160,-0.687,1.221
2026-02-17T20:06:23.987,28626,-0.077,-0.570,1.293
2026-02-17T20:06:24.045,28628,0.010,-0.312,1.166
2026-02-17T20:06:24.045,28629,0.082,-0.131,0.756
2026-02-17T20:06:24.046,28630,0.114,-0.020,0.707
2026-02-17T20:06:24.105,28632,0.102,0.135,0.739
2026-02-17T20:06:24.105,28633,0.031,0.380,0.843
2026-02-17T20:06:24.106,28634,-0.089,0.501,0.876
2026-02-17T20:06:24.165,28637,-0.189,0.640,1.020
2026-02-17T20:06:24.165,28638,-0.135,0.615,1.061
2026-02-17T20:06:24.166,28639,-0.135,0.629,0.992
2026-02-17T20:06:24.225,28641,-0.124,0.677,0.814
2026-02-17T20:06:24.225,28642,-0.233,0.694,0.732
2026-02-17T20:06:24.227,28643,-0.252,0.704,0.837
2026-02-17T20:06:24.285,28645,-0.191,0.797,1.186
2026-02-17T20:06:24.286,28646,0.029,0.845,1.185
2026-02-17T20:06:24.286,28647,0.115,0.865,1.057
2026-02-17T20:06:24.345,28649,0.162,0.849,0.864
2026-02-17T20:06:24.346,28650,0.128,0.760,0.891
2026-02-17T20:06:24.346,28651,0.118,0.719,0.927
2026-02-17T20:06:24.405,28653,0.102,0.611,0.929
2026-02-17T20:06:24.405,28654,0.027,0.519,0.944
2026-02-17T20:06:24.406,28655,-0.042,0.428,0.935
2026-02-17T20:06:24.465,28658,0.003,0.278,0.970
2026-02-17T20:06:24.466,28659,0.103,0.235,0.909
2026-02-17T20:06:24.466,28660,0.152,0.112,0.821
2026-02-17T20:06:24.525,28662,0.027,-0.715,0.875
2026-02-17T20:06:24.525,28663,-0.313,-0.631,1.459
2026-02-17T20:06:24.525,28664,-0.388,-0.472,1.543
2026-02-17T20:06:24.585,28666,-0.284,-0.146,1.370
2026-02-17T20:06:24.586,28667,0.151,-0.243,0.838
2026-02-17T20:06:24.586,28668,0.249,-0.186,0.618
2026-02-17T20:06:24.645,28670,0.330,-0.300,0.527
2026-02-17T20:06:24.646,28671,0.322,-0.741,0.883
2026-02-17T20:06:24.646,28672,0.278,-0.698,1.118
2026-02-17T20:06:24.705,28674,0.198,-0.660,1.352
2026-02-17T20:06:24.706,28675,-0.239,-0.735,1.140
2026-02-17T20:06:24.706,28676,-0.503,-0.833,1.018
2026-02-17T20:06:24.765,28678,-0.873,-0.957,0.996
2026-02-17T20:06:24.765,28679,-0.959,-0.938,1.410
2026-02-17T20:06:24.765,28680,-0.655,-0.875,1.487
2026-02-17T20:06:24.825,28682,-0.048,-0.674,1.531
2026-02-17T20:06:24.826,28683,0.223,-0.611,1.313
2026-02-17T20:06:24.826,28684,0.145,-0.723,1.156
2026-02-17T20:06:24.885,28686,0.018,-0.886,0.820
2026-02-17T20:06:24.886,28687,-0.144,-0.862,0.774
2026-02-17T20:06:24.887,28688,-0.220,-0.749,0.753
2026-02-17T20:06:24.945,28690,-0.312,-0.556,0.679
2026-02-17T20:06:24.946,28691,-0.031,-0.441,0.684
2026-02-17T20:06:24.946,28692,0.116,-0.308,0.730
2026-02-17T20:06:25.005,28694,0.209,0.157,0.813
2026-02-17T20:06:25.006,28695,0.053,0.432,0.904
2026-02-17T20:06:25.006,28696,0.038,0.571,0.958
2026-02-17T20:06:25.065,28698,0.101,0.738,1.031
2026-02-17T20:06:25.067,28699,0.083,0.812,0.766
2026-02-17T20:06:25.067,28700,0.103,0.866,0.715
2026-02-17T20:06:25.125,28702,-0.048,0.905,0.772
2026-02-17T20:06:25.126,28703,-0.020,0.935,1.080
2026-02-17T20:06:25.126,28704,-0.027,0.914,1.162
2026-02-17T20:06:25.185,28706,-0.065,0.802,1.167
2026-02-17T20:06:25.186,28707,-0.059,0.706,1.332
2026-02-17T20:06:25.186,28708,-0.045,0.677,1.398
2026-02-17T20:06:25.244,28710,-0.037,0.670,1.367
2026-02-17T20:06:25.246,28711,-0.062,0.671,1.230
2026-02-17T20:06:25.247,28712,-0.055,0.666,1.124
2026-02-17T20:06:25.304,28714,0.020,0.515,0.751
2026-02-17T20:06:25.306,28715,-0.007,0.046,0.900
2026-02-17T20:06:25.306,28716,-0.124,-0.067,1.073
2026-02-17T20:06:25.365,28718,-0.374,-0.256,1.256
2026-02-17T20:06:25.366,28719,-0.426,-0.082,0.862
2026-02-17T20:06:25.367,28720,-0.430,0.056,0.818
2026-02-17T20:06:25.425,28722,-0.217,0.078,0.930
2026-02-17T20:06:25.426,28723,0.119,-0.019,1.029
2026-02-17T20:06:25.426,28724,0.248,0.040,0.967
2026-02-17T20:06:25.485,28726,0.579,-0.329,0.819
2026-02-17T20:06:25.485,28727,0.528,-0.837,0.673
2026-02-17T20:06:25.487,28728,0.437,-0.987,0.831
2026-02-17T20:06:25.604,28730,0.005,-1.038,1.081
2026-02-17T20:06:25.606,28731,-0.648,-1.118,1.203
2026-02-17T20:06:25.607,28732,-0.776,-1.013,1.390
2026-02-17T20:06:25.607,28734,-0.851,-0.805,1.896
2026-02-17T20:06:25.664,28736,-0.566,-0.700,1.373
2026-02-17T20:06:25.665,28737,-0.074,-0.923,0.834
2026-02-17T20:06:25.665,28738,0.116,-0.920,0.967
2026-02-17T20:06:25.725,28740,-0.051,-1.162,1.323
2026-02-17T20:06:25.725,28741,-0.037,-0.935,1.558
2026-02-17T20:06:25.725,28742,0.022,-0.870,1.353
2026-02-17T20:06:25.784,28744,0.130,-0.671,0.792
2026-02-17T20:06:25.786,28745,0.112,-0.235,0.357
2026-02-17T20:06:25.786,28746,0.050,0.041,0.315
2026-02-17T20:06:25.845,28748,0.120,0.403,0.577
2026-02-17T20:06:25.845,28749,-0.034,0.488,0.886
2026-02-17T20:06:25.847,28750,-0.062,0.560,1.031
2026-02-17T20:06:25.905,28752,-0.144,0.831,0.963
2026-02-17T20:06:25.906,28753,-0.384,0.921,0.860
2026-02-17T20:06:25.906,28754,-0.371,0.980,0.893
2026-02-17T20:06:25.965,28756,-0.285,1.067,0.953
2026-02-17T20:06:25.966,28757,-0.159,1.134,1.052
2026-02-17T20:06:25.967,28758,-0.035,1.241,1.169
2026-02-17T20:06:26.025,28760,0.226,1.421,1.241
2026-02-17T20:06:26.026,28761,0.261,1.305,1.026
2026-02-17T20:06:26.026,28762,0.245,1.179,0.886
2026-02-17T20:06:26.085,28764,0.138,0.968,0.734
2026-02-17T20:06:26.086,28765,-0.114,0.832,0.825
2026-02-17T20:06:26.086,28766,-0.181,0.849,0.955
2026-02-17T20:06:26.145,28768,-0.146,0.803,1.184
2026-02-17T20:06:26.146,28769,-0.029,0.840,0.956
2026-02-17T20:06:26.205,28770,0.123,0.671,0.752
2026-02-17T20:06:26.206,28772,0.455,0.110,0.420
2026-02-17T20:06:26.206,28773,0.512,-0.643,0.330
2026-02-17T20:06:26.207,28774,0.384,-0.964,0.373
2026-02-17T20:06:26.265,28776,0.074,-1.375,0.894
2026-02-17T20:06:26.265,28777,0.727,-1.534,1.090
2026-02-17T20:06:26.266,28778,0.836,-1.552,1.036
2026-02-17T20:06:26.325,28780,0.211,-1.452,1.161
2026-02-17T20:06:26.326,28781,-0.894,-1.385,1.578
2026-02-17T20:06:26.326,28782,-1.276,-1.377,1.639
2026-02-17T20:06:26.385,28784,-0.941,-1.191,1.659
2026-02-17T20:06:26.385,28785,-0.390,-1.122,1.591
2026-02-17T20:06:26.385,28786,-0.111,-1.131,1.486
2026-02-17T20:06:26.445,28788,0.165,-1.184,1.176
2026-02-17T20:06:26.445,28789,0.210,-1.230,0.973
2026-02-17T20:06:26.446,28790,0.152,-1.184,0.888
2026-02-17T20:06:26.505,28792,-0.024,-0.833,0.822
2026-02-17T20:06:26.506,28793,0.083,-0.474,0.756
2026-02-17T20:06:26.506,28794,0.148,-0.381,0.678
2026-02-17T20:06:26.565,28796,0.115,0.009,0.547
2026-02-17T20:06:26.566,28797,0.110,0.304,0.546
2026-02-17T20:06:26.566,28798,0.080,0.419,0.646
2026-02-17T20:06:26.625,28800,0.045,0.725,0.941
2026-02-17T20:06:26.625,28801,0.075,0.874,1.081
2026-02-17T20:06:26.627,28802,0.091,0.958,1.110
2026-02-17T20:06:26.685,28804,0.175,1.110,1.068
2026-02-17T20:06:26.685,28805,0.113,1.244,0.856
2026-02-17T20:06:26.685,28806,0.058,1.281,0.759
2026-02-17T20:06:26.745,28808,-0.052,1.214,0.744
2026-02-17T20:06:26.746,28809,-0.058,1.110,0.972
2026-02-17T20:06:26.746,28810,0.014,1.093,1.091
2026-02-17T20:06:26.805,28812,0.055,1.049,1.009
2026-02-17T20:06:26.806,28813,0.022,0.884,0.718
2026-02-17T20:06:26.807,28814,0.053,0.831,0.683
2026-02-17T20:06:26.866,28816,0.109,0.785,0.739
2026-02-17T20:06:26.867,28817,-0.009,0.793,0.819
2026-02-17T20:06:26.867,28818,-0.121,0.789,0.963
2026-02-17T20:06:26.925,28820,-0.102,0.803,1.229
2026-02-17T20:06:26.926,28821,-0.063,0.660,1.029
2026-02-17T20:06:26.926,28822,-0.003,0.489,0.839
2026-02-17T20:06:26.985,28824,0.138,0.090,0.512
2026-02-17T20:06:26.986,28825,0.179,-0.161,0.498
2026-02-17T20:06:26.986,28826,0.236,-0.339,0.572
2026-02-17T20:06:27.045,28829,0.421,-1.194,0.942
2026-02-17T20:06:27.045,28830,0.550,-1.469,0.921
2026-02-17T20:06:27.046,28831,0.458,-1.590,0.914
2026-02-17T20:06:27.105,28833,-0.128,-1.642,1.041
2026-02-17T20:06:27.106,28834,-1.411,-1.495,1.870
2026-02-17T20:06:27.106,28835,-1.842,-1.421,2.296
2026-02-17T20:06:27.166,28837,-1.603,-1.040,2.282
2026-02-17T20:06:27.166,28838,-0.511,-1.055,0.972
2026-02-17T20:06:27.167,28839,-0.289,-1.022,0.618
2026-02-17T20:06:27.225,28841,-0.007,-1.017,0.873
2026-02-17T20:06:27.225,28842,-0.078,-0.983,1.210
2026-02-17T20:06:27.227,28843,0.014,-0.957,1.197
2026-02-17T20:06:27.284,28845,-0.086,-0.940,0.943
2026-02-17T20:06:27.285,28846,-0.192,-0.630,0.742
2026-02-17T20:06:27.286,28847,-0.122,-0.402,0.749
2026-02-17T20:06:27.345,28849,0.155,-0.009,0.792
2026-02-17T20:06:27.345,28850,0.233,0.320,0.792
2026-02-17T20:06:27.345,28851,0.184,0.489,0.834
2026-02-17T20:06:27.405,28853,0.090,0.750,1.047
2026-02-17T20:06:27.406,28854,0.168,0.864,1.196
2026-02-17T20:06:27.406,28855,0.146,0.891,1.145
2026-02-17T20:06:27.464,28857,0.065,0.969,0.996
2026-02-17T20:06:27.466,28858,0.012,1.049,0.929
2026-02-17T20:06:27.466,28859,-0.003,1.105,0.920
2026-02-17T20:06:27.525,28861,-0.055,1.114,0.809
2026-02-17T20:06:27.525,28862,-0.089,1.053,0.715
2026-02-17T20:06:27.526,28863,-0.150,0.968,0.739
2026-02-17T20:06:27.585,28865,-0.210,0.924,0.935
2026-02-17T20:06:27.586,28866,-0.211,0.873,1.053
2026-02-17T20:06:27.586,28867,-0.179,0.805,1.047
2026-02-17T20:06:27.644,28869,-0.055,0.712,0.890
2026-02-17T20:06:27.646,28870,0.032,0.702,0.735
2026-02-17T20:06:27.647,28871,0.058,0.667,0.731
2026-02-17T20:06:27.705,28873,0.098,0.565,0.780
2026-02-17T20:06:27.705,28874,0.013,0.243,0.947
2026-02-17T20:06:27.706,28875,-0.017,0.136,1.035
2026-02-17T20:06:27.765,28877,-0.097,-0.122,1.176
2026-02-17T20:06:27.766,28878,0.136,-0.458,0.821
2026-02-17T20:06:27.766,28879,0.162,-0.578,0.630
2026-02-17T20:06:27.825,28881,0.435,-1.019,0.697
2026-02-17T20:06:27.825,28882,0.528,-1.303,0.827
2026-02-17T20:06:27.826,28883,0.433,-1.405,0.779
2026-02-17T20:06:27.885,28885,0.064,-1.677,0.742
2026-02-17T20:06:27.886,28886,-0.617,-1.472,1.254
2026-02-17T20:06:27.886,28887,-1.022,-1.327,1.531
2026-02-17T20:06:27.945,28889,-1.383,-1.107,1.818
2026-02-17T20:06:27.945,28890,-0.549,-0.913,1.438
2026-02-17T20:06:27.947,28891,-0.196,-0.897,1.213
2026-02-17T20:06:28.005,28893,0.162,-0.864,0.838
2026-02-17T20:06:28.006,28894,0.126,-0.866,0.948
2026-02-17T20:06:28.006,28895,0.062,-0.898,0.957
2026-02-17T20:06:28.065,28897,-0.092,-1.079,0.904
2026-02-17T20:06:28.065,28898,-0.339,-0.946,0.885
2026-02-17T20:06:28.067,28899,-0.268,-0.776,0.857
2026-02-17T20:06:28.125,28901,-0.115,-0.515,0.693
2026-02-17T20:06:28.126,28902,0.141,-0.166,0.717
2026-02-17T20:06:28.127,28903,0.150,0.030,0.687
2026-02-17T20:06:28.185,28905,-0.162,0.497,0.692
2026-02-17T20:06:28.185,28906,-0.295,0.684,0.962
2026-02-17T20:06:28.185,28907,-0.359,0.669,1.143
2026-02-17T20:06:28.246,28909,-0.192,0.737,1.346
2026-02-17T20:06:28.246,28910,-0.079,0.864,1.177
2026-02-17T20:06:28.247,28911,-0.009,0.966,1.067
2026-02-17T20:06:28.305,28913,0.095,1.062,0.991
2026-02-17T20:06:28.306,28914,0.128,1.119,0.896
2026-02-17T20:06:28.306,28915,0.061,1.113,0.838
2026-02-17T20:06:28.365,28917,-0.080,0.995,0.961
2026-02-17T20:06:28.365,28918,-0.130,0.869,1.287
2026-02-17T20:06:28.366,28919,-0.131,0.836,1.383
2026-02-17T20:06:28.425,28921,-0.060,0.796,1.167
2026-02-17T20:06:28.425,28922,-0.033,0.723,0.772
2026-02-17T20:06:28.426,28923,-0.015,0.654,0.731
2026-02-17T20:06:28.486,28925,0.001,0.608,0.707
2026-02-17T20:06:28.486,28926,-0.040,0.509,0.694
2026-02-17T20:06:28.487,28927,0.014,0.402,0.732
2026-02-17T20:06:28.544,28929,0.142,0.291,0.752
2026-02-17T20:06:28.546,28930,0.240,0.111,0.685
2026-02-17T20:06:28.546,28931,0.253,-0.160,0.662
2026-02-17T20:06:28.604,28933,0.678,-1.212,0.675
2026-02-17T20:06:28.606,28934,0.989,-2.490,0.314
2026-02-17T20:06:28.606,28935,0.672,-2.416,0.248
2026-02-17T20:06:28.665,28937,-0.346,-1.852,1.255
2026-02-17T20:06:28.666,28938,-1.709,-1.436,2.888
2026-02-17T20:06:28.666,28939,-1.555,-1.116,2.956
2026-02-17T20:06:28.725,28941,-0.263,-0.892,1.729
2026-02-17T20:06:28.725,28942,0.156,-0.700,0.483
2026-02-17T20:06:28.726,28943,-0.032,-0.776,0.746
2026-02-17T20:06:28.785,28945,-0.193,-1.003,1.144
2026-02-17T20:06:28.786,28946,-0.068,-1.165,1.034
2026-02-17T20:06:28.786,28947,-0.036,-1.209,0.851
2026-02-17T20:06:28.845,28949,0.040,-0.870,0.564
2026-02-17T20:06:28.905,28950,0.057,-0.689,0.826
2026-02-17T20:06:28.906,28951,0.025,-0.559,1.098
2026-02-17T20:06:28.906,28953,0.107,-0.102,1.338
2026-02-17T20:06:28.906,28954,0.088,0.350,0.798
2026-02-17T20:06:28.964,28956,-0.095,0.507,0.481
2026-02-17T20:06:28.965,28957,-0.021,0.701,0.982
2026-02-17T20:06:28.966,28958,-0.034,0.850,1.247
2026-02-17T20:06:29.025,28961,0.037,0.994,1.203
2026-02-17T20:06:29.026,28962,0.018,1.078,1.081
2026-02-17T20:06:29.027,28963,0.029,1.118,1.049
2026-02-17T20:06:29.086,28965,-0.051,1.201,1.006
2026-02-17T20:06:29.086,28966,-0.049,1.248,1.065
2026-02-17T20:06:29.087,28967,0.003,1.254,1.068
2026-02-17T20:06:29.145,28969,-0.091,1.183,1.004
2026-02-17T20:06:29.146,28970,0.028,1.160,1.040
2026-02-17T20:06:29.146,28971,0.046,1.088,0.980
2026-02-17T20:06:29.205,28973,0.004,0.867,0.884
2026-02-17T20:06:29.206,28974,-0.013,0.616,0.898
2026-02-17T20:06:29.206,28975,-0.080,0.461,0.954
2026-02-17T20:06:29.265,28978,-0.004,0.170,1.236
2026-02-17T20:06:29.265,28979,0.355,-0.330,0.892
2026-02-17T20:06:29.265,28980,0.663,-0.625,0.542
2026-02-17T20:06:29.386,28982,0.996,-1.292,-0.011
2026-02-17T20:06:29.387,28983,0.420,-2.164,0.704
2026-02-17T20:06:29.387,28984,-0.068,-2.213,1.319
2026-02-17T20:06:29.388,28986,-0.975,-1.825,2.045
2026-02-17T20:06:29.445,28988,-1.195,-1.372,1.707
2026-02-17T20:06:29.446,28989,-0.197,-1.314,1.178
2026-02-17T20:06:29.446,28990,-0.086,-1.381,1.084
2026-02-17T20:06:29.505,28992,-0.078,-1.443,0.950
2026-02-17T20:06:29.505,28993,-0.095,-1.208,0.826
2026-02-17T20:06:29.507,28994,-0.146,-0.984,0.790
2026-02-17T20:06:29.565,28996,-0.185,-0.361,0.866
2026-02-17T20:06:29.566,28997,-0.076,0.039,0.597
2026-02-17T20:06:29.567,28998,0.002,0.167,0.402
2026-02-17T20:06:29.625,29000,0.064,0.436,0.376
2026-02-17T20:06:29.625,29001,-0.046,0.752,0.681
2026-02-17T20:06:29.627,29002,-0.071,0.783,0.865
2026-02-17T20:06:29.685,29004,-0.036,0.919,1.303
2026-02-17T20:06:29.685,29005,0.131,1.122,1.438
2026-02-17T20:06:29.686,29006,0.198,1.222,1.388
2026-02-17T20:06:29.744,29008,0.151,1.378,1.138
2026-02-17T20:06:29.746,29009,0.160,1.409,1.193
2026-02-17T20:06:29.746,29010,0.169,1.331,1.213
2026-02-17T20:06:29.804,29012,0.144,1.088,1.160
2026-02-17T20:06:29.865,29013,0.138,0.915,1.040
2026-02-17T20:06:29.867,29014,0.183,0.910,1.029
2026-02-17T20:06:29.867,29016,0.103,0.722,0.912
2026-02-17T20:06:29.925,29018,-0.049,0.555,0.942
2026-02-17T20:06:29.925,29019,-0.196,0.305,1.321
2026-02-17T20:06:29.926,29020,-0.188,0.072,1.343
2026-02-17T20:06:29.984,29022,-0.131,-0.124,1.091
2026-02-17T20:06:29.986,29023,0.143,-0.446,0.561
2026-02-17T20:06:29.986,29024,0.355,-0.736,0.464
2026-02-17T20:06:30.045,29026,0.589,-0.869,0.454
2026-02-17T20:06:30.046,29027,0.180,-1.448,0.660
2026-02-17T20:06:30.046,29028,-0.153,-1.636,0.835
2026-02-17T20:06:30.105,29030,-0.839,-1.855,1.458
2026-02-17T20:06:30.106,29031,-1.001,-1.637,1.902
2026-02-17T20:06:30.106,29032,-0.886,-1.444,1.984
2026-02-17T20:06:30.165,29034,-0.652,-1.217,1.580
2026-02-17T20:06:30.166,29035,-0.137,-1.206,0.898
2026-02-17T20:06:30.166,29036,0.087,-1.189,0.683
2026-02-17T20:06:30.225,29038,0.276,-1.240,0.792
2026-02-17T20:06:30.225,29039,0.195,-1.102,0.845
2026-02-17T20:06:30.225,29040,0.106,-0.965,0.875
2026-02-17T20:06:30.284,29042,0.052,-0.482,0.798
2026-02-17T20:06:30.286,29043,0.063,-0.007,0.508
2026-02-17T20:06:30.286,29044,0.059,0.174,0.448
2026-02-17T20:06:30.345,29046,0.094,0.292,0.659
2026-02-17T20:06:30.346,29047,0.183,0.446,0.976
2026-02-17T20:06:30.346,29048,0.160,0.580,1.127
2026-02-17T20:06:30.405,29051,0.080,0.965,1.288
2026-02-17T20:06:30.406,29052,0.001,1.101,1.317
2026-02-17T20:06:30.406,29053,-0.044,1.166,1.326
2026-02-17T20:06:30.465,29055,-0.103,1.047,1.234
2026-02-17T20:06:30.465,29056,-0.159,0.982,1.317
2026-02-17T20:06:30.466,29057,-0.211,1.001,1.453
2026-02-17T20:06:30.525,29059,-0.186,0.928,1.601
2026-02-17T20:06:30.525,29060,-0.152,0.794,1.129
2026-02-17T20:06:30.526,29061,-0.164,0.748,0.948
2026-02-17T20:06:30.585,29063,-0.109,0.705,0.799
2026-02-17T20:06:30.585,29064,-0.016,0.738,0.796
2026-02-17T20:06:30.586,29065,-0.022,0.772,0.792
2026-02-17T20:06:30.645,29067,-0.019,0.825,0.765
2026-02-17T20:06:30.646,29068,0.131,0.705,0.918
2026-02-17T20:06:30.646,29069,0.197,0.628,0.894
2026-02-17T20:06:30.705,29071,0.232,0.469,0.658
2026-02-17T20:06:30.765,29072,0.046,0.099,0.672
2026-02-17T20:06:30.766,29073,0.061,-0.110,0.825
2026-02-17T20:06:30.766,29075,0.170,-0.554,0.949
2026-02-17T20:06:30.767,29076,0.452,-1.137,0.406
2026-02-17T20:06:30.825,29078,0.700,-1.684,0.207
2026-02-17T20:06:30.825,29079,-0.105,-1.463,1.504
2026-02-17T20:06:30.826,29080,-0.756,-1.369,1.790
2026-02-17T20:06:30.885,29082,-1.900,-1.346,1.997
2026-02-17T20:06:30.886,29083,-1.319,-1.063,2.058
2026-02-17T20:06:30.886,29084,-0.940,-1.013,1.869
2026-02-17T20:06:30.945,29086,-0.348,-1.152,1.464
2026-02-17T20:06:30.946,29087,-0.073,-1.259,1.205
2026-02-17T20:06:30.946,29088,-0.032,-1.291,1.152
2026-02-17T20:06:31.005,29091,-0.037,-1.006,1.051
2026-02-17T20:06:31.005,29092,-0.057,-0.768,1.011
2026-02-17T20:06:31.007,29093,-0.079,-0.586,1.179
2026-02-17T20:06:31.065,29095,0.214,-0.073,1.147
2026-02-17T20:06:31.066,29096,0.036,0.587,0.264
2026-02-17T20:06:31.066,29097,-0.092,0.699,0.052
2026-02-17T20:06:31.125,29099,-0.148,0.905,0.240
2026-02-17T20:06:31.126,29100,0.025,0.996,0.664
2026-02-17T20:06:31.126,29101,0.033,1.046,0.943
2026-02-17T20:06:31.185,29103,0.030,1.347,1.137
2026-02-17T20:06:31.185,29104,-0.034,1.480,1.010
2026-02-17T20:06:31.186,29105,-0.033,1.510,1.040
2026-02-17T20:06:31.245,29107,0.044,1.585,1.092
2026-02-17T20:06:31.246,29108,0.113,1.628,0.768
2026-02-17T20:06:31.246,29109,0.094,1.525,0.699
2026-02-17T20:06:31.305,29111,0.087,1.211,0.452
2026-02-17T20:06:31.306,29112,0.093,1.071,0.520
2026-02-17T20:06:31.306,29113,0.033,1.045,0.555
2026-02-17T20:06:31.365,29115,-0.081,1.041,0.913
2026-02-17T20:06:31.425,29116,-0.097,0.918,1.429
2026-02-17T20:06:31.485,29117,-0.068,0.753,1.685
2026-02-17T20:06:31.486,29119,0.100,0.461,1.655
2026-02-17T20:06:31.486,29120,0.413,-0.571,0.659
2026-02-17T20:06:31.486,29122,0.746,-1.672,-0.157
2026-02-17T20:06:31.544,29124,0.300,-2.185,1.026
2026-02-17T20:06:31.605,29125,-2.168,-1.571,2.922
2026-02-17T20:06:31.606,29126,-1.914,-1.172,2.859
2026-02-17T20:06:31.606,29128,-0.528,-1.091,1.459
2026-02-17T20:06:31.606,29129,0.212,-1.049,0.608
2026-02-17T20:06:31.664,29131,0.122,-1.077,0.768
2026-02-17T20:06:31.666,29132,-0.107,-1.084,1.088
2026-02-17T20:06:31.667,29133,-0.103,-1.020,0.960
2026-02-17T20:06:31.725,29135,-0.120,-0.677,0.793
2026-02-17T20:06:31.726,29136,0.035,-0.138,0.797
2026-02-17T20:06:31.726,29137,0.009,0.115,0.692
2026-02-17T20:06:31.785,29139,-0.079,0.451,0.419
2026-02-17T20:06:31.786,29140,-0.024,0.716,0.485
2026-02-17T20:06:31.787,29141,-0.051,0.817,0.692
2026-02-17T20:06:31.845,29143,0.182,1.134,1.016
2026-02-17T20:06:31.845,29144,0.075,1.578,0.857
2026-02-17T20:06:31.846,29145,-0.016,1.588,0.808
2026-02-17T20:06:31.905,29147,-0.070,1.490,0.950
2026-02-17T20:06:31.906,29148,-0.050,1.332,1.044
2026-02-17T20:06:31.906,29149,-0.040,1.206,0.992
2026-02-17T20:06:31.966,29151,0.059,1.130,1.003
2026-02-17T20:06:31.966,29152,0.108,1.238,0.959
2026-02-17T20:06:31.966,29153,0.065,1.269,0.851
2026-02-17T20:06:32.025,29155,-0.009,1.090,0.765
2026-02-17T20:06:32.085,29156,0.061,0.879,0.948
2026-02-17T20:06:32.085,29157,0.107,0.781,0.993
2026-02-17T20:06:32.085,29159,0.057,0.589,0.924
2026-02-17T20:06:32.087,29160,0.104,0.406,0.841
2026-02-17T20:06:32.145,29162,0.249,-0.027,0.687
2026-02-17T20:06:32.146,29163,0.294,-0.886,0.386
2026-02-17T20:06:32.146,29164,0.293,-1.188,0.547
2026-02-17T20:06:32.205,29166,0.440,-1.818,0.756
2026-02-17T20:06:32.205,29167,0.346,-1.714,0.843
2026-02-17T20:06:32.206,29168,0.053,-1.573,0.967
2026-02-17T20:06:32.265,29170,-0.997,-1.447,1.813
2026-02-17T20:06:32.265,29171,-1.627,-1.130,2.625
2026-02-17T20:06:32.266,29172,-1.226,-1.006,2.434
2026-02-17T20:06:32.325,29174,-0.299,-1.179,1.513
2026-02-17T20:06:32.326,29175,-0.051,-1.211,0.966
2026-02-17T20:06:32.326,29176,-0.014,-1.258,0.950
2026-02-17T20:06:32.385,29178,-0.025,-1.286,1.235
2026-02-17T20:06:32.386,29179,-0.002,-1.071,1.044
2026-02-17T20:06:32.386,29180,-0.017,-0.854,0.858
2026-02-17T20:06:32.445,29182,0.021,-0.395,0.941
2026-02-17T20:06:32.505,29183,0.338,-0.007,0.714
2026-02-17T20:06:32.506,29184,0.462,0.189,0.458
2026-02-17T20:06:32.506,29186,0.281,0.641,0.000
2026-02-17T20:06:32.507,29187,0.059,0.897,0.215
2026-02-17T20:06:32.565,29189,-0.061,1.086,0.746
2026-02-17T20:06:32.565,29190,-0.162,1.376,1.034
2026-02-17T20:06:32.567,29191,-0.244,1.416,0.910
2026-02-17T20:06:32.625,29193,-0.300,1.410,0.863
2026-02-17T20:06:32.626,29194,-0.223,1.350,1.072
2026-02-17T20:06:32.626,29195,-0.197,1.299,1.138
2026-02-17T20:06:32.745,29197,-0.097,1.159,1.010
2026-02-17T20:06:32.745,29198,-0.053,0.986,0.632
2026-02-17T20:06:32.745,29199,-0.043,0.872,0.618
2026-02-17T20:06:32.746,29201,-0.070,0.770,0.519
2026-02-17T20:06:32.805,29203,-0.223,0.644,0.859
2026-02-17T20:06:32.806,29204,-0.080,0.692,0.988
2026-02-17T20:06:32.806,29205,-0.090,0.637,0.851
2026-02-17T20:06:32.865,29207,0.131,0.280,0.839
2026-02-17T20:06:32.866,29208,0.508,-0.191,0.777
2026-02-17T20:06:32.866,29209,0.556,-0.426,0.625
2026-02-17T20:06:32.925,29211,0.489,-1.122,0.449
2026-02-17T20:06:32.925,29212,0.272,-1.579,0.807
2026-02-17T20:06:32.926,29213,0.070,-1.687,1.125
2026-02-17T20:06:32.985,29215,-0.678,-1.738,1.870
2026-02-17T20:06:32.986,29216,-1.203,-1.279,2.236
2026-02-17T20:06:32.986,29217,-1.283,-1.175,2.104
2026-02-17T20:06:33.045,29220,-0.565,-0.976,1.217
2026-02-17T20:06:33.046,29221,-0.287,-0.858,0.851
2026-02-17T20:06:33.046,29222,-0.228,-0.888,0.754
2026-02-17T20:06:33.105,29224,-0.109,-0.911,1.014
2026-02-17T20:06:33.106,29225,-0.059,-1.015,1.168
2026-02-17T20:06:33.106,29226,-0.082,-1.063,1.139
2026-02-17T20:06:33.165,29228,-0.158,-0.890,0.915
2026-02-17T20:06:33.225,29229,-0.096,-0.452,0.655
2026-02-17T20:06:33.226,29230,-0.021,-0.280,0.675
2026-02-17T20:06:33.226,29232,0.025,-0.162,0.660
2026-02-17T20:06:33.226,29233,-0.100,0.220,0.732
2026-02-17T20:06:33.285,29235,-0.064,0.793,0.971
2026-02-17T20:06:33.286,29236,0.102,0.998,1.220
2026-02-17T20:06:33.287,29237,0.111,1.118,1.194
2026-02-17T20:06:33.405,29239,0.065,1.362,1.026
2026-02-17T20:06:33.405,29240,-0.070,1.376,0.865
2026-02-17T20:06:33.406,29241,-0.121,1.332,0.884
2026-02-17T20:06:33.407,29243,-0.200,1.130,1.140
2026-02-17T20:06:33.465,29245,-0.043,0.911,1.080
2026-02-17T20:06:33.466,29246,-0.174,0.803,0.770
2026-02-17T20:06:33.466,29247,-0.204,0.761,0.811
2026-02-17T20:06:33.525,29249,-0.210,0.751,0.836
2026-02-17T20:06:33.526,29250,-0.107,0.729,0.814
2026-02-17T20:06:33.527,29251,-0.017,0.717,0.793
2026-02-17T20:06:33.585,29254,0.019,0.574,1.050
2026-02-17T20:06:33.586,29255,0.055,0.353,1.218
2026-02-17T20:06:33.586,29256,0.135,0.202,1.182
2026-02-17T20:06:33.645,29258,0.354,-0.295,0.680
2026-02-17T20:06:33.645,29259,0.356,-1.044,0.033
2026-02-17T20:06:33.645,29260,0.254,-1.419,0.133
2026-02-17T20:06:33.705,29262,0.033,-1.652,1.048
2026-02-17T20:06:33.706,29263,-0.064,-1.491,1.574
2026-02-17T20:06:33.706,29264,-0.437,-1.461,1.774
2026-02-17T20:06:33.765,29266,-1.388,-1.165,1.895
2026-02-17T20:06:33.766,29267,-1.865,-1.122,1.865
2026-02-17T20:06:33.767,29268,-1.487,-0.989,1.659
2026-02-17T20:06:33.824,29270,-0.452,-0.821,1.007
2026-02-17T20:06:33.826,29271,0.052,-0.859,1.032
2026-02-17T20:06:33.826,29272,0.081,-0.900,1.146
2026-02-17T20:06:33.885,29274,-0.092,-1.069,1.139
2026-02-17T20:06:33.945,29275,-0.361,-1.310,1.053
2026-02-17T20:06:33.946,29276,-0.447,-1.186,1.066
2026-02-17T20:06:33.946,29278,-0.125,-0.720,0.928
2026-02-17T20:06:33.946,29279,0.008,-0.119,0.586
2026-02-17T20:06:34.005,29281,0.008,0.222,0.232
2026-02-17T20:06:34.006,29282,0.149,0.717,0.732
2026-02-17T20:06:34.006,29283,0.098,0.829,0.806
2026-02-17T20:06:34.064,29285,0.043,1.027,0.852
2026-02-17T20:06:34.125,29286,0.003,1.095,0.897
2026-02-17T20:06:34.126,29287,0.024,1.117,0.955
2026-02-17T20:06:34.127,29289,0.056,1.107,1.107
2026-02-17T20:06:34.127,29290,-0.045,1.158,1.344
2026-02-17T20:06:34.185,29292,0.028,1.101,1.476
2026-02-17T20:06:34.185,29293,0.055,0.826,1.120
2026-02-17T20:06:34.185,29294,0.055,0.753,1.006
2026-02-17T20:06:34.244,29296,-0.031,0.674,0.812
2026-02-17T20:06:34.245,29297,-0.263,0.576,0.782
2026-02-17T20:06:34.245,29298,-0.309,0.563,0.933
2026-02-17T20:06:34.365,29300,-0.192,0.505,1.371
2026-02-17T20:06:34.366,29301,0.005,0.429,1.012
2026-02-17T20:06:34.366,29302,0.028,0.272,0.821
2026-02-17T20:06:34.367,29304,0.065,0.034,0.811
2026-02-17T20:06:34.425,29306,0.250,-0.190,0.986
2026-02-17T20:06:34.425,29307,0.463,-1.222,0.708
2026-02-17T20:06:34.427,29308,0.552,-1.364,0.796
2026-02-17T20:06:34.545,29310,0.234,-1.377,1.107
2026-02-17T20:06:34.546,29311,-1.015,-1.464,1.307
2026-02-17T20:06:34.546,29312,-1.461,-1.449,1.521
2026-02-17T20:06:34.546,29314,-1.562,-1.288,1.977
2026-02-17T20:06:34.605,29316,-0.388,-1.071,1.382
2026-02-17T20:06:34.606,29317,0.306,-1.001,0.979
2026-02-17T20:06:34.607,29318,0.288,-1.034,1.033
2026-02-17T20:06:34.664,29320,0.130,-0.745,0.944
2026-02-17T20:06:34.725,29321,-0.062,-0.491,0.805
2026-02-17T20:06:34.726,29322,0.018,-0.328,0.858
2026-02-17T20:06:34.726,29324,0.215,0.080,0.888
2026-02-17T20:06:34.726,29325,0.102,0.680,0.572
2026-02-17T20:06:34.786,29327,-0.073,0.887,0.434
2026-02-17T20:06:34.786,29328,-0.249,0.795,0.568
2026-02-17T20:06:34.787,29329,-0.362,0.822,0.683
2026-02-17T20:06:34.845,29331,-0.469,0.768,0.928
2026-02-17T20:06:34.846,29332,-0.583,0.866,1.193
2026-02-17T20:06:34.846,29333,-0.610,0.914,1.267
2026-02-17T20:06:34.905,29335,-0.516,0.917,1.269
2026-02-17T20:06:34.906,29336,-0.318,0.901,1.097
2026-02-17T20:06:34.906,29337,-0.296,0.915,1.027
2026-02-17T20:06:34.965,29339,-0.331,0.827,1.004
2026-02-17T20:06:34.966,29340,-0.379,0.566,1.013
2026-02-17T20:06:34.966,29341,-0.400,0.457,1.014
2026-02-17T20:06:35.025,29343,-0.406,0.537,1.055
2026-02-17T20:06:35.026,29344,-0.428,0.752,1.095
2026-02-17T20:06:35.026,29345,-0.426,0.852,1.122
2026-02-17T20:06:35.085,29347,-0.305,0.853,1.213
2026-02-17T20:06:35.085,29348,0.075,0.541,0.978
2026-02-17T20:06:35.145,29349,0.174,0.450,0.739
2026-02-17T20:06:35.146,29351,0.379,0.351,0.386
2026-02-17T20:06:35.146,29352,0.470,-0.291,0.571
2026-02-17T20:06:35.147,29353,0.591,-0.560,0.757
2026-02-17T20:06:35.205,29355,0.691,-0.952,0.767
2026-02-17T20:06:35.205,29356,0.415,-1.441,0.635
2026-02-17T20:06:35.207,29357,0.081,-1.733,0.878
2026-02-17T20:06:35.265,29359,-0.445,-1.430,1.987
2026-02-17T20:06:35.266,29360,-1.294,-1.168,2.511
2026-02-17T20:06:35.266,29361,-1.780,-1.190,2.565
2026-02-17T20:06:35.325,29363,-1.449,-1.229,1.680
2026-02-17T20:06:35.326,29364,-0.284,-1.109,0.871
2026-02-17T20:06:35.326,29365,0.017,-0.973,0.781
2026-02-17T20:06:35.385,29367,0.076,-0.966,0.851
2026-02-17T20:06:35.386,29368,-0.055,-1.065,0.839
2026-02-17T20:06:35.386,29369,-0.134,-1.009,0.791
2026-02-17T20:06:35.445,29371,-0.153,-0.591,0.593
2026-02-17T20:06:35.445,29372,-0.207,-0.239,0.496
2026-02-17T20:06:35.446,29373,-0.175,-0.057,0.508
2026-02-17T20:06:35.505,29376,0.113,0.515,0.727
2026-02-17T20:06:35.505,29377,0.093,0.893,0.866
2026-02-17T20:06:35.506,29378,-0.028,1.115,0.968
2026-02-17T20:06:35.565,29380,-0.162,1.372,1.069
2026-02-17T20:06:35.565,29381,-0.230,1.395,1.229
2026-02-17T20:06:35.566,29382,-0.231,1.367,1.283
2026-02-17T20:06:35.625,29384,-0.149,1.313,1.434
2026-02-17T20:06:35.625,29385,-0.101,1.202,1.597
2026-02-17T20:06:35.627,29386,-0.093,1.144,1.693
2026-02-17T20:06:35.685,29389,-0.006,1.045,1.465
2026-02-17T20:06:35.685,29390,-0.052,0.963,1.098
2026-02-17T20:06:35.686,29391,-0.086,0.874,0.918
2026-02-17T20:06:35.745,29393,-0.157,0.724,0.950
2026-02-17T20:06:35.805,29394,-0.039,0.689,0.996
2026-02-17T20:06:35.805,29395,0.001,0.671,0.899
2026-02-17T20:06:35.805,29397,0.112,0.506,0.759
2026-02-17T20:06:35.807,29398,0.246,0.209,0.669
2026-02-17T20:06:35.864,29400,0.359,-0.354,0.350
2026-02-17T20:06:35.865,29401,0.662,-1.702,0.410
2026-02-17T20:06:35.866,29402,0.789,-1.882,0.552
2026-02-17T20:06:35.925,29404,0.363,-1.758,1.074
2026-02-17T20:06:35.985,29405,-1.586,-1.655,1.678
2026-02-17T20:06:36.045,29406,-2.343,-1.766,2.199
2026-02-17T20:06:36.045,29408,-1.580,-0.897,2.531
2026-02-17T20:06:36.046,29410,0.285,-0.584,1.067
2026-02-17T20:06:36.046,29411,0.019,-0.372,0.992
2026-02-17T20:06:36.105,29413,-0.024,-0.223,1.165
2026-02-17T20:06:36.106,29414,-0.306,-0.078,0.641
2026-02-17T20:06:36.106,29415,-0.290,-0.003,0.570
2026-02-17T20:06:36.165,29417,0.048,0.355,0.645
2026-02-17T20:06:36.165,29418,0.201,0.682,0.806
2026-02-17T20:06:36.165,29419,0.149,0.760,0.843
2026-02-17T20:06:36.225,29421,0.057,0.726,0.873
2026-02-17T20:06:36.226,29422,0.050,0.671,0.719
2026-02-17T20:06:36.226,29423,0.027,0.663,0.649
2026-02-17T20:06:36.285,29425,-0.035,0.682,0.649
